row_id,label,pred,confidence,distance,crop,accepted,quality_ok,rejection_reason,source,split
0,-1,3,0.3631451310892172,0.7992445681808672,tomato,False,True,out_of_distribution,coco_stuff_negatives,field_test
0,-1,18,0.2810837218978196,0.9037640904819544,cucumber,False,True,out_of_distribution,coco_stuff_negatives,field_test
0,-1,24,0.33610028880828985,0.7692255300566425,pepper,False,True,out_of_distribution,coco_stuff_negatives,field_test
0,-1,31,0.535617914339936,0.8780662397910006,eggplant,False,True,out_of_distribution,coco_stuff_negatives,field_test
0,-1,35,0.5209226427444895,0.7926788429991996,strawberry,False,True,out_of_distribution,coco_stuff_negatives,field_test
1,-1,0,0.0,,tomato,False,False,camera_obscured,coco_stuff_negatives,field_test
1,-1,0,0.0,,cucumber,False,False,camera_obscured,coco_stuff_negatives,field_test
1,-1,0,0.0,,pepper,False,False,camera_obscured,coco_stuff_negatives,field_test
1,-1,0,0.0,,eggplant,False,False,camera_obscured,coco_stuff_negatives,field_test
1,-1,0,0.0,,strawberry,False,False,camera_obscured,coco_stuff_negatives,field_test
2,-1,2,0.31702530873858337,0.8227454708620657,tomato,False,True,out_of_distribution,coco_stuff_negatives,field_test
2,-1,13,0.2969318059487764,0.897759850288473,cucumber,False,True,out_of_distribution,coco_stuff_negatives,field_test
2,-1,22,0.37984454076242746,0.9240859762088083,pepper,False,True,out_of_distribution,coco_stuff_negatives,field_test
2,-1,31,0.4386171432971124,0.9238483875888992,eggplant,False,True,out_of_distribution,coco_stuff_negatives,field_test
2,-1,38,0.43981715600635884,0.798394658268708,strawberry,False,True,out_of_distribution,coco_stuff_negatives,field_test
3,-1,0,0.0,,tomato,False,False,camera_obscured,coco_stuff_negatives,field_test
3,-1,0,0.0,,cucumber,False,False,camera_obscured,coco_stuff_negatives,field_test
3,-1,0,0.0,,pepper,False,False,camera_obscured,coco_stuff_negatives,field_test
3,-1,0,0.0,,eggplant,False,False,camera_obscured,coco_stuff_negatives,field_test
3,-1,0,0.0,,strawberry,False,False,camera_obscured,coco_stuff_negatives,field_test
4,-1,0,0.41996537842771886,0.805590917032853,tomato,False,True,out_of_distribution,coco_stuff_negatives,field_test
4,-1,11,0.5341533502149282,0.7265512599386533,cucumber,False,True,out_of_distribution,coco_stuff_negatives,field_test
4,-1,22,0.5967508357453852,0.7816172442654644,pepper,False,True,out_of_distribution,coco_stuff_negatives,field_test
4,-1,26,0.2894027462385961,0.9207612474841846,eggplant,False,True,out_of_distribution,coco_stuff_negatives,field_test
4,-1,32,0.3901598870242228,0.7685696040422364,strawberry,False,True,out_of_distribution,coco_stuff_negatives,field_test
5,-1,0,0.8492807868368262,0.5755719017292368,tomato,False,True,out_of_distribution,coco_stuff_negatives,field_test
5,-1,15,0.5739965018199924,0.7824735752067193,cucumber,False,True,out_of_distribution,coco_stuff_negatives,field_test
5,-1,19,0.9067575679764404,0.6541871374705052,pepper,False,True,out_of_distribution,coco_stuff_negatives,field_test
5,-1,25,0.6070181529888526,0.6273206990633465,eggplant,False,True,out_of_distribution,coco_stuff_negatives,field_test
5,-1,32,0.8041391341484223,0.6047643210561938,strawberry,False,True,out_of_distribution,coco_stuff_negatives,field_test
6,-1,0,0.6729720991239541,0.7467930311118547,tomato,False,True,out_of_distribution,coco_stuff_negatives,field_test
6,-1,12,0.2731591861312699,0.9209299635302228,cucumber,False,True,out_of_distribution,coco_stuff_negatives,field_test
6,-1,19,0.5460111925494116,0.7496515954428522,pepper,False,True,out_of_distribution,coco_stuff_negatives,field_test
6,-1,29,0.35623005720434686,0.7364775433603014,eggplant,False,True,out_of_distribution,coco_stuff_negatives,field_test
6,-1,32,0.5667683496118572,0.7208946351820175,strawberry,False,True,out_of_distribution,coco_stuff_negatives,field_test
7,-1,0,0.0,,tomato,False,False,image_too_blurry,coco_stuff_negatives,field_test
7,-1,0,0.0,,cucumber,False,False,image_too_blurry,coco_stuff_negatives,field_test
7,-1,0,0.0,,pepper,False,False,image_too_blurry,coco_stuff_negatives,field_test
7,-1,0,0.0,,eggplant,False,False,image_too_blurry,coco_stuff_negatives,field_test
7,-1,0,0.0,,strawberry,False,False,image_too_blurry,coco_stuff_negatives,field_test
8,-1,6,0.6723675167183585,0.7620354474624871,tomato,False,True,out_of_distribution,coco_stuff_negatives,field_test
8,-1,13,0.5818699701277531,0.8793024794236168,cucumber,False,True,out_of_distribution,coco_stuff_negatives,field_test
8,-1,19,0.5285840088036338,0.8904488541716484,pepper,False,True,out_of_distribution,coco_stuff_negatives,field_test
8,-1,31,0.3982575294213569,0.937813461100289,eggplant,False,True,out_of_distribution,coco_stuff_negatives,field_test
8,-1,32,0.45047466463822766,0.8335588215936616,strawberry,False,True,out_of_distribution,coco_stuff_negatives,field_test
9,-1,0,0.5746092806039321,0.8256365547305574,tomato,False,True,out_of_distribution,coco_stuff_negatives,field_test
9,-1,11,0.6752136456618325,0.8258845518945088,cucumber,False,True,out_of_distribution,coco_stuff_negatives,field_test
9,-1,22,0.554555297765801,0.8675148870673267,pepper,False,True,out_of_distribution,coco_stuff_negatives,field_test
9,-1,31,0.30779912599750303,0.9814924085701032,eggplant,False,True,out_of_distribution,coco_stuff_negatives,field_test
9,-1,33,0.4489375112232331,0.8027037948020765,strawberry,False,True,out_of_distribution,coco_stuff_negatives,field_test
10,-1,6,0.6336505827260885,0.6635181836880663,tomato,False,True,out_of_distribution,coco_stuff_negatives,field_test
10,-1,15,0.3138827294401492,0.8507565282434748,cucumber,False,True,out_of_distribution,coco_stuff_negatives,field_test
10,-1,19,0.5449305089900012,0.8724245174368551,pepper,False,True,out_of_distribution,coco_stuff_negatives,field_test
10,-1,27,0.26223117124316414,0.9788895427881055,eggplant,False,True,out_of_distribution,coco_stuff_negatives,field_test
10,-1,32,0.6216641915788168,0.7939118179194486,strawberry,False,True,out_of_distribution,coco_stuff_negatives,field_test
11,-1,5,0.2570760027775893,0.8434027870356354,tomato,False,True,out_of_distribution,coco_stuff_negatives,field_test
11,-1,11,0.3431139077643885,0.8050883713297969,cucumber,False,True,out_of_distribution,coco_stuff_negatives,field_test
11,-1,24,0.27013464160566886,0.9944775948748206,pepper,False,True,out_of_distribution,coco_stuff_negatives,field_test
11,-1,27,0.25133328470482114,0.883816389959386,eggplant,False,True,out_of_distribution,coco_stuff_negatives,field_test
11,-1,33,0.3607267708038614,0.8738961265107786,strawberry,False,True,out_of_distribution,coco_stuff_negatives,field_test
12,-1,0,0.3657436236684525,0.9247500764516419,tomato,False,True,out_of_distribution,coco_stuff_negatives,field_test
12,-1,13,0.7940636430133879,0.657197742653632,cucumber,False,True,out_of_distribution,coco_stuff_negatives,field_test
12,-1,24,0.27295307496465915,0.8282407778833953,pepper,False,True,out_of_distribution,coco_stuff_negatives,field_test
12,-1,27,0.6464552352774935,0.855939498878448,eggplant,False,True,out_of_distribution,coco_stuff_negatives,field_test
12,-1,32,0.47852320641418333,0.7874589625136,strawberry,False,True,out_of_distribution,coco_stuff_negatives,field_test
13,-1,9,0.3446907767166754,0.8870119767382432,tomato,False,True,out_of_distribution,coco_stuff_negatives,field_test
13,-1,12,0.2879659152004455,0.9670489651360589,cucumber,False,True,out_of_distribution,coco_stuff_negatives,field_test
13,-1,22,0.25271186794750006,0.9244774794479772,pepper,False,True,out_of_distribution,coco_stuff_negatives,field_test
13,-1,29,0.270445952383439,1.0010722643183065,eggplant,False,True,out_of_distribution,coco_stuff_negatives,field_test
13,-1,34,0.4568541917623778,0.7548685559845956,strawberry,False,True,out_of_distribution,coco_stuff_negatives,field_test
14,-1,0,0.2940705511411031,0.8915465154611398,tomato,False,True,out_of_distribution,coco_stuff_negatives,field_test
14,-1,13,0.6763431369104362,0.6619608755054047,cucumber,False,True,out_of_distribution,coco_stuff_negatives,field_test
14,-1,19,0.34658236383607416,0.8839417437333257,pepper,False,True,out_of_distribution,coco_stuff_negatives,field_test
14,-1,27,0.45931028256145073,0.8991218362388368,eggplant,False,True,out_of_distribution,coco_stuff_negatives,field_test
14,-1,32,0.2916228816076001,0.8212669127956748,strawberry,False,True,out_of_distribution,coco_stuff_negatives,field_test
15,-1,0,0.5158447028447211,0.6270148808178573,tomato,False,True,out_of_distribution,coco_stuff_negatives,field_test
15,-1,13,0.5557302997358216,0.8015622220982339,cucumber,False,True,out_of_distribution,coco_stuff_negatives,field_test
15,-1,21,0.5228747856689947,0.9573313452876777,pepper,False,True,out_of_distribution,coco_stuff_negatives,field_test
15,-1,26,0.43442553839701736,0.8456822299557647,eggplant,False,True,out_of_distribution,coco_stuff_negatives,field_test
15,-1,32,0.76883074682284,0.673163215122484,strawberry,False,True,out_of_distribution,coco_stuff_negatives,field_test
16,-1,9,0.4018505655453756,0.8175497699917453,tomato,False,True,out_of_distribution,coco_stuff_negatives,field_test
16,-1,15,0.29686439720956664,0.9910891834833637,cucumber,False,True,out_of_distribution,coco_stuff_negatives,field_test
16,-1,19,0.823672161259298,0.8229504165164113,pepper,False,True,out_of_distribution,coco_stuff_negatives,field_test
16,-1,29,0.3224490718878152,0.8184700507224051,eggplant,False,True,out_of_distribution,coco_stuff_negatives,field_test
16,-1,34,0.2938126628841455,1.00730514269427,strawberry,False,True,out_of_distribution,coco_stuff_negatives,field_test
17,-1,0,0.5304910108458781,0.8899500092919818,tomato,False,True,out_of_distribution,coco_stuff_negatives,field_test
17,-1,13,0.207310197912872,0.8832432667870114,cucumber,False,True,out_of_distribution,coco_stuff_negatives,field_test
17,-1,24,0.2612856855729843,0.8089170663937597,pepper,False,True,out_of_distribution,coco_stuff_negatives,field_test
17,-1,30,0.29784719680942306,0.8951552410586541,eggplant,False,True,out_of_distribution,coco_stuff_negatives,field_test
17,-1,32,0.2933359823432065,0.825638356395245,strawberry,False,True,out_of_distribution,coco_stuff_negatives,field_test
18,-1,0,0.6654689227316606,0.7053686422561873,tomato,False,True,out_of_distribution,coco_stuff_negatives,field_test
18,-1,11,0.2646760292570631,0.7128176238074638,cucumber,False,True,out_of_distribution,coco_stuff_negatives,field_test
18,-1,19,0.8622294684510863,0.7883733600926977,pepper,False,True,out_of_distribution,coco_stuff_negatives,field_test
18,-1,25,0.5858004874100906,0.6801448027454696,eggplant,False,True,out_of_distribution,coco_stuff_negatives,field_test
18,-1,32,0.4993734637229412,0.7415732386886387,strawberry,False,True,out_of_distribution,coco_stuff_negatives,field_test
19,-1,0,0.36227471242132336,0.9177576583113695,tomato,False,True,out_of_distribution,coco_stuff_negatives,field_test
19,-1,17,0.3327641331603941,0.8155046557833681,cucumber,False,True,out_of_distribution,coco_stuff_negatives,field_test
19,-1,19,0.3667468059396976,0.9962150937091809,pepper,False,True,out_of_distribution,coco_stuff_negatives,field_test
19,-1,28,0.21924816648643386,1.0064846454412242,eggplant,False,True,out_of_distribution,coco_stuff_negatives,field_test
19,-1,38,0.318728194194186,0.9544660732140725,strawberry,False,True,out_of_distribution,coco_stuff_negatives,field_test
20,-1,0,0.0,,tomato,False,False,camera_obscured,coco_stuff_negatives,field_test
20,-1,0,0.0,,cucumber,False,False,camera_obscured,coco_stuff_negatives,field_test
20,-1,0,0.0,,pepper,False,False,camera_obscured,coco_stuff_negatives,field_test
20,-1,0,0.0,,eggplant,False,False,camera_obscured,coco_stuff_negatives,field_test
20,-1,0,0.0,,strawberry,False,False,camera_obscured,coco_stuff_negatives,field_test
21,-1,0,0.4313254352085119,0.8077112685619989,tomato,False,True,out_of_distribution,coco_stuff_negatives,field_test
21,-1,11,0.21009029146945776,0.9262941908907786,cucumber,False,True,out_of_distribution,coco_stuff_negatives,field_test
21,-1,19,0.4047808567335049,0.8334133518211688,pepper,False,True,out_of_distribution,coco_stuff_negatives,field_test
21,-1,31,0.61766664087112,0.9369694907895003,eggplant,False,True,out_of_distribution,coco_stuff_negatives,field_test
21,-1,33,0.34768612612858435,0.883303366447989,strawberry,False,True,out_of_distribution,coco_stuff_negatives,field_test
22,-1,0,0.9128039232334695,0.7112477319206285,tomato,False,True,out_of_distribution,coco_stuff_negatives,field_test
22,-1,12,0.3583366152598138,0.8171505923712288,cucumber,False,True,out_of_distribution,coco_stuff_negatives,field_test
22,-1,22,0.47720609896318844,0.8201146754739423,pepper,False,True,out_of_distribution,coco_stuff_negatives,field_test
22,-1,25,0.5121262687653962,0.7815105879977102,eggplant,False,True,out_of_distribution,coco_stuff_negatives,field_test
22,-1,34,0.30983281041748073,0.9315214232820449,strawberry,False,True,out_of_distribution,coco_stuff_negatives,field_test
23,-1,2,0.17734816323430944,0.9200849566391033,tomato,False,True,out_of_distribution,coco_stuff_negatives,field_test
23,-1,12,0.35251311661593154,0.9114389727380454,cucumber,False,True,out_of_distribution,coco_stuff_negatives,field_test
23,-1,19,0.25127206973050864,1.0113696030646169,pepper,False,True,out_of_distribution,coco_stuff_negatives,field_test
23,-1,27,0.4538355679346243,0.9122820896274342,eggplant,False,True,out_of_distribution,coco_stuff_negatives,field_test
23,-1,33,0.5454627396302297,0.8285410076865404,strawberry,False,True,out_of_distribution,coco_stuff_negatives,field_test
24,-1,0,0.8264558167356644,0.8090665116824082,tomato,False,True,out_of_distribution,coco_stuff_negatives,field_test
24,-1,18,0.290639006939705,0.8621207241796813,cucumber,False,True,out_of_distribution,coco_stuff_negatives,field_test
24,-1,23,0.3010505731638381,1.012501272424794,pepper,False,True,out_of_distribution,coco_stuff_negatives,field_test
24,-1,31,0.25301069769108936,0.8754894813261348,eggplant,False,True,out_of_distribution,coco_stuff_negatives,field_test
24,-1,32,0.4946227347893931,0.7958916347537286,strawberry,False,True,out_of_distribution,coco_stuff_negatives,field_test
25,-1,6,0.5081465813848705,0.6521235526849647,tomato,False,True,out_of_distribution,coco_stuff_negatives,field_test
25,-1,18,0.45736584804328584,0.8374422079105976,cucumber,False,True,out_of_distribution,coco_stuff_negatives,field_test
25,-1,20,0.3945184399703191,0.8676916867595776,pepper,False,True,out_of_distribution,coco_stuff_negatives,field_test
25,-1,26,0.296322639041613,0.9104399102529076,eggplant,False,True,out_of_distribution,coco_stuff_negatives,field_test
25,-1,34,0.3252385853363291,0.8158542255845653,strawberry,False,True,out_of_distribution,coco_stuff_negatives,field_test
26,-1,0,0.38369563748318053,0.7437008937561982,tomato,False,True,out_of_distribution,coco_stuff_negatives,field_test
26,-1,11,0.6453671192894224,0.7478106608704534,cucumber,False,True,out_of_distribution,coco_stuff_negatives,field_test
26,-1,19,0.7944881505327845,0.7608218148464119,pepper,False,True,out_of_distribution,coco_stuff_negatives,field_test
26,-1,25,0.40384270302192166,0.7889779520883156,eggplant,False,True,out_of_distribution,coco_stuff_negatives,field_test
26,-1,32,0.5117572617255168,0.7885121739609449,strawberry,False,True,out_of_distribution,coco_stuff_negatives,field_test
27,-1,0,0.3500825026684559,0.9327890076054977,tomato,False,True,out_of_distribution,coco_stuff_negatives,field_test
27,-1,13,0.3773772644724647,0.8526285371993468,cucumber,False,True,out_of_distribution,coco_stuff_negatives,field_test
27,-1,24,0.38556580887281655,0.9095670383058579,pepper,False,True,out_of_distribution,coco_stuff_negatives,field_test
27,-1,31,0.29261136514873987,0.9418790107424622,eggplant,False,True,out_of_distribution,coco_stuff_negatives,field_test
27,-1,37,0.31397298608193647,0.8812649490540267,strawberry,False,True,out_of_distribution,coco_stuff_negatives,field_test
28,-1,0,0.1496387153798649,0.855305386422189,tomato,False,True,out_of_distribution,coco_stuff_negatives,field_test
28,-1,17,0.3126828328886362,0.880387814591544,cucumber,False,True,out_of_distribution,coco_stuff_negatives,field_test
28,-1,19,0.5209546382981525,0.8501737563196423,pepper,False,True,out_of_distribution,coco_stuff_negatives,field_test
28,-1,30,0.3421710712120683,0.948956989261483,eggplant,False,True,out_of_distribution,coco_stuff_negatives,field_test
28,-1,32,0.40554623856042654,0.8938700536478318,strawberry,False,True,out_of_distribution,coco_stuff_negatives,field_test
29,-1,0,0.9511498021288898,0.7084073725354408,tomato,False,True,out_of_distribution,coco_stuff_negatives,field_test
29,-1,11,0.22879163860309035,0.8071308038719757,cucumber,False,True,out_of_distribution,coco_stuff_negatives,field_test
29,-1,22,0.40955295184868107,0.8885785955042254,pepper,False,True,out_of_distribution,coco_stuff_negatives,field_test
29,-1,27,0.3772947820390806,0.8522561866980733,eggplant,False,True,out_of_distribution,coco_stuff_negatives,field_test
29,-1,32,0.6051248827949355,0.6950744735114618,strawberry,False,True,out_of_distribution,coco_stuff_negatives,field_test
30,-1,0,0.0,,tomato,False,False,image_too_dark,coco_stuff_negatives,field_test
30,-1,0,0.0,,cucumber,False,False,image_too_dark,coco_stuff_negatives,field_test
30,-1,0,0.0,,pepper,False,False,image_too_dark,coco_stuff_negatives,field_test
30,-1,0,0.0,,eggplant,False,False,image_too_dark,coco_stuff_negatives,field_test
30,-1,0,0.0,,strawberry,False,False,image_too_dark,coco_stuff_negatives,field_test
31,-1,3,0.32861131161821217,0.842668960297664,tomato,False,True,out_of_distribution,coco_stuff_negatives,field_test
31,-1,11,0.3428429824113753,0.8424787375192669,cucumber,False,True,out_of_distribution,coco_stuff_negatives,field_test
31,-1,19,0.5317556089878345,0.822471779899991,pepper,False,True,out_of_distribution,coco_stuff_negatives,field_test
31,-1,25,0.5941953468081289,0.7097790959000445,eggplant,False,True,out_of_distribution,coco_stuff_negatives,field_test
31,-1,32,0.5064470853977039,0.8240834339255755,strawberry,False,True,out_of_distribution,coco_stuff_negatives,field_test
32,-1,9,0.429278957661479,0.7956557078189342,tomato,False,True,out_of_distribution,coco_stuff_negatives,field_test
32,-1,11,0.311138040674268,0.7857091381410942,cucumber,False,True,out_of_distribution,coco_stuff_negatives,field_test
32,-1,21,0.3296470078040315,0.9486189479023629,pepper,False,True,out_of_distribution,coco_stuff_negatives,field_test
32,-1,25,0.41028633792161123,0.8491293639508634,eggplant,False,True,out_of_distribution,coco_stuff_negatives,field_test
32,-1,32,0.2657034150286819,0.8434174124446381,strawberry,False,True,out_of_distribution,coco_stuff_negatives,field_test
33,-1,0,0.9388096261587918,0.6389006472072707,tomato,False,True,out_of_distribution,coco_stuff_negatives,field_test
33,-1,11,0.3562643949593257,0.7876670912707873,cucumber,False,True,out_of_distribution,coco_stuff_negatives,field_test
33,-1,19,0.3400881782118937,0.7540330509537383,pepper,False,True,out_of_distribution,coco_stuff_negatives,field_test
33,-1,26,0.24451836166694735,0.7867326887015949,eggplant,False,True,out_of_distribution,coco_stuff_negatives,field_test
33,-1,32,0.8782232248390843,0.6308368493458445,strawberry,False,True,out_of_distribution,coco_stuff_negatives,field_test
34,-1,0,0.8165788485213558,0.8312959652270036,tomato,False,True,out_of_distribution,coco_stuff_negatives,field_test
34,-1,18,0.2715511548991716,0.9598657829969252,cucumber,False,True,out_of_distribution,coco_stuff_negatives,field_test
34,-1,24,0.248607993403808,0.8966464993997775,pepper,False,True,out_of_distribution,coco_stuff_negatives,field_test
34,-1,29,0.26030824885393444,0.8218034545748927,eggplant,False,True,out_of_distribution,coco_stuff_negatives,field_test
34,-1,33,0.318068714170243,0.953087592626794,strawberry,False,True,out_of_distribution,coco_stuff_negatives,field_test
35,-1,0,0.7946102355495558,0.7265393295463538,tomato,False,True,out_of_distribution,coco_stuff_negatives,field_test
35,-1,13,0.2215769998484667,0.8697661747215846,cucumber,False,True,out_of_distribution,coco_stuff_negatives,field_test
35,-1,19,0.7845831896907722,0.7580273330307092,pepper,False,True,out_of_distribution,coco_stuff_negatives,field_test
35,-1,29,0.24740890474884566,0.9108224347804821,eggplant,False,True,out_of_distribution,coco_stuff_negatives,field_test
35,-1,32,0.34175912390002383,0.8020430129397165,strawberry,False,True,out_of_distribution,coco_stuff_negatives,field_test
36,-1,0,0.6586829687105386,0.7894968134721103,tomato,False,True,out_of_distribution,coco_stuff_negatives,field_test
36,-1,15,0.31742712301153686,0.869954704481616,cucumber,False,True,out_of_distribution,coco_stuff_negatives,field_test
36,-1,19,0.3333781326171687,0.8445010989082413,pepper,False,True,out_of_distribution,coco_stuff_negatives,field_test
36,-1,31,0.5999091096455326,0.8572068740069643,eggplant,False,True,out_of_distribution,coco_stuff_negatives,field_test
36,-1,33,0.390875800635877,0.8982777595741417,strawberry,False,True,out_of_distribution,coco_stuff_negatives,field_test
37,-1,0,0.0,,tomato,False,False,camera_obscured,coco_stuff_negatives,field_test
37,-1,0,0.0,,cucumber,False,False,camera_obscured,coco_stuff_negatives,field_test
37,-1,0,0.0,,pepper,False,False,camera_obscured,coco_stuff_negatives,field_test
37,-1,0,0.0,,eggplant,False,False,camera_obscured,coco_stuff_negatives,field_test
37,-1,0,0.0,,strawberry,False,False,camera_obscured,coco_stuff_negatives,field_test
38,-1,6,0.28496523660083795,0.8181760849367923,tomato,False,True,out_of_distribution,coco_stuff_negatives,field_test
38,-1,12,0.2333424622289534,0.9771892262265333,cucumber,False,True,out_of_distribution,coco_stuff_negatives,field_test
38,-1,19,0.39518361688322057,0.8590742285461815,pepper,False,True,out_of_distribution,coco_stuff_negatives,field_test
38,-1,27,0.3795333692613801,0.9060312498423779,eggplant,False,True,out_of_distribution,coco_stuff_negatives,field_test
38,-1,32,0.39750138802097057,0.8587300691076248,strawberry,False,True,out_of_distribution,coco_stuff_negatives,field_test
39,-1,3,0.43745021024771275,0.7977484913575416,tomato,False,True,out_of_distribution,coco_stuff_negatives,field_test
39,-1,11,0.2781230065342886,0.8724384327279537,cucumber,False,True,out_of_distribution,coco_stuff_negatives,field_test
39,-1,20,0.4266182518149684,0.8992763745994404,pepper,False,True,out_of_distribution,coco_stuff_negatives,field_test
39,-1,25,0.3992019171019356,0.8617117218854986,eggplant,False,True,out_of_distribution,coco_stuff_negatives,field_test
39,-1,32,0.6646410704257971,0.7793086299354899,strawberry,False,True,out_of_distribution,coco_stuff_negatives,field_test
40,-1,0,0.3293862606464583,0.8539887663827115,tomato,False,True,out_of_distribution,coco_stuff_negatives,field_test
40,-1,11,0.2219859931779497,0.7989787313157651,cucumber,False,True,out_of_distribution,coco_stuff_negatives,field_test
40,-1,22,0.43820294799187376,0.9276403025062057,pepper,False,True,out_of_distribution,coco_stuff_negatives,field_test
40,-1,25,0.31677572637693596,0.9068779950076746,eggplant,False,True,out_of_distribution,coco_stuff_negatives,field_test
40,-1,32,0.291466398833519,0.8552032210878507,strawberry,False,True,out_of_distribution,coco_stuff_negatives,field_test
41,-1,0,0.5757448806622524,0.7541582932663371,tomato,False,True,out_of_distribution,coco_stuff_negatives,field_test
41,-1,13,0.2375732864959841,0.8803245539592152,cucumber,False,True,out_of_distribution,coco_stuff_negatives,field_test
41,-1,19,0.511010811102996,0.888015512141362,pepper,False,True,out_of_distribution,coco_stuff_negatives,field_test
41,-1,29,0.22233784659874237,0.9977252323054059,eggplant,False,True,out_of_distribution,coco_stuff_negatives,field_test
41,-1,32,0.5686826419471926,0.8298086968742139,strawberry,False,True,out_of_distribution,coco_stuff_negatives,field_test
42,-1,0,0.5681112369343781,0.7684584929093843,tomato,False,True,out_of_distribution,coco_stuff_negatives,field_test
42,-1,12,0.3576440625476182,0.8316940912691535,cucumber,False,True,out_of_distribution,coco_stuff_negatives,field_test
42,-1,23,0.32284237869106863,0.9890513126716138,pepper,False,True,out_of_distribution,coco_stuff_negatives,field_test
42,-1,27,0.28877327398523095,0.9166811352417236,eggplant,False,True,out_of_distribution,coco_stuff_negatives,field_test
42,-1,32,0.44125270910627784,0.7891508534992632,strawberry,False,True,out_of_distribution,coco_stuff_negatives,field_test
43,-1,0,0.9074154925603006,0.6464387771309567,tomato,False,True,out_of_distribution,coco_stuff_negatives,field_test
43,-1,11,0.4313170303873562,0.7164454815425079,cucumber,False,True,out_of_distribution,coco_stuff_negatives,field_test
43,-1,19,0.4854874779585708,0.7844267552244809,pepper,False,True,out_of_distribution,coco_stuff_negatives,field_test
43,-1,31,0.32991267994788714,0.9249758064731555,eggplant,False,True,out_of_distribution,coco_stuff_negatives,field_test
43,-1,32,0.8645029947194417,0.6113404329096226,strawberry,False,True,out_of_distribution,coco_stuff_negatives,field_test
44,-1,0,0.5391791641578002,0.7786023146588055,tomato,False,True,out_of_distribution,coco_stuff_negatives,field_test
44,-1,13,0.34567377247838904,0.7614461063318834,cucumber,False,True,out_of_distribution,coco_stuff_negatives,field_test
44,-1,19,0.34832707033517935,0.8285663755473752,pepper,False,True,out_of_distribution,coco_stuff_negatives,field_test
44,-1,27,0.49073104247709953,0.8312158903113684,eggplant,False,True,out_of_distribution,coco_stuff_negatives,field_test
44,-1,32,0.38501143933479465,0.7542197025987976,strawberry,False,True,out_of_distribution,coco_stuff_negatives,field_test
45,-1,5,0.6594442208331025,0.7503603250728306,tomato,False,True,out_of_distribution,coco_stuff_negatives,field_test
45,-1,12,0.5967805368570311,0.7245959476609904,cucumber,False,True,out_of_distribution,coco_stuff_negatives,field_test
45,-1,21,0.6201663839218022,0.8953075844675145,pepper,False,True,out_of_distribution,coco_stuff_negatives,field_test
45,-1,26,0.40965467802318845,0.8655095872997305,eggplant,False,True,out_of_distribution,coco_stuff_negatives,field_test
45,-1,37,0.2448876637540182,0.9687859136260549,strawberry,False,True,out_of_distribution,coco_stuff_negatives,field_test
46,-1,0,0.28546124008889884,0.8864948558635524,tomato,False,True,out_of_distribution,coco_stuff_negatives,field_test
46,-1,16,0.44057718698889364,0.943572305480175,cucumber,False,True,out_of_distribution,coco_stuff_negatives,field_test
46,-1,22,0.31448945029002495,0.9115058200940199,pepper,False,True,out_of_distribution,coco_stuff_negatives,field_test
46,-1,31,0.4457410997833989,0.909834398567667,eggplant,False,True,out_of_distribution,coco_stuff_negatives,field_test
46,-1,32,0.36985699421073354,0.8804880594656257,strawberry,False,True,out_of_distribution,coco_stuff_negatives,field_test
47,-1,5,0.35265772841062487,0.7542401326268735,tomato,False,True,out_of_distribution,coco_stuff_negatives,field_test
47,-1,16,0.23973929612234052,0.9303795470062528,cucumber,False,True,out_of_distribution,coco_stuff_negatives,field_test
47,-1,20,0.5725641542656582,0.7491403135930856,pepper,False,True,out_of_distribution,coco_stuff_negatives,field_test
47,-1,31,0.3522813212799325,0.998929910045771,eggplant,False,True,out_of_distribution,coco_stuff_negatives,field_test
47,-1,35,0.3784454774383375,0.8688882152504064,strawberry,False,True,out_of_distribution,coco_stuff_negatives,field_test
48,-1,0,0.0,,tomato,False,False,camera_obscured,coco_stuff_negatives,field_test
48,-1,0,0.0,,cucumber,False,False,camera_obscured,coco_stuff_negatives,field_test
48,-1,0,0.0,,pepper,False,False,camera_obscured,coco_stuff_negatives,field_test
48,-1,0,0.0,,eggplant,False,False,camera_obscured,coco_stuff_negatives,field_test
48,-1,0,0.0,,strawberry,False,False,camera_obscured,coco_stuff_negatives,field_test
49,-1,0,0.789860712241272,0.6890997395282277,tomato,False,True,out_of_distribution,coco_stuff_negatives,field_test
49,-1,11,0.44469519216507203,0.7285010168349504,cucumber,False,True,out_of_distribution,coco_stuff_negatives,field_test
49,-1,19,0.4050768372130245,0.7318522740790072,pepper,False,True,out_of_distribution,coco_stuff_negatives,field_test
49,-1,26,0.3167043167372721,0.8274953775847755,eggplant,False,True,out_of_distribution,coco_stuff_negatives,field_test
49,-1,32,0.8340073035731836,0.6288303917508812,strawberry,False,True,out_of_distribution,coco_stuff_negatives,field_test
50,-1,0,0.23135917091266647,0.7990835664749786,tomato,False,True,out_of_distribution,coco_stuff_negatives,field_test
50,-1,11,0.28644750265387087,0.8137577302692292,cucumber,False,True,out_of_distribution,coco_stuff_negatives,field_test
50,-1,22,0.4094990426622549,0.8842063294886398,pepper,False,True,out_of_distribution,coco_stuff_negatives,field_test
50,-1,31,0.2599998536848594,0.9154527874834576,eggplant,False,True,out_of_distribution,coco_stuff_negatives,field_test
50,-1,35,0.27304825516408804,0.8994279424352782,strawberry,False,True,out_of_distribution,coco_stuff_negatives,field_test
51,-1,1,0.3742658172304693,0.8541469906762249,tomato,False,True,out_of_distribution,coco_stuff_negatives,field_test
51,-1,12,0.3229993547095268,0.923458807353564,cucumber,False,True,out_of_distribution,coco_stuff_negatives,field_test
51,-1,21,0.3796732547711598,0.9354754194051783,pepper,False,True,out_of_distribution,coco_stuff_negatives,field_test
51,-1,26,0.32370855258817066,0.914893729172526,eggplant,False,True,out_of_distribution,coco_stuff_negatives,field_test
51,-1,37,0.2535431799205691,0.9386214064098843,strawberry,False,True,out_of_distribution,coco_stuff_negatives,field_test
52,-1,3,0.5514401274124842,0.7812606177014407,tomato,False,True,out_of_distribution,coco_stuff_negatives,field_test
52,-1,12,0.2958556925314245,0.9502901530035339,cucumber,False,True,out_of_distribution,coco_stuff_negatives,field_test
52,-1,22,0.6910202406909491,0.8280498124614704,pepper,False,True,out_of_distribution,coco_stuff_negatives,field_test
52,-1,27,0.2697518203202718,0.9256776487856255,eggplant,False,True,out_of_distribution,coco_stuff_negatives,field_test
52,-1,35,0.2271728901943909,0.894135070970488,strawberry,False,True,out_of_distribution,coco_stuff_negatives,field_test
53,-1,0,0.38382602460072424,0.8126374141733353,tomato,False,True,out_of_distribution,coco_stuff_negatives,field_test
53,-1,13,0.22375699745684674,0.942159972729224,cucumber,False,True,out_of_distribution,coco_stuff_negatives,field_test
53,-1,22,0.2693119604344447,0.7786931826787189,pepper,False,True,out_of_distribution,coco_stuff_negatives,field_test
53,-1,31,0.673569757381096,0.8377955172419222,eggplant,False,True,out_of_distribution,coco_stuff_negatives,field_test
53,-1,32,0.47207674871563376,0.8514297609116814,strawberry,False,True,out_of_distribution,coco_stuff_negatives,field_test
54,-1,0,0.6654655273136504,0.7282682819881243,tomato,False,True,out_of_distribution,coco_stuff_negatives,field_test
54,-1,15,0.4104003879354755,0.8940078809214835,cucumber,False,True,out_of_distribution,coco_stuff_negatives,field_test
54,-1,19,0.9291015771173796,0.7322147789701813,pepper,False,True,out_of_distribution,coco_stuff_negatives,field_test
54,-1,27,0.3067028037784528,0.9920164127298314,eggplant,False,True,out_of_distribution,coco_stuff_negatives,field_test
54,-1,32,0.8277579897708985,0.685997757117222,strawberry,False,True,out_of_distribution,coco_stuff_negatives,field_test
55,-1,0,0.5779631501235662,0.723800800163325,tomato,False,True,out_of_distribution,coco_stuff_negatives,field_test
55,-1,11,0.41034778088301743,0.7295128487007504,cucumber,False,True,out_of_distribution,coco_stuff_negatives,field_test
55,-1,19,0.42827329557547933,0.7966475567865109,pepper,False,True,out_of_distribution,coco_stuff_negatives,field_test
55,-1,25,0.6172260870193552,0.7418066645317651,eggplant,False,True,out_of_distribution,coco_stuff_negatives,field_test
55,-1,32,0.26997104234111835,0.7955497970386418,strawberry,False,True,out_of_distribution,coco_stuff_negatives,field_test
56,-1,3,0.25564612259588815,0.9097079231342042,tomato,False,True,out_of_distribution,coco_stuff_negatives,field_test
56,-1,15,0.5782623879940199,0.8557336202178536,cucumber,False,True,out_of_distribution,coco_stuff_negatives,field_test
56,-1,20,0.40990293549964496,0.9532413607344457,pepper,False,True,out_of_distribution,coco_stuff_negatives,field_test
56,-1,27,0.29024006431150073,1.0282554469005023,eggplant,False,True,out_of_distribution,coco_stuff_negatives,field_test
56,-1,33,0.5317677754015956,0.8857130975011475,strawberry,False,True,out_of_distribution,coco_stuff_negatives,field_test
57,-1,6,0.22612624479711135,0.8064492654129167,tomato,False,True,out_of_distribution,coco_stuff_negatives,field_test
57,-1,18,0.27136021053986303,0.9285031360662727,cucumber,False,True,out_of_distribution,coco_stuff_negatives,field_test
57,-1,20,0.4342880640986111,0.8795830003123141,pepper,False,True,out_of_distribution,coco_stuff_negatives,field_test
57,-1,30,0.34541961799364307,0.9197156481448743,eggplant,False,True,out_of_distribution,coco_stuff_negatives,field_test
57,-1,33,0.4518914998835687,0.8776957282048787,strawberry,False,True,out_of_distribution,coco_stuff_negatives,field_test
58,-1,3,0.18523234866762703,0.9010229705695851,tomato,False,True,out_of_distribution,coco_stuff_negatives,field_test
58,-1,15,0.605507975564888,0.7563189545923948,cucumber,False,True,out_of_distribution,coco_stuff_negatives,field_test
58,-1,22,0.45992893536185253,0.8400193781677707,pepper,False,True,out_of_distribution,coco_stuff_negatives,field_test
58,-1,31,0.4585001220197283,0.8113613457584372,eggplant,False,True,out_of_distribution,coco_stuff_negatives,field_test
58,-1,32,0.3351721323933633,0.9443693386340183,strawberry,False,True,out_of_distribution,coco_stuff_negatives,field_test
59,-1,5,0.26657387814779415,0.9213405531224392,tomato,False,True,out_of_distribution,coco_stuff_negatives,field_test
59,-1,11,0.2972452478741683,0.9085949572242843,cucumber,False,True,out_of_distribution,coco_stuff_negatives,field_test
59,-1,20,0.7137829702586856,0.8521393697160751,pepper,False,True,out_of_distribution,coco_stuff_negatives,field_test
59,-1,29,0.22416842681025534,1.0496237944961508,eggplant,False,True,out_of_distribution,coco_stuff_negatives,field_test
59,-1,38,0.6356586688589173,0.7583547203719433,strawberry,False,True,out_of_distribution,coco_stuff_negatives,field_test
60,-1,6,0.4740389806475442,0.7270897993336694,tomato,False,True,out_of_distribution,coco_stuff_negatives,field_test
60,-1,11,0.33839347455999685,0.8491132877532722,cucumber,False,True,out_of_distribution,coco_stuff_negatives,field_test
60,-1,23,0.36681525856831515,0.8146394114651155,pepper,False,True,out_of_distribution,coco_stuff_negatives,field_test
60,-1,25,0.26570248775667504,0.9050537188344938,eggplant,False,True,out_of_distribution,coco_stuff_negatives,field_test
60,-1,32,0.5601242486666073,0.888056637431485,strawberry,False,True,out_of_distribution,coco_stuff_negatives,field_test
61,-1,0,0.609778519103172,0.766407084356612,tomato,False,True,out_of_distribution,coco_stuff_negatives,field_test
61,-1,13,0.18660669972699676,0.9493097792248684,cucumber,False,True,out_of_distribution,coco_stuff_negatives,field_test
61,-1,19,0.6540356895262912,0.8636805887554375,pepper,False,True,out_of_distribution,coco_stuff_negatives,field_test
61,-1,29,0.2559828880173803,0.8620720254261789,eggplant,False,True,out_of_distribution,coco_stuff_negatives,field_test
61,-1,32,0.5473955481669752,0.8011732597117414,strawberry,False,True,out_of_distribution,coco_stuff_negatives,field_test
62,-1,1,0.20393382271164595,0.9005803634639074,tomato,False,True,out_of_distribution,coco_stuff_negatives,field_test
62,-1,18,0.2699748256844544,0.8572425003793706,cucumber,False,True,out_of_distribution,coco_stuff_negatives,field_test
62,-1,19,0.3020498452047478,0.9385706410022382,pepper,False,True,out_of_distribution,coco_stuff_negatives,field_test
62,-1,27,0.45756585690893825,0.877971241281915,eggplant,False,True,out_of_distribution,coco_stuff_negatives,field_test
62,-1,32,0.4667044743563512,0.8041546340971406,strawberry,False,True,out_of_distribution,coco_stuff_negatives,field_test
63,-1,0,0.42694938087057543,0.8577678626480914,tomato,False,True,out_of_distribution,coco_stuff_negatives,field_test
63,-1,11,0.4789936647380549,0.8679441804048993,cucumber,False,True,out_of_distribution,coco_stuff_negatives,field_test
63,-1,19,0.6954584789298617,0.8596491960019507,pepper,False,True,out_of_distribution,coco_stuff_negatives,field_test
63,-1,31,0.3750176499142227,0.9114153873046276,eggplant,False,True,out_of_distribution,coco_stuff_negatives,field_test
63,-1,32,0.3392140318917384,0.9009083551902636,strawberry,False,True,out_of_distribution,coco_stuff_negatives,field_test
64,-1,0,0.3660699795220795,0.8757923878939247,tomato,False,True,out_of_distribution,coco_stuff_negatives,field_test
64,-1,11,0.38938568938043494,0.8212403358062987,cucumber,False,True,out_of_distribution,coco_stuff_negatives,field_test
64,-1,20,0.32354532230173255,0.8846403468270094,pepper,False,True,out_of_distribution,coco_stuff_negatives,field_test
64,-1,30,0.18423799280681538,1.0477707512474246,eggplant,False,True,out_of_distribution,coco_stuff_negatives,field_test
64,-1,32,0.415523381328987,0.8887667879362828,strawberry,False,True,out_of_distribution,coco_stuff_negatives,field_test
65,-1,5,0.23228127163730125,0.9490392348336792,tomato,False,True,out_of_distribution,coco_stuff_negatives,field_test
65,-1,13,0.3043975345142087,0.927718979178333,cucumber,False,True,out_of_distribution,coco_stuff_negatives,field_test
65,-1,21,0.28622803752281406,1.0136576419617642,pepper,False,True,out_of_distribution,coco_stuff_negatives,field_test
65,-1,27,0.43420515627145395,0.8842516274826442,eggplant,False,True,out_of_distribution,coco_stuff_negatives,field_test
65,-1,37,0.31626672762646196,0.8108832778509456,strawberry,False,True,out_of_distribution,coco_stuff_negatives,field_test
66,-1,0,0.5023038928659532,0.9253710343308487,tomato,False,True,out_of_distribution,coco_stuff_negatives,field_test
66,-1,11,0.2822812789124679,0.8756690613444339,cucumber,False,True,out_of_distribution,coco_stuff_negatives,field_test
66,-1,22,0.49674378320305523,0.8215857593113187,pepper,False,True,out_of_distribution,coco_stuff_negatives,field_test
66,-1,31,0.3134334992484546,1.0492225040510892,eggplant,False,True,out_of_distribution,coco_stuff_negatives,field_test
66,-1,33,0.37704663603886424,0.8627460681058815,strawberry,False,True,out_of_distribution,coco_stuff_negatives,field_test
67,-1,1,0.4828431771078244,0.791105050982174,tomato,False,True,out_of_distribution,coco_stuff_negatives,field_test
67,-1,11,0.3523292870055336,0.9527959385286005,cucumber,False,True,out_of_distribution,coco_stuff_negatives,field_test
67,-1,24,0.5611145658459303,0.8499951321543557,pepper,False,True,out_of_distribution,coco_stuff_negatives,field_test
67,-1,31,0.3234937450765157,0.9696960359888839,eggplant,False,True,out_of_distribution,coco_stuff_negatives,field_test
67,-1,37,0.3436919308325463,0.9208712136262562,strawberry,False,True,out_of_distribution,coco_stuff_negatives,field_test
68,-1,2,0.46982724729355835,0.7464981450249791,tomato,False,True,out_of_distribution,coco_stuff_negatives,field_test
68,-1,12,0.4133787444175722,0.8101422742535701,cucumber,False,True,out_of_distribution,coco_stuff_negatives,field_test
68,-1,20,0.7066054322208942,0.7654490617920849,pepper,False,True,out_of_distribution,coco_stuff_negatives,field_test
68,-1,26,0.6135617992193653,0.8439838448210467,eggplant,False,True,out_of_distribution,coco_stuff_negatives,field_test
68,-1,33,0.5530657544033425,0.8465907415934306,strawberry,False,True,out_of_distribution,coco_stuff_negatives,field_test
69,-1,4,0.28903896352483216,0.9091401481499822,tomato,False,True,out_of_distribution,coco_stuff_negatives,field_test
69,-1,16,0.36707926882042546,0.9062795897103658,cucumber,False,True,out_of_distribution,coco_stuff_negatives,field_test
69,-1,19,0.26732534567026406,0.9168636322487005,pepper,False,True,out_of_distribution,coco_stuff_negatives,field_test
69,-1,25,0.39049689600628895,0.8027333818751118,eggplant,False,True,out_of_distribution,coco_stuff_negatives,field_test
69,-1,38,0.2375790193049536,0.8837665692249704,strawberry,False,True,out_of_distribution,coco_stuff_negatives,field_test
70,-1,1,0.3846021700413057,0.8623716640054028,tomato,False,True,out_of_distribution,coco_stuff_negatives,field_test
70,-1,18,0.2376791058667723,0.8774801094460221,cucumber,False,True,out_of_distribution,coco_stuff_negatives,field_test
70,-1,20,0.29521700381331367,0.9789938953799537,pepper,False,True,out_of_distribution,coco_stuff_negatives,field_test
70,-1,31,0.3164386147028546,0.9066351773378165,eggplant,False,True,out_of_distribution,coco_stuff_negatives,field_test
70,-1,35,0.3347528576348931,0.8820950957073603,strawberry,False,True,out_of_distribution,coco_stuff_negatives,field_test
71,-1,7,0.3335857233237243,0.9115764893056872,tomato,False,True,out_of_distribution,coco_stuff_negatives,field_test
71,-1,15,0.45668923920947285,0.919189886697251,cucumber,False,True,out_of_distribution,coco_stuff_negatives,field_test
71,-1,19,0.7036771043880612,0.88355617619898,pepper,False,True,out_of_distribution,coco_stuff_negatives,field_test
71,-1,29,0.40177478184457,0.8580688191780996,eggplant,False,True,out_of_distribution,coco_stuff_negatives,field_test
71,-1,35,0.2606331955673027,0.9797828209577168,strawberry,False,True,out_of_distribution,coco_stuff_negatives,field_test
72,-1,1,0.25042577392823595,0.9096669900946174,tomato,False,True,out_of_distribution,coco_stuff_negatives,field_test
72,-1,18,0.36100765502541854,0.9373994552410918,cucumber,False,True,out_of_distribution,coco_stuff_negatives,field_test
72,-1,22,0.6378791662661925,0.7048717366278807,pepper,False,True,out_of_distribution,coco_stuff_negatives,field_test
72,-1,25,0.24832852363937574,0.9746178752837008,eggplant,False,True,out_of_distribution,coco_stuff_negatives,field_test
72,-1,32,0.30911733991644,0.8291827231638733,strawberry,False,True,out_of_distribution,coco_stuff_negatives,field_test
73,-1,0,0.8142795568035905,0.6604645529949909,tomato,False,True,out_of_distribution,coco_stuff_negatives,field_test
73,-1,15,0.23571337337335246,0.852885536834838,cucumber,False,True,out_of_distribution,coco_stuff_negatives,field_test
73,-1,19,0.6994994897315957,0.7338633026795165,pepper,False,True,out_of_distribution,coco_stuff_negatives,field_test
73,-1,31,0.35197393136517974,0.8496155928100122,eggplant,False,True,out_of_distribution,coco_stuff_negatives,field_test
73,-1,32,0.6884566553547878,0.6565770666637634,strawberry,False,True,out_of_distribution,coco_stuff_negatives,field_test
74,-1,0,0.5069312820990162,0.8817375020449467,tomato,False,True,out_of_distribution,coco_stuff_negatives,field_test
74,-1,18,0.3185440657684753,0.8462949120227585,cucumber,False,True,out_of_distribution,coco_stuff_negatives,field_test
74,-1,22,0.38021619207181434,0.8476698678737086,pepper,False,True,out_of_distribution,coco_stuff_negatives,field_test
74,-1,31,0.8101673614620828,0.807320919243715,eggplant,False,True,out_of_distribution,coco_stuff_negatives,field_test
74,-1,38,0.2308244260301583,0.9008808136288194,strawberry,False,True,out_of_distribution,coco_stuff_negatives,field_test
75,-1,0,0.2801399750092184,0.8736452800101825,tomato,False,True,out_of_distribution,coco_stuff_negatives,field_test
75,-1,15,0.35139377885368556,0.9300916917752585,cucumber,False,True,out_of_distribution,coco_stuff_negatives,field_test
75,-1,20,0.7350006740655478,0.8037871200310215,pepper,False,True,out_of_distribution,coco_stuff_negatives,field_test
75,-1,26,0.7016866931374582,0.8278954272761315,eggplant,False,True,out_of_distribution,coco_stuff_negatives,field_test
75,-1,34,0.30557173233021107,0.8110837424195442,strawberry,False,True,out_of_distribution,coco_stuff_negatives,field_test
76,-1,1,0.5343758315378682,0.7808616613939073,tomato,False,True,out_of_distribution,coco_stuff_negatives,field_test
76,-1,18,0.565884504725911,0.8564446728158369,cucumber,False,True,out_of_distribution,coco_stuff_negatives,field_test
76,-1,24,0.3343858772652373,0.9084020852809431,pepper,False,True,out_of_distribution,coco_stuff_negatives,field_test
76,-1,30,0.43571510721509005,0.7701856932384417,eggplant,False,True,out_of_distribution,coco_stuff_negatives,field_test
76,-1,32,0.41110018192979986,0.9569202660731234,strawberry,False,True,out_of_distribution,coco_stuff_negatives,field_test
77,-1,0,0.49965156746383443,0.8863171154104372,tomato,False,True,out_of_distribution,coco_stuff_negatives,field_test
77,-1,12,0.2701414986568981,0.8874098541294116,cucumber,False,True,out_of_distribution,coco_stuff_negatives,field_test
77,-1,22,0.32584416676633204,0.9386655512082034,pepper,False,True,out_of_distribution,coco_stuff_negatives,field_test
77,-1,26,0.44126942853878914,0.8935071854223925,eggplant,False,True,out_of_distribution,coco_stuff_negatives,field_test
77,-1,33,0.33117471238135504,0.9561724395443256,strawberry,False,True,out_of_distribution,coco_stuff_negatives,field_test
78,-1,4,0.3564564764090628,0.8442977526829767,tomato,False,True,out_of_distribution,coco_stuff_negatives,field_test
78,-1,12,0.3364398998193789,0.9034114212357678,cucumber,False,True,out_of_distribution,coco_stuff_negatives,field_test
78,-1,21,0.28829699864028385,0.9620517152202026,pepper,False,True,out_of_distribution,coco_stuff_negatives,field_test
78,-1,28,0.3061479069144597,1.0525085114071007,eggplant,False,True,out_of_distribution,coco_stuff_negatives,field_test
78,-1,33,0.477810142870007,0.8275944329957077,strawberry,False,True,out_of_distribution,coco_stuff_negatives,field_test
79,-1,3,0.4003793088876178,0.8876127907007372,tomato,False,True,out_of_distribution,coco_stuff_negatives,field_test
79,-1,13,0.23506989277172533,0.8872452328537374,cucumber,False,True,out_of_distribution,coco_stuff_negatives,field_test
79,-1,22,0.3270199995174422,0.8787113399215715,pepper,False,True,out_of_distribution,coco_stuff_negatives,field_test
79,-1,31,0.39892316021270097,0.8449458803432148,eggplant,False,True,out_of_distribution,coco_stuff_negatives,field_test
79,-1,32,0.35029734717728395,0.7623187928807099,strawberry,False,True,out_of_distribution,coco_stuff_negatives,field_test
80,-1,0,0.43036747928153496,0.8031427930955777,tomato,False,True,out_of_distribution,coco_stuff_negatives,field_test
80,-1,12,0.21557917692668613,0.9496446466040027,cucumber,False,True,out_of_distribution,coco_stuff_negatives,field_test
80,-1,21,0.2937562452878711,0.9323354663851009,pepper,False,True,out_of_distribution,coco_stuff_negatives,field_test
80,-1,25,0.3251780360309951,0.8597362196063703,eggplant,False,True,out_of_distribution,coco_stuff_negatives,field_test
80,-1,33,0.3267461353913684,0.8518534582377828,strawberry,False,True,out_of_distribution,coco_stuff_negatives,field_test
81,-1,0,0.6541171057964846,0.7237416153118499,tomato,False,True,out_of_distribution,coco_stuff_negatives,field_test
81,-1,11,0.2581879217317291,0.7495577906691182,cucumber,False,True,out_of_distribution,coco_stuff_negatives,field_test
81,-1,21,0.3736238010151562,0.9218553408190385,pepper,False,True,out_of_distribution,coco_stuff_negatives,field_test
81,-1,26,0.5705049772877823,0.8247486044291811,eggplant,False,True,out_of_distribution,coco_stuff_negatives,field_test
81,-1,32,0.6880724199990114,0.6688942942179594,strawberry,False,True,out_of_distribution,coco_stuff_negatives,field_test
82,-1,0,0.7295801937088955,0.7558222466205193,tomato,False,True,out_of_distribution,coco_stuff_negatives,field_test
82,-1,15,0.21150050903816836,0.8956123259402592,cucumber,False,True,out_of_distribution,coco_stuff_negatives,field_test
82,-1,19,0.6527968264398135,0.8820545847413191,pepper,False,True,out_of_distribution,coco_stuff_negatives,field_test
82,-1,31,0.29641543554285127,0.9332911292173096,eggplant,False,True,out_of_distribution,coco_stuff_negatives,field_test
82,-1,32,0.5425303763321468,0.8353747140522148,strawberry,False,True,out_of_distribution,coco_stuff_negatives,field_test
83,-1,0,0.0,,tomato,False,False,camera_obscured,coco_stuff_negatives,field_test
83,-1,0,0.0,,cucumber,False,False,camera_obscured,coco_stuff_negatives,field_test
83,-1,0,0.0,,pepper,False,False,camera_obscured,coco_stuff_negatives,field_test
83,-1,0,0.0,,eggplant,False,False,camera_obscured,coco_stuff_negatives,field_test
83,-1,0,0.0,,strawberry,False,False,camera_obscured,coco_stuff_negatives,field_test
84,-1,2,0.38444011576783577,0.8661227148148061,tomato,False,True,out_of_distribution,coco_stuff_negatives,field_test
84,-1,15,0.3643844055842827,0.8954201249749171,cucumber,False,True,out_of_distribution,coco_stuff_negatives,field_test
84,-1,22,0.3161434889227652,0.8830626649935256,pepper,False,True,out_of_distribution,coco_stuff_negatives,field_test
84,-1,31,0.3061720153546185,0.9184769345656097,eggplant,False,True,out_of_distribution,coco_stuff_negatives,field_test
84,-1,38,0.29705544441183984,0.8727670340776964,strawberry,False,True,out_of_distribution,coco_stuff_negatives,field_test
85,-1,7,0.30344163953271713,0.9157158726723582,tomato,False,True,out_of_distribution,coco_stuff_negatives,field_test
85,-1,11,0.1922965006930166,0.8673223582084619,cucumber,False,True,out_of_distribution,coco_stuff_negatives,field_test
85,-1,22,0.3963493351464493,0.8995274409303242,pepper,False,True,out_of_distribution,coco_stuff_negatives,field_test
85,-1,31,0.3452231143725481,0.9186046966938958,eggplant,False,True,out_of_distribution,coco_stuff_negatives,field_test
85,-1,35,0.31620339534676106,0.852084631966999,strawberry,False,True,out_of_distribution,coco_stuff_negatives,field_test
86,-1,0,0.5501548668752936,0.8162750190236503,tomato,False,True,out_of_distribution,coco_stuff_negatives,field_test
86,-1,15,0.6134711868083336,0.8456350915361063,cucumber,False,True,out_of_distribution,coco_stuff_negatives,field_test
86,-1,22,0.43575371788949474,0.8260279574465833,pepper,False,True,out_of_distribution,coco_stuff_negatives,field_test
86,-1,25,0.3760332707582155,0.8426543442989994,eggplant,False,True,out_of_distribution,coco_stuff_negatives,field_test
86,-1,32,0.6586232775370227,0.7878245579814416,strawberry,False,True,out_of_distribution,coco_stuff_negatives,field_test
87,-1,0,0.3847535279271335,0.8572336021136796,tomato,False,True,out_of_distribution,coco_stuff_negatives,field_test
87,-1,13,0.3474110674160259,0.761581119121503,cucumber,False,True,out_of_distribution,coco_stuff_negatives,field_test
87,-1,19,0.5987136659778913,0.8935388684645846,pepper,False,True,out_of_distribution,coco_stuff_negatives,field_test
87,-1,27,0.32016875943592926,0.8811759390630914,eggplant,False,True,out_of_distribution,coco_stuff_negatives,field_test
87,-1,32,0.5876339085027779,0.7188144403307313,strawberry,False,True,out_of_distribution,coco_stuff_negatives,field_test
88,-1,0,0.4135211196725419,0.8376461477154052,tomato,False,True,out_of_distribution,coco_stuff_negatives,field_test
88,-1,15,0.424311516841382,0.7926314992840163,cucumber,False,True,out_of_distribution,coco_stuff_negatives,field_test
88,-1,19,0.38391848504761517,0.9160430326507892,pepper,False,True,out_of_distribution,coco_stuff_negatives,field_test
88,-1,31,0.3814126293995321,0.8863710554137054,eggplant,False,True,out_of_distribution,coco_stuff_negatives,field_test
88,-1,32,0.6058690228871113,0.7382126374801534,strawberry,False,True,out_of_distribution,coco_stuff_negatives,field_test
89,-1,0,0.32109702240548305,0.9184528758393325,tomato,False,True,out_of_distribution,coco_stuff_negatives,field_test
89,-1,12,0.36668993653302956,0.8013058404117044,cucumber,False,True,out_of_distribution,coco_stuff_negatives,field_test
89,-1,20,0.4920345564534088,0.8378876978831518,pepper,False,True,out_of_distribution,coco_stuff_negatives,field_test
89,-1,31,0.4680532629574835,1.019258275889832,eggplant,False,True,out_of_distribution,coco_stuff_negatives,field_test
89,-1,33,0.3685922320278394,0.8558658362475694,strawberry,False,True,out_of_distribution,coco_stuff_negatives,field_test
90,-1,0,0.7491736847517128,0.7145005179363177,tomato,False,True,out_of_distribution,coco_stuff_negatives,field_test
90,-1,11,0.6365467124855221,0.6991603461299303,cucumber,False,True,out_of_distribution,coco_stuff_negatives,field_test
90,-1,19,0.4240224729621481,0.7246358679407381,pepper,False,True,out_of_distribution,coco_stuff_negatives,field_test
90,-1,29,0.3653475896188027,0.9444366005115423,eggplant,False,True,out_of_distribution,coco_stuff_negatives,field_test
90,-1,32,0.6377806192407994,0.7490599160657693,strawberry,False,True,out_of_distribution,coco_stuff_negatives,field_test
91,-1,0,0.8661791046991039,0.6785141753702459,tomato,False,True,out_of_distribution,coco_stuff_negatives,field_test
91,-1,12,0.2645355687803526,0.9354078078239698,cucumber,False,True,out_of_distribution,coco_stuff_negatives,field_test
91,-1,19,0.6825986125076848,0.7717373557604223,pepper,False,True,out_of_distribution,coco_stuff_negatives,field_test
91,-1,31,0.45995498845617716,0.8173987387799031,eggplant,False,True,out_of_distribution,coco_stuff_negatives,field_test
91,-1,32,0.5574294785313321,0.7081220234256786,strawberry,False,True,out_of_distribution,coco_stuff_negatives,field_test
92,-1,0,0.0,,tomato,False,False,camera_obscured,coco_stuff_negatives,field_test
92,-1,0,0.0,,cucumber,False,False,camera_obscured,coco_stuff_negatives,field_test
92,-1,0,0.0,,pepper,False,False,camera_obscured,coco_stuff_negatives,field_test
92,-1,0,0.0,,eggplant,False,False,camera_obscured,coco_stuff_negatives,field_test
92,-1,0,0.0,,strawberry,False,False,camera_obscured,coco_stuff_negatives,field_test
93,-1,0,0.22257638767288832,0.8699847276971947,tomato,False,True,out_of_distribution,coco_stuff_negatives,field_test
93,-1,13,0.24952818938237917,0.8715830587591633,cucumber,False,True,out_of_distribution,coco_stuff_negatives,field_test
93,-1,21,0.4225708973708938,1.0016721581805403,pepper,False,True,out_of_distribution,coco_stuff_negatives,field_test
93,-1,26,0.33627851696271194,0.973676865398331,eggplant,False,True,out_of_distribution,coco_stuff_negatives,field_test
93,-1,32,0.6485554274208479,0.8548463679567293,strawberry,False,True,out_of_distribution,coco_stuff_negatives,field_test
94,-1,0,0.45726423875488903,0.8045574828837883,tomato,False,True,out_of_distribution,coco_stuff_negatives,field_test
94,-1,11,0.5183943909216108,0.7781963105007024,cucumber,False,True,out_of_distribution,coco_stuff_negatives,field_test
94,-1,19,0.3837596142240042,0.9212717093293847,pepper,False,True,out_of_distribution,coco_stuff_negatives,field_test
94,-1,31,0.5853643108363603,0.837310255256621,eggplant,False,True,out_of_distribution,coco_stuff_negatives,field_test
94,-1,32,0.5237897163393823,0.7728237364364945,strawberry,False,True,out_of_distribution,coco_stuff_negatives,field_test
95,-1,5,0.565179512661557,0.783546984817231,tomato,False,True,out_of_distribution,coco_stuff_negatives,field_test
95,-1,11,0.31469876786265644,0.9143359390460736,cucumber,False,True,out_of_distribution,coco_stuff_negatives,field_test
95,-1,21,0.5274226637084557,0.8815131221761612,pepper,False,True,out_of_distribution,coco_stuff_negatives,field_test
95,-1,26,0.6812170882924252,0.7824686641060532,eggplant,False,True,out_of_distribution,coco_stuff_negatives,field_test
95,-1,36,0.3971393615411389,0.8590784864179845,strawberry,False,True,out_of_distribution,coco_stuff_negatives,field_test
96,-1,0,0.6499772551628853,0.7015729828052284,tomato,False,True,out_of_distribution,coco_stuff_negatives,field_test
96,-1,12,0.3458835435436652,0.8805594417655371,cucumber,False,True,out_of_distribution,coco_stuff_negatives,field_test
96,-1,19,0.604243520236961,0.8422401180595567,pepper,False,True,out_of_distribution,coco_stuff_negatives,field_test
96,-1,25,0.7398611762885037,0.7223431073293587,eggplant,False,True,out_of_distribution,coco_stuff_negatives,field_test
96,-1,37,0.40283620557042144,0.8376216016437975,strawberry,False,True,out_of_distribution,coco_stuff_negatives,field_test
97,-1,0,0.1747001461729818,0.9447190024380281,tomato,False,True,out_of_distribution,coco_stuff_negatives,field_test
97,-1,17,0.26667951573179705,0.891348773994121,cucumber,False,True,out_of_distribution,coco_stuff_negatives,field_test
97,-1,22,0.7019653732437083,0.7553590497568581,pepper,False,True,out_of_distribution,coco_stuff_negatives,field_test
97,-1,31,0.5724583484636432,0.8423417487866606,eggplant,False,True,out_of_distribution,coco_stuff_negatives,field_test
97,-1,38,0.43266734991984357,0.7843275451754304,strawberry,False,True,out_of_distribution,coco_stuff_negatives,field_test
98,-1,0,0.0,,tomato,False,False,camera_obscured,coco_stuff_negatives,field_test
98,-1,0,0.0,,cucumber,False,False,camera_obscured,coco_stuff_negatives,field_test
98,-1,0,0.0,,pepper,False,False,camera_obscured,coco_stuff_negatives,field_test
98,-1,0,0.0,,eggplant,False,False,camera_obscured,coco_stuff_negatives,field_test
98,-1,0,0.0,,strawberry,False,False,camera_obscured,coco_stuff_negatives,field_test
99,-1,2,0.23145399995670682,0.9258828650121074,tomato,False,True,out_of_distribution,coco_stuff_negatives,field_test
99,-1,15,0.25978574585374287,0.9175389104934535,cucumber,False,True,out_of_distribution,coco_stuff_negatives,field_test
99,-1,21,0.4231568829117828,0.8995891576802839,pepper,False,True,out_of_distribution,coco_stuff_negatives,field_test
99,-1,31,0.5374361975615765,0.9122861909083905,eggplant,False,True,out_of_distribution,coco_stuff_negatives,field_test
99,-1,32,0.2351855738686996,0.926057132840628,strawberry,False,True,out_of_distribution,coco_stuff_negatives,field_test
100,-1,4,0.3111280485099604,0.8336598790589098,tomato,False,True,out_of_distribution,coco_stuff_negatives,field_test
100,-1,13,0.5228082565282238,0.87944701894776,cucumber,False,True,out_of_distribution,coco_stuff_negatives,field_test
100,-1,23,0.4114314689410399,0.85341167180668,pepper,False,True,out_of_distribution,coco_stuff_negatives,field_test
100,-1,28,0.4609750939997928,0.9181042702628293,eggplant,False,True,out_of_distribution,coco_stuff_negatives,field_test
100,-1,32,0.4286277170257059,0.8459974864512011,strawberry,False,True,out_of_distribution,coco_stuff_negatives,field_test
101,-1,0,0.6620199316674495,0.7347633280482863,tomato,False,True,out_of_distribution,coco_stuff_negatives,field_test
101,-1,11,0.4503952835334314,0.7672381351057853,cucumber,False,True,out_of_distribution,coco_stuff_negatives,field_test
101,-1,22,0.6472859977742225,0.8262539462802904,pepper,False,True,out_of_distribution,coco_stuff_negatives,field_test
101,-1,26,0.3246399371473358,0.801301639978151,eggplant,False,True,out_of_distribution,coco_stuff_negatives,field_test
101,-1,32,0.36856388054667294,0.7280431141713102,strawberry,False,True,out_of_distribution,coco_stuff_negatives,field_test
102,-1,0,0.36121876564769145,0.8326559225372009,tomato,False,True,out_of_distribution,coco_stuff_negatives,field_test
102,-1,11,0.29090512194140006,0.910823961792916,cucumber,False,True,out_of_distribution,coco_stuff_negatives,field_test
102,-1,19,0.4929363673654835,0.8666014385762651,pepper,False,True,out_of_distribution,coco_stuff_negatives,field_test
102,-1,26,0.22059030357856377,0.9807773592511233,eggplant,False,True,out_of_distribution,coco_stuff_negatives,field_test
102,-1,37,0.34380278518885793,0.8812372882906079,strawberry,False,True,out_of_distribution,coco_stuff_negatives,field_test
103,-1,0,0.46749975299728175,0.8288609690441598,tomato,False,True,out_of_distribution,coco_stuff_negatives,field_test
103,-1,11,0.6022248370691455,0.8522915264868638,cucumber,False,True,out_of_distribution,coco_stuff_negatives,field_test
103,-1,19,0.5751824158174864,0.8097969662285815,pepper,False,True,out_of_distribution,coco_stuff_negatives,field_test
103,-1,26,0.4957866915508471,0.8530546208302174,eggplant,False,True,out_of_distribution,coco_stuff_negatives,field_test
103,-1,38,0.5212977127499417,0.8856044350203802,strawberry,False,True,out_of_distribution,coco_stuff_negatives,field_test
104,-1,3,0.46551392922207024,0.744890241459738,tomato,False,True,out_of_distribution,coco_stuff_negatives,field_test
104,-1,11,0.6968392324448146,0.7336627573106309,cucumber,False,True,out_of_distribution,coco_stuff_negatives,field_test
104,-1,19,0.7007453835983989,0.7311522516001102,pepper,False,True,out_of_distribution,coco_stuff_negatives,field_test
104,-1,31,0.7364643057360033,0.7529470825925897,eggplant,False,True,out_of_distribution,coco_stuff_negatives,field_test
104,-1,32,0.46051112125727245,0.6576403878120374,strawberry,False,True,out_of_distribution,coco_stuff_negatives,field_test
105,-1,3,0.2731735097155572,0.9113830513247503,tomato,False,True,out_of_distribution,coco_stuff_negatives,field_test
105,-1,12,0.33172423614854185,0.9597723531992113,cucumber,False,True,out_of_distribution,coco_stuff_negatives,field_test
105,-1,20,0.7151097564164639,0.8607599086528451,pepper,False,True,out_of_distribution,coco_stuff_negatives,field_test
105,-1,30,0.28768869532538965,0.9771237795651828,eggplant,False,True,out_of_distribution,coco_stuff_negatives,field_test
105,-1,37,0.23244856991474652,0.9319644386365228,strawberry,False,True,out_of_distribution,coco_stuff_negatives,field_test
106,-1,4,0.23979118812823355,0.9393516834223004,tomato,False,True,out_of_distribution,coco_stuff_negatives,field_test
106,-1,17,0.4182866510040795,0.7997097912766451,cucumber,False,True,out_of_distribution,coco_stuff_negatives,field_test
106,-1,24,0.45272439863258085,0.8121887169849302,pepper,False,True,out_of_distribution,coco_stuff_negatives,field_test
106,-1,27,0.6520858016509937,0.8076391916890016,eggplant,False,True,out_of_distribution,coco_stuff_negatives,field_test
106,-1,35,0.2838126837994434,0.9267992034557516,strawberry,False,True,out_of_distribution,coco_stuff_negatives,field_test
107,-1,0,0.7848245842171576,0.7274443219779649,tomato,False,True,out_of_distribution,coco_stuff_negatives,field_test
107,-1,11,0.2862372769993737,0.7612247854701251,cucumber,False,True,out_of_distribution,coco_stuff_negatives,field_test
107,-1,19,0.45504178085351665,0.8369574460376772,pepper,False,True,out_of_distribution,coco_stuff_negatives,field_test
107,-1,27,0.3736312432511899,0.9475822382288407,eggplant,False,True,out_of_distribution,coco_stuff_negatives,field_test
107,-1,32,0.9202388544699376,0.5908447858861661,strawberry,False,True,out_of_distribution,coco_stuff_negatives,field_test
108,-1,0,0.6559716908754293,0.7129558125743474,tomato,False,True,out_of_distribution,coco_stuff_negatives,field_test
108,-1,15,0.3496362988005276,0.8368328569752113,cucumber,False,True,out_of_distribution,coco_stuff_negatives,field_test
108,-1,22,0.3531727494691741,0.8572757704026807,pepper,False,True,out_of_distribution,coco_stuff_negatives,field_test
108,-1,31,0.6951540448111627,0.7851527444574198,eggplant,False,True,out_of_distribution,coco_stuff_negatives,field_test
108,-1,32,0.695916883110885,0.6739175103815591,strawberry,False,True,out_of_distribution,coco_stuff_negatives,field_test
109,-1,0,0.5396826840225526,0.8583694058932333,tomato,False,True,out_of_distribution,coco_stuff_negatives,field_test
109,-1,12,0.23449301112702564,0.9147923058625966,cucumber,False,True,out_of_distribution,coco_stuff_negatives,field_test
109,-1,19,0.6699624365516216,0.7999024492127187,pepper,False,True,out_of_distribution,coco_stuff_negatives,field_test
109,-1,25,0.269266080462128,0.8702469683563365,eggplant,False,True,out_of_distribution,coco_stuff_negatives,field_test
109,-1,35,0.40413784677379255,0.8404496286913534,strawberry,False,True,out_of_distribution,coco_stuff_negatives,field_test
110,-1,5,0.29689988572574455,0.8893683691367064,tomato,False,True,out_of_distribution,coco_stuff_negatives,field_test
110,-1,13,0.2353295376471894,0.9900891515902956,cucumber,False,True,out_of_distribution,coco_stuff_negatives,field_test
110,-1,20,0.7589053596581335,0.8251598605533292,pepper,False,True,out_of_distribution,coco_stuff_negatives,field_test
110,-1,27,0.430189198436366,0.8917893311989521,eggplant,False,True,out_of_distribution,coco_stuff_negatives,field_test
110,-1,32,0.4077460704148196,0.8769737258071062,strawberry,False,True,out_of_distribution,coco_stuff_negatives,field_test
111,-1,0,0.5468062463066218,0.6708977076312203,tomato,False,True,out_of_distribution,coco_stuff_negatives,field_test
111,-1,11,0.25303321033131304,0.7236490729442506,cucumber,False,True,out_of_distribution,coco_stuff_negatives,field_test
111,-1,19,0.7340046730527603,0.7877949550950891,pepper,False,True,out_of_distribution,coco_stuff_negatives,field_test
111,-1,25,0.5925414663152998,0.7068510684180499,eggplant,False,True,out_of_distribution,coco_stuff_negatives,field_test
111,-1,32,0.443810898780728,0.6550776037898551,strawberry,False,True,out_of_distribution,coco_stuff_negatives,field_test
112,-1,0,0.0,,tomato,False,False,camera_obscured,coco_stuff_negatives,field_test
112,-1,0,0.0,,cucumber,False,False,camera_obscured,coco_stuff_negatives,field_test
112,-1,0,0.0,,pepper,False,False,camera_obscured,coco_stuff_negatives,field_test
112,-1,0,0.0,,eggplant,False,False,camera_obscured,coco_stuff_negatives,field_test
112,-1,0,0.0,,strawberry,False,False,camera_obscured,coco_stuff_negatives,field_test
113,-1,0,0.8454507597760142,0.8204936256910407,tomato,False,True,out_of_distribution,coco_stuff_negatives,field_test
113,-1,15,0.3485228457244854,0.8258921530524461,cucumber,False,True,out_of_distribution,coco_stuff_negatives,field_test
113,-1,21,0.2950119625495448,0.9933861372066831,pepper,False,True,out_of_distribution,coco_stuff_negatives,field_test
113,-1,31,0.40605307605868934,0.8724302585912481,eggplant,False,True,out_of_distribution,coco_stuff_negatives,field_test
113,-1,32,0.4498717763632634,0.7445794065889274,strawberry,False,True,out_of_distribution,coco_stuff_negatives,field_test
114,-1,0,0.8148070721548363,0.7134466151512319,tomato,False,True,out_of_distribution,coco_stuff_negatives,field_test
114,-1,11,0.3404945042035683,0.8472218593511474,cucumber,False,True,out_of_distribution,coco_stuff_negatives,field_test
114,-1,19,0.5805459868021661,0.7882840223067525,pepper,False,True,out_of_distribution,coco_stuff_negatives,field_test
114,-1,25,0.3431439148507743,0.7940256095316165,eggplant,False,True,out_of_distribution,coco_stuff_negatives,field_test
114,-1,32,0.444120156750076,0.7580512722322413,strawberry,False,True,out_of_distribution,coco_stuff_negatives,field_test
115,-1,0,0.5653930154505148,0.8440353450595188,tomato,False,True,out_of_distribution,coco_stuff_negatives,field_test
115,-1,13,0.6671340404221356,0.6968051231563533,cucumber,False,True,out_of_distribution,coco_stuff_negatives,field_test
115,-1,19,0.3810875609840243,0.8839754822150424,pepper,False,True,out_of_distribution,coco_stuff_negatives,field_test
115,-1,27,0.5754698314448692,0.8735872227804841,eggplant,False,True,out_of_distribution,coco_stuff_negatives,field_test
115,-1,32,0.45838256241148634,0.7902348950800703,strawberry,False,True,out_of_distribution,coco_stuff_negatives,field_test
116,-1,0,0.8312599904430453,0.61832591912969,tomato,False,True,out_of_distribution,coco_stuff_negatives,field_test
116,-1,11,0.6109931229642276,0.6375379757446391,cucumber,False,True,out_of_distribution,coco_stuff_negatives,field_test
116,-1,19,0.3923364821197333,0.7946652238009524,pepper,False,True,out_of_distribution,coco_stuff_negatives,field_test
116,-1,25,0.4117156913922251,0.7107449067788876,eggplant,False,True,out_of_distribution,coco_stuff_negatives,field_test
116,-1,32,0.7090807294706938,0.6302127082506245,strawberry,False,True,out_of_distribution,coco_stuff_negatives,field_test
117,-1,0,0.8932831987293604,0.6800081056731568,tomato,False,True,out_of_distribution,coco_stuff_negatives,field_test
117,-1,11,0.5082963903904452,0.706600947812204,cucumber,False,True,out_of_distribution,coco_stuff_negatives,field_test
117,-1,22,0.35634021543286803,0.9264350848644451,pepper,False,True,out_of_distribution,coco_stuff_negatives,field_test
117,-1,31,0.32758599641018116,0.893207676836486,eggplant,False,True,out_of_distribution,coco_stuff_negatives,field_test
117,-1,32,0.35712127224492396,0.7952761856300898,strawberry,False,True,out_of_distribution,coco_stuff_negatives,field_test
118,-1,5,0.27980046209423326,0.8371184458956666,tomato,False,True,out_of_distribution,coco_stuff_negatives,field_test
118,-1,18,0.409233753143943,0.9332202205624105,cucumber,False,True,out_of_distribution,coco_stuff_negatives,field_test
118,-1,24,0.485465391650085,0.812558348894697,pepper,False,True,out_of_distribution,coco_stuff_negatives,field_test
118,-1,28,0.34470110586584307,0.8720059306557095,eggplant,False,True,out_of_distribution,coco_stuff_negatives,field_test
118,-1,33,0.5107722562609126,0.8195999333168353,strawberry,False,True,out_of_distribution,coco_stuff_negatives,field_test
119,-1,0,0.28393087215603696,0.9673143253896266,tomato,False,True,out_of_distribution,coco_stuff_negatives,field_test
119,-1,11,0.33689073270772035,0.8930244551172107,cucumber,False,True,out_of_distribution,coco_stuff_negatives,field_test
119,-1,22,0.3316765419314686,0.8417907614111519,pepper,False,True,out_of_distribution,coco_stuff_negatives,field_test
119,-1,28,0.2607613787187768,1.0398353586741769,eggplant,False,True,out_of_distribution,coco_stuff_negatives,field_test
119,-1,32,0.3594862572616888,0.8974929580791127,strawberry,False,True,out_of_distribution,coco_stuff_negatives,field_test
120,-1,0,0.4972732952451899,0.8090657859870446,tomato,False,True,out_of_distribution,coco_stuff_negatives,field_test
120,-1,12,0.6260054682769839,0.8435412450701727,cucumber,False,True,out_of_distribution,coco_stuff_negatives,field_test
120,-1,19,0.4091601310012383,0.8837119551664459,pepper,False,True,out_of_distribution,coco_stuff_negatives,field_test
120,-1,27,0.3687079156131166,0.9306385674117462,eggplant,False,True,out_of_distribution,coco_stuff_negatives,field_test
120,-1,33,0.38811434334798506,0.9335289696125654,strawberry,False,True,out_of_distribution,coco_stuff_negatives,field_test
121,-1,0,0.7554634836645198,0.6537171998966154,tomato,False,True,out_of_distribution,coco_stuff_negatives,field_test
121,-1,11,0.4070805155776644,0.7230977266911345,cucumber,False,True,out_of_distribution,coco_stuff_negatives,field_test
121,-1,22,0.3740357106393144,0.8440174644362097,pepper,False,True,out_of_distribution,coco_stuff_negatives,field_test
121,-1,31,0.3212229638764222,0.8939011142340324,eggplant,False,True,out_of_distribution,coco_stuff_negatives,field_test
121,-1,32,0.5774416279337244,0.6990304308053378,strawberry,False,True,out_of_distribution,coco_stuff_negatives,field_test
122,-1,5,0.4718683732920755,0.8569828406426913,tomato,False,True,out_of_distribution,coco_stuff_negatives,field_test
122,-1,18,0.2714369745000068,0.9655610358535667,cucumber,False,True,out_of_distribution,coco_stuff_negatives,field_test
122,-1,20,0.3321381084343088,0.9036734046233416,pepper,False,True,out_of_distribution,coco_stuff_negatives,field_test
122,-1,26,0.3672222163683149,0.960523355891914,eggplant,False,True,out_of_distribution,coco_stuff_negatives,field_test
122,-1,33,0.28536228633720795,0.8794922426077774,strawberry,False,True,out_of_distribution,coco_stuff_negatives,field_test
123,-1,0,0.0,,tomato,False,False,camera_obscured,coco_stuff_negatives,field_test
123,-1,0,0.0,,cucumber,False,False,camera_obscured,coco_stuff_negatives,field_test
123,-1,0,0.0,,pepper,False,False,camera_obscured,coco_stuff_negatives,field_test
123,-1,0,0.0,,eggplant,False,False,camera_obscured,coco_stuff_negatives,field_test
123,-1,0,0.0,,strawberry,False,False,camera_obscured,coco_stuff_negatives,field_test
124,-1,0,0.7618597694648109,0.7156725406136504,tomato,False,True,out_of_distribution,coco_stuff_negatives,field_test
124,-1,11,0.42129164930906227,0.7830217309617701,cucumber,False,True,out_of_distribution,coco_stuff_negatives,field_test
124,-1,24,0.36346761817429035,0.9067748246510268,pepper,False,True,out_of_distribution,coco_stuff_negatives,field_test
124,-1,27,0.25980881703098657,0.8367287341157563,eggplant,False,True,out_of_distribution,coco_stuff_negatives,field_test
124,-1,38,0.34650123133514027,0.8218334389226933,strawberry,False,True,out_of_distribution,coco_stuff_negatives,field_test
125,-1,0,0.46794591716871986,0.7219872134610406,tomato,False,True,out_of_distribution,coco_stuff_negatives,field_test
125,-1,11,0.5083780480049357,0.7748375326308737,cucumber,False,True,out_of_distribution,coco_stuff_negatives,field_test
125,-1,19,0.39123528096324195,0.8071018568188901,pepper,False,True,out_of_distribution,coco_stuff_negatives,field_test
125,-1,26,0.25914903478495305,0.8857012629240697,eggplant,False,True,out_of_distribution,coco_stuff_negatives,field_test
125,-1,32,0.43875905022554107,0.7218082040226498,strawberry,False,True,out_of_distribution,coco_stuff_negatives,field_test
126,-1,0,0.5001294598969335,0.7348480573523029,tomato,False,True,out_of_distribution,coco_stuff_negatives,field_test
126,-1,15,0.3984387801777549,0.766045140783505,cucumber,False,True,out_of_distribution,coco_stuff_negatives,field_test
126,-1,19,0.6482248806368032,0.7792728940140583,pepper,False,True,out_of_distribution,coco_stuff_negatives,field_test
126,-1,31,0.555384288466404,0.6990757286278892,eggplant,False,True,out_of_distribution,coco_stuff_negatives,field_test
126,-1,32,0.6120509110070992,0.7480859737842214,strawberry,False,True,out_of_distribution,coco_stuff_negatives,field_test
127,-1,0,0.6514477655633273,0.7278538971880804,tomato,False,True,out_of_distribution,coco_stuff_negatives,field_test
127,-1,11,0.7117892699805571,0.709996821194688,cucumber,False,True,out_of_distribution,coco_stuff_negatives,field_test
127,-1,19,0.9226875106309465,0.7536670048048222,pepper,False,True,out_of_distribution,coco_stuff_negatives,field_test
127,-1,25,0.4659711784771021,0.7837101974524076,eggplant,False,True,out_of_distribution,coco_stuff_negatives,field_test
127,-1,32,0.612561430607782,0.7089200471346381,strawberry,False,True,out_of_distribution,coco_stuff_negatives,field_test
128,-1,0,0.6864956326346,0.7424463491509596,tomato,False,True,out_of_distribution,coco_stuff_negatives,field_test
128,-1,11,0.5485631779030381,0.8241313527947086,cucumber,False,True,out_of_distribution,coco_stuff_negatives,field_test
128,-1,19,0.5161488610524997,0.7990875632284913,pepper,False,True,out_of_distribution,coco_stuff_negatives,field_test
128,-1,31,0.35408936395267593,0.9076050890375102,eggplant,False,True,out_of_distribution,coco_stuff_negatives,field_test
128,-1,32,0.33089550022057357,0.8339859865565431,strawberry,False,True,out_of_distribution,coco_stuff_negatives,field_test
129,-1,0,0.8026762244299227,0.6891256384071509,tomato,False,True,out_of_distribution,coco_stuff_negatives,field_test
129,-1,13,0.3794221527547518,0.8899857004218202,cucumber,False,True,out_of_distribution,coco_stuff_negatives,field_test
129,-1,22,0.280040692144965,0.8974177172872718,pepper,False,True,out_of_distribution,coco_stuff_negatives,field_test
129,-1,26,0.19063768703985304,0.8867557403341241,eggplant,False,True,out_of_distribution,coco_stuff_negatives,field_test
129,-1,32,0.5912764550044681,0.6641908542489793,strawberry,False,True,out_of_distribution,coco_stuff_negatives,field_test
130,-1,0,0.8261067150365138,0.84399469937894,tomato,False,True,out_of_distribution,coco_stuff_negatives,field_test
130,-1,11,0.5964400481002402,0.8891314803363053,cucumber,False,True,out_of_distribution,coco_stuff_negatives,field_test
130,-1,20,0.648273858932885,0.7291891053343547,pepper,False,True,out_of_distribution,coco_stuff_negatives,field_test
130,-1,26,0.47881879317121645,0.7854231825932791,eggplant,False,True,out_of_distribution,coco_stuff_negatives,field_test
130,-1,33,0.3037007530458681,0.8220332858149855,strawberry,False,True,out_of_distribution,coco_stuff_negatives,field_test
131,-1,0,0.3094545247497347,0.9406678760197997,tomato,False,True,out_of_distribution,coco_stuff_negatives,field_test
131,-1,18,0.4353289402772246,0.8925771095639785,cucumber,False,True,out_of_distribution,coco_stuff_negatives,field_test
131,-1,19,0.41044906437031076,0.895876578555804,pepper,False,True,out_of_distribution,coco_stuff_negatives,field_test
131,-1,26,0.3535656125780302,0.8936043407263229,eggplant,False,True,out_of_distribution,coco_stuff_negatives,field_test
131,-1,32,0.3108038681931371,0.9137881330385149,strawberry,False,True,out_of_distribution,coco_stuff_negatives,field_test
132,-1,9,0.3267301170796247,0.8012556635870621,tomato,False,True,out_of_distribution,coco_stuff_negatives,field_test
132,-1,13,0.3467454041053549,0.7316600047921518,cucumber,False,True,out_of_distribution,coco_stuff_negatives,field_test
132,-1,24,0.4739249028989608,0.8333308184621453,pepper,False,True,out_of_distribution,coco_stuff_negatives,field_test
132,-1,27,0.2602944946699661,0.8895751868398791,eggplant,False,True,out_of_distribution,coco_stuff_negatives,field_test
132,-1,32,0.4162336528319374,0.8561778567688616,strawberry,False,True,out_of_distribution,coco_stuff_negatives,field_test
133,-1,4,0.49481588004191224,0.8550593664961592,tomato,False,True,out_of_distribution,coco_stuff_negatives,field_test
133,-1,11,0.2809779261455125,0.8484993310797244,cucumber,False,True,out_of_distribution,coco_stuff_negatives,field_test
133,-1,19,0.40582735713273554,0.8517490172454668,pepper,False,True,out_of_distribution,coco_stuff_negatives,field_test
133,-1,30,0.357220066887699,0.938493333818745,eggplant,False,True,out_of_distribution,coco_stuff_negatives,field_test
133,-1,32,0.25615918772525564,0.8315578508546464,strawberry,False,True,out_of_distribution,coco_stuff_negatives,field_test
134,-1,4,0.35944035500503335,0.9225187776224947,tomato,False,True,out_of_distribution,coco_stuff_negatives,field_test
134,-1,13,0.36632413665592645,0.8388815449998017,cucumber,False,True,out_of_distribution,coco_stuff_negatives,field_test
134,-1,24,0.3628106605162841,0.8453789340525344,pepper,False,True,out_of_distribution,coco_stuff_negatives,field_test
134,-1,27,0.5825194072773145,0.8892787985940331,eggplant,False,True,out_of_distribution,coco_stuff_negatives,field_test
134,-1,37,0.3849029439815066,0.8279661878554692,strawberry,False,True,out_of_distribution,coco_stuff_negatives,field_test
135,-1,1,0.2824453498982363,0.8873494190040898,tomato,False,True,out_of_distribution,coco_stuff_negatives,field_test
135,-1,13,0.6601547714369372,0.7363234706269279,cucumber,False,True,out_of_distribution,coco_stuff_negatives,field_test
135,-1,19,0.31406376093975175,0.9179187368805851,pepper,False,True,out_of_distribution,coco_stuff_negatives,field_test
135,-1,27,0.6074331881257149,0.8075662262972718,eggplant,False,True,out_of_distribution,coco_stuff_negatives,field_test
135,-1,32,0.4158514703934325,0.8251787869153067,strawberry,False,True,out_of_distribution,coco_stuff_negatives,field_test
136,-1,0,0.39704073311479865,0.7788613961126147,tomato,False,True,out_of_distribution,coco_stuff_negatives,field_test
136,-1,18,0.40921225653591814,0.9206944477965826,cucumber,False,True,out_of_distribution,coco_stuff_negatives,field_test
136,-1,19,0.8142171539910489,0.7865842231113073,pepper,False,True,out_of_distribution,coco_stuff_negatives,field_test
136,-1,25,0.3463872559684943,0.8155770280555177,eggplant,False,True,out_of_distribution,coco_stuff_negatives,field_test
136,-1,32,0.4273139322025058,0.8199096372194754,strawberry,False,True,out_of_distribution,coco_stuff_negatives,field_test
137,-1,3,0.3097245774218244,0.8419487301569707,tomato,False,True,out_of_distribution,coco_stuff_negatives,field_test
137,-1,13,0.5355555275501297,0.9131051159239749,cucumber,False,True,out_of_distribution,coco_stuff_negatives,field_test
137,-1,22,0.7888894634250342,0.7238004245226357,pepper,False,True,out_of_distribution,coco_stuff_negatives,field_test
137,-1,29,0.5553811724768342,0.9302620736235293,eggplant,False,True,out_of_distribution,coco_stuff_negatives,field_test
137,-1,34,0.24997845839088373,0.8848812874667746,strawberry,False,True,out_of_distribution,coco_stuff_negatives,field_test
138,-1,4,0.3370874300741796,0.8429775623913323,tomato,False,True,out_of_distribution,coco_stuff_negatives,field_test
138,-1,18,0.4170948895652112,0.808339973685469,cucumber,False,True,out_of_distribution,coco_stuff_negatives,field_test
138,-1,24,0.4862927551332851,0.8354392941325417,pepper,False,True,out_of_distribution,coco_stuff_negatives,field_test
138,-1,30,0.2680716657094463,0.8955507800907367,eggplant,False,True,out_of_distribution,coco_stuff_negatives,field_test
138,-1,35,0.30941758639439565,0.8043479232106203,strawberry,False,True,out_of_distribution,coco_stuff_negatives,field_test
139,-1,4,0.26025564201368534,0.8470589981229208,tomato,False,True,out_of_distribution,coco_stuff_negatives,field_test
139,-1,13,0.27565318599866573,0.8784810596770557,cucumber,False,True,out_of_distribution,coco_stuff_negatives,field_test
139,-1,24,0.4500759205317553,0.8895173425582621,pepper,False,True,out_of_distribution,coco_stuff_negatives,field_test
139,-1,27,0.39123784111143445,0.832527060241348,eggplant,False,True,out_of_distribution,coco_stuff_negatives,field_test
139,-1,35,0.2726725493063597,0.9514339448263923,strawberry,False,True,out_of_distribution,coco_stuff_negatives,field_test
140,-1,6,0.35464453903077164,0.8282248707870927,tomato,False,True,out_of_distribution,coco_stuff_negatives,field_test
140,-1,13,0.550896427024006,0.7396053157976915,cucumber,False,True,out_of_distribution,coco_stuff_negatives,field_test
140,-1,22,0.38717330481338236,0.9085809618523452,pepper,False,True,out_of_distribution,coco_stuff_negatives,field_test
140,-1,27,0.45433976482581023,0.871038037906144,eggplant,False,True,out_of_distribution,coco_stuff_negatives,field_test
140,-1,32,0.4721526351702552,0.7906655717617079,strawberry,False,True,out_of_distribution,coco_stuff_negatives,field_test
141,-1,2,0.3453384412977142,0.8598635548043667,tomato,False,True,out_of_distribution,coco_stuff_negatives,field_test
141,-1,15,0.3652346611215651,0.8628441794451821,cucumber,False,True,out_of_distribution,coco_stuff_negatives,field_test
141,-1,20,0.312236439178547,0.8870232728840963,pepper,False,True,out_of_distribution,coco_stuff_negatives,field_test
141,-1,26,0.34783895554343003,0.8861712171136207,eggplant,False,True,out_of_distribution,coco_stuff_negatives,field_test
141,-1,34,0.25389040793250073,0.9844672719127221,strawberry,False,True,out_of_distribution,coco_stuff_negatives,field_test
142,-1,3,0.3091382260672625,0.815859066733926,tomato,False,True,out_of_distribution,coco_stuff_negatives,field_test
142,-1,18,0.2480216358001885,0.8952534475459099,cucumber,False,True,out_of_distribution,coco_stuff_negatives,field_test
142,-1,22,0.516228568682618,0.9104821177348696,pepper,False,True,out_of_distribution,coco_stuff_negatives,field_test
142,-1,27,0.29265855910074945,0.9708829849033264,eggplant,False,True,out_of_distribution,coco_stuff_negatives,field_test
142,-1,35,0.5268833534700254,0.7859383202914014,strawberry,False,True,out_of_distribution,coco_stuff_negatives,field_test
143,-1,9,0.6068762491515152,0.7310351629493506,tomato,False,True,out_of_distribution,coco_stuff_negatives,field_test
143,-1,11,0.2922365683131188,0.8993577439004755,cucumber,False,True,out_of_distribution,coco_stuff_negatives,field_test
143,-1,19,0.4319026921049676,0.8069171602170885,pepper,False,True,out_of_distribution,coco_stuff_negatives,field_test
143,-1,26,0.2496835601754344,0.8946650044494493,eggplant,False,True,out_of_distribution,coco_stuff_negatives,field_test
143,-1,34,0.48533964997107176,0.7773947516993258,strawberry,False,True,out_of_distribution,coco_stuff_negatives,field_test
144,-1,0,0.859785819689832,0.7735796102791563,tomato,False,True,out_of_distribution,coco_stuff_negatives,field_test
144,-1,15,0.35501438281938147,0.808146940153549,cucumber,False,True,out_of_distribution,coco_stuff_negatives,field_test
144,-1,19,0.3021258371195543,0.8853096206365749,pepper,False,True,out_of_distribution,coco_stuff_negatives,field_test
144,-1,31,0.4691181517017978,0.8533968544107776,eggplant,False,True,out_of_distribution,coco_stuff_negatives,field_test
144,-1,33,0.33161980946579844,0.8807141130542725,strawberry,False,True,out_of_distribution,coco_stuff_negatives,field_test
145,-1,9,0.4568357404510701,0.7725880601575894,tomato,False,True,out_of_distribution,coco_stuff_negatives,field_test
145,-1,15,0.449466997553574,0.9290295445700322,cucumber,False,True,out_of_distribution,coco_stuff_negatives,field_test
145,-1,19,0.6206061745473099,0.8690034697121958,pepper,False,True,out_of_distribution,coco_stuff_negatives,field_test
145,-1,26,0.5288501171815077,0.7539681583974721,eggplant,False,True,out_of_distribution,coco_stuff_negatives,field_test
145,-1,34,0.34353018177881506,0.8824517464680206,strawberry,False,True,out_of_distribution,coco_stuff_negatives,field_test
146,-1,0,0.8949852156157919,0.664328965262488,tomato,False,True,out_of_distribution,coco_stuff_negatives,field_test
146,-1,11,0.43392972770096006,0.7798712572488524,cucumber,False,True,out_of_distribution,coco_stuff_negatives,field_test
146,-1,19,0.8358858621888026,0.7538734044560103,pepper,False,True,out_of_distribution,coco_stuff_negatives,field_test
146,-1,31,0.522715353167827,0.7942253821518527,eggplant,False,True,out_of_distribution,coco_stuff_negatives,field_test
146,-1,32,0.41935915079164626,0.7524987303277855,strawberry,False,True,out_of_distribution,coco_stuff_negatives,field_test
147,-1,0,0.33295592444834476,0.7808468630608782,tomato,False,True,out_of_distribution,coco_stuff_negatives,field_test
147,-1,15,0.22387486115854754,0.8454208461394105,cucumber,False,True,out_of_distribution,coco_stuff_negatives,field_test
147,-1,19,0.4552555114841536,0.7786854594478718,pepper,False,True,out_of_distribution,coco_stuff_negatives,field_test
147,-1,31,0.7011652687672684,0.7828562044516316,eggplant,False,True,out_of_distribution,coco_stuff_negatives,field_test
147,-1,33,0.2632198233335829,0.9275390337595805,strawberry,False,True,out_of_distribution,coco_stuff_negatives,field_test
148,-1,0,0.6740762363443478,0.7449515511927659,tomato,False,True,out_of_distribution,coco_stuff_negatives,field_test
148,-1,13,0.3043812717283043,0.9557637761763202,cucumber,False,True,out_of_distribution,coco_stuff_negatives,field_test
148,-1,19,0.5212428852065705,0.769338659912452,pepper,False,True,out_of_distribution,coco_stuff_negatives,field_test
148,-1,27,0.57098773416331,0.8550974175605712,eggplant,False,True,out_of_distribution,coco_stuff_negatives,field_test
148,-1,32,0.6258028414630098,0.7111601374457053,strawberry,False,True,out_of_distribution,coco_stuff_negatives,field_test
149,-1,1,0.2669930270102803,0.8566809391520438,tomato,False,True,out_of_distribution,coco_stuff_negatives,field_test
149,-1,18,0.49313545999681424,0.8636830623735084,cucumber,False,True,out_of_distribution,coco_stuff_negatives,field_test
149,-1,19,0.8119267531560542,0.7089443625055665,pepper,False,True,out_of_distribution,coco_stuff_negatives,field_test
149,-1,27,0.3633765875881905,0.9622896689347671,eggplant,False,True,out_of_distribution,coco_stuff_negatives,field_test
149,-1,32,0.47572724682575274,0.8719651803589212,strawberry,False,True,out_of_distribution,coco_stuff_negatives,field_test
150,-1,0,0.42810473330728943,0.8641238155355873,tomato,False,True,out_of_distribution,coco_stuff_negatives,field_test
150,-1,13,0.2126293292041591,0.8797268408885345,cucumber,False,True,out_of_distribution,coco_stuff_negatives,field_test
150,-1,19,0.40407206498638254,0.8849114867567236,pepper,False,True,out_of_distribution,coco_stuff_negatives,field_test
150,-1,27,0.3398602012511641,0.9720490156477827,eggplant,False,True,out_of_distribution,coco_stuff_negatives,field_test
150,-1,32,0.4464730805736985,0.8133115283685162,strawberry,False,True,out_of_distribution,coco_stuff_negatives,field_test
151,-1,0,0.0,,tomato,False,False,camera_obscured,coco_stuff_negatives,field_test
151,-1,0,0.0,,cucumber,False,False,camera_obscured,coco_stuff_negatives,field_test
151,-1,0,0.0,,pepper,False,False,camera_obscured,coco_stuff_negatives,field_test
151,-1,0,0.0,,eggplant,False,False,camera_obscured,coco_stuff_negatives,field_test
151,-1,0,0.0,,strawberry,False,False,camera_obscured,coco_stuff_negatives,field_test
152,-1,0,0.7515658659755657,0.7936922225451374,tomato,False,True,out_of_distribution,coco_stuff_negatives,field_test
152,-1,11,0.37980081130626464,0.7861275083953233,cucumber,False,True,out_of_distribution,coco_stuff_negatives,field_test
152,-1,22,0.8559556853948331,0.7888233275409764,pepper,False,True,out_of_distribution,coco_stuff_negatives,field_test
152,-1,25,0.41706959298002905,0.7859292931360052,eggplant,False,True,out_of_distribution,coco_stuff_negatives,field_test
152,-1,32,0.3353884719271127,0.7715784655186642,strawberry,False,True,out_of_distribution,coco_stuff_negatives,field_test
153,-1,0,0.4273507462182655,0.8006954488394877,tomato,False,True,out_of_distribution,coco_stuff_negatives,field_test
153,-1,12,0.4622452832674339,0.8753733938878807,cucumber,False,True,out_of_distribution,coco_stuff_negatives,field_test
153,-1,21,0.27705337153548004,1.0133238070613477,pepper,False,True,out_of_distribution,coco_stuff_negatives,field_test
153,-1,27,0.3915675077537049,0.8394787632208537,eggplant,False,True,out_of_distribution,coco_stuff_negatives,field_test
153,-1,32,0.3067190508521085,0.7710861626515326,strawberry,False,True,out_of_distribution,coco_stuff_negatives,field_test
154,-1,0,0.6368335452520275,0.6955261108786569,tomato,False,True,out_of_distribution,coco_stuff_negatives,field_test
154,-1,13,0.758784802955223,0.7851433973619992,cucumber,False,True,out_of_distribution,coco_stuff_negatives,field_test
154,-1,19,0.6805939541341588,0.7071786369060303,pepper,False,True,out_of_distribution,coco_stuff_negatives,field_test
154,-1,30,0.269513716706755,0.9489887927935091,eggplant,False,True,out_of_distribution,coco_stuff_negatives,field_test
154,-1,32,0.4300504973438633,0.763540025973799,strawberry,False,True,out_of_distribution,coco_stuff_negatives,field_test
155,-1,0,0.0,,tomato,False,False,camera_obscured,coco_stuff_negatives,field_test
155,-1,0,0.0,,cucumber,False,False,camera_obscured,coco_stuff_negatives,field_test
155,-1,0,0.0,,pepper,False,False,camera_obscured,coco_stuff_negatives,field_test
155,-1,0,0.0,,eggplant,False,False,camera_obscured,coco_stuff_negatives,field_test
155,-1,0,0.0,,strawberry,False,False,camera_obscured,coco_stuff_negatives,field_test
156,-1,0,0.5845742535080183,0.7300110405316691,tomato,False,True,out_of_distribution,coco_stuff_negatives,field_test
156,-1,11,0.4296646755837721,0.7775520464601228,cucumber,False,True,out_of_distribution,coco_stuff_negatives,field_test
156,-1,19,0.5219848475690404,0.7667687024883008,pepper,False,True,out_of_distribution,coco_stuff_negatives,field_test
156,-1,27,0.48675669731287835,0.889941467828582,eggplant,False,True,out_of_distribution,coco_stuff_negatives,field_test
156,-1,32,0.5980733272090618,0.648295522116203,strawberry,False,True,out_of_distribution,coco_stuff_negatives,field_test
157,-1,0,0.35981297347720753,0.8955442262470225,tomato,False,True,out_of_distribution,coco_stuff_negatives,field_test
157,-1,11,0.4883064165461894,0.7945917494718078,cucumber,False,True,out_of_distribution,coco_stuff_negatives,field_test
157,-1,19,0.41185059188417383,0.8356627302973658,pepper,False,True,out_of_distribution,coco_stuff_negatives,field_test
157,-1,27,0.38866193084540673,0.8352496008482511,eggplant,False,True,out_of_distribution,coco_stuff_negatives,field_test
157,-1,32,0.5219661388383565,0.8238547764806469,strawberry,False,True,out_of_distribution,coco_stuff_negatives,field_test
158,-1,0,0.40004786240104295,0.9222788706560686,tomato,False,True,out_of_distribution,coco_stuff_negatives,field_test
158,-1,13,0.6038802683769317,0.7376489673244807,cucumber,False,True,out_of_distribution,coco_stuff_negatives,field_test
158,-1,24,0.3320202537564855,0.8133498836468668,pepper,False,True,out_of_distribution,coco_stuff_negatives,field_test
158,-1,27,0.27651204828950937,0.9623834782581078,eggplant,False,True,out_of_distribution,coco_stuff_negatives,field_test
158,-1,32,0.555824589832281,0.8323839031004436,strawberry,False,True,out_of_distribution,coco_stuff_negatives,field_test
159,-1,5,0.4666694597968456,0.8622156338344327,tomato,False,True,out_of_distribution,coco_stuff_negatives,field_test
159,-1,15,0.3853577947136025,0.89774331211436,cucumber,False,True,out_of_distribution,coco_stuff_negatives,field_test
159,-1,21,0.6959602095853126,0.9294934412994782,pepper,False,True,out_of_distribution,coco_stuff_negatives,field_test
159,-1,31,0.298121232049981,0.9479855693861459,eggplant,False,True,out_of_distribution,coco_stuff_negatives,field_test
159,-1,35,0.2962928133838499,0.912825022701565,strawberry,False,True,out_of_distribution,coco_stuff_negatives,field_test
160,-1,6,0.28603459225205485,0.8559898031355959,tomato,False,True,out_of_distribution,coco_stuff_negatives,field_test
160,-1,12,0.3728371551077756,0.9165304626992974,cucumber,False,True,out_of_distribution,coco_stuff_negatives,field_test
160,-1,20,0.33160995608370286,0.8645683296053742,pepper,False,True,out_of_distribution,coco_stuff_negatives,field_test
160,-1,25,0.6098972209369385,0.8453563680561723,eggplant,False,True,out_of_distribution,coco_stuff_negatives,field_test
160,-1,33,0.2955073527719579,0.84274355265321,strawberry,False,True,out_of_distribution,coco_stuff_negatives,field_test
161,-1,0,0.8857293788231646,0.6742428454675844,tomato,False,True,out_of_distribution,coco_stuff_negatives,field_test
161,-1,11,0.4902121908753245,0.7159999601579784,cucumber,False,True,out_of_distribution,coco_stuff_negatives,field_test
161,-1,19,0.7203175820520595,0.7642838277535384,pepper,False,True,out_of_distribution,coco_stuff_negatives,field_test
161,-1,25,0.6755797266518991,0.713345049198393,eggplant,False,True,out_of_distribution,coco_stuff_negatives,field_test
161,-1,32,0.6092201043163139,0.6991871417907196,strawberry,False,True,out_of_distribution,coco_stuff_negatives,field_test
162,-1,6,0.3015139298545235,0.9128955786615235,tomato,False,True,out_of_distribution,coco_stuff_negatives,field_test
162,-1,13,0.19503443870073994,1.0098492505271448,cucumber,False,True,out_of_distribution,coco_stuff_negatives,field_test
162,-1,20,0.3523789136513221,0.9472968317355215,pepper,False,True,out_of_distribution,coco_stuff_negatives,field_test
162,-1,30,0.2657333519049309,0.940082608427357,eggplant,False,True,out_of_distribution,coco_stuff_negatives,field_test
162,-1,33,0.3100879827130729,0.8696048531647744,strawberry,False,True,out_of_distribution,coco_stuff_negatives,field_test
163,-1,0,0.7324144073242357,0.6010295522439164,tomato,False,True,out_of_distribution,coco_stuff_negatives,field_test
163,-1,11,0.36111897455719466,0.7520466911142469,cucumber,False,True,out_of_distribution,coco_stuff_negatives,field_test
163,-1,19,0.33704568931462453,0.7828811122633313,pepper,False,True,out_of_distribution,coco_stuff_negatives,field_test
163,-1,25,0.36839679957301313,0.7019463406727922,eggplant,False,True,out_of_distribution,coco_stuff_negatives,field_test
163,-1,32,0.863738358380263,0.6372197010216171,strawberry,False,True,out_of_distribution,coco_stuff_negatives,field_test
164,-1,0,0.7568051361964556,0.7943696735772471,tomato,False,True,out_of_distribution,coco_stuff_negatives,field_test
164,-1,13,0.2375621908961927,0.9411797876289286,cucumber,False,True,out_of_distribution,coco_stuff_negatives,field_test
164,-1,19,0.36463724971534256,0.8690225658534325,pepper,False,True,out_of_distribution,coco_stuff_negatives,field_test
164,-1,27,0.26653152667975033,1.004951805297394,eggplant,False,True,out_of_distribution,coco_stuff_negatives,field_test
164,-1,33,0.36573355085605724,0.9199852504185222,strawberry,False,True,out_of_distribution,coco_stuff_negatives,field_test
165,-1,0,0.6402342867065122,0.7953539788547838,tomato,False,True,out_of_distribution,coco_stuff_negatives,field_test
165,-1,11,0.6042229087652083,0.8149206544647075,cucumber,False,True,out_of_distribution,coco_stuff_negatives,field_test
165,-1,19,0.4664150056109883,0.8009978472631911,pepper,False,True,out_of_distribution,coco_stuff_negatives,field_test
165,-1,26,0.366118810607636,0.7816983536035227,eggplant,False,True,out_of_distribution,coco_stuff_negatives,field_test
165,-1,32,0.47861078178935257,0.8026464944281696,strawberry,False,True,out_of_distribution,coco_stuff_negatives,field_test
166,-1,0,0.9617782281244129,0.4728248861244816,tomato,False,True,out_of_distribution,coco_stuff_negatives,field_test
166,-1,11,0.49071156643917285,0.6046667337303541,cucumber,False,True,out_of_distribution,coco_stuff_negatives,field_test
166,-1,19,0.7113777402968885,0.6987013841773367,pepper,False,True,out_of_distribution,coco_stuff_negatives,field_test
166,-1,25,0.6049475850674316,0.5854417552421126,eggplant,False,True,out_of_distribution,coco_stuff_negatives,field_test
166,-1,32,0.7650554453151545,0.599968176709212,strawberry,False,True,out_of_distribution,coco_stuff_negatives,field_test
167,-1,0,0.8139198802709284,0.6578647960564881,tomato,False,True,out_of_distribution,coco_stuff_negatives,field_test
167,-1,11,0.45309272639284687,0.6982946539068674,cucumber,False,True,out_of_distribution,coco_stuff_negatives,field_test
167,-1,19,0.38900631946668707,0.7546245755775908,pepper,False,True,out_of_distribution,coco_stuff_negatives,field_test
167,-1,25,0.5913404959260641,0.6988076993488822,eggplant,False,True,out_of_distribution,coco_stuff_negatives,field_test
167,-1,32,0.29344516028807394,0.8014242328649349,strawberry,False,True,out_of_distribution,coco_stuff_negatives,field_test
168,-1,3,0.3505083324019424,0.8621603738049903,tomato,False,True,out_of_distribution,coco_stuff_negatives,field_test
168,-1,13,0.3182343372668675,0.9040752653740852,cucumber,False,True,out_of_distribution,coco_stuff_negatives,field_test
168,-1,19,0.4012468905207852,0.9119522144613476,pepper,False,True,out_of_distribution,coco_stuff_negatives,field_test
168,-1,29,0.4554718971398384,0.9235842624886784,eggplant,False,True,out_of_distribution,coco_stuff_negatives,field_test
168,-1,32,0.2852871670893956,0.9127562784868217,strawberry,False,True,out_of_distribution,coco_stuff_negatives,field_test
169,-1,0,0.7434232261505803,0.7599804687237528,tomato,False,True,out_of_distribution,coco_stuff_negatives,field_test
169,-1,13,0.4447294417752996,0.7427202168405733,cucumber,False,True,out_of_distribution,coco_stuff_negatives,field_test
169,-1,19,0.2531920701788259,0.889277022824539,pepper,False,True,out_of_distribution,coco_stuff_negatives,field_test
169,-1,30,0.2509490292205225,1.0322436761472609,eggplant,False,True,out_of_distribution,coco_stuff_negatives,field_test
169,-1,34,0.3380043220143416,0.8300788021749133,strawberry,False,True,out_of_distribution,coco_stuff_negatives,field_test
170,-1,0,0.44198109328198926,0.86098318743893,tomato,False,True,out_of_distribution,coco_stuff_negatives,field_test
170,-1,17,0.31224418969637224,0.7748886746874062,cucumber,False,True,out_of_distribution,coco_stuff_negatives,field_test
170,-1,19,0.32626266532930326,0.9142188827691855,pepper,False,True,out_of_distribution,coco_stuff_negatives,field_test
170,-1,27,0.4141261858354983,0.9036316528724943,eggplant,False,True,out_of_distribution,coco_stuff_negatives,field_test
170,-1,32,0.6012112239294772,0.7614629729198552,strawberry,False,True,out_of_distribution,coco_stuff_negatives,field_test
171,-1,4,0.41510440598670806,0.9109284169863969,tomato,False,True,out_of_distribution,coco_stuff_negatives,field_test
171,-1,18,0.428762181215965,0.8972519162973582,cucumber,False,True,out_of_distribution,coco_stuff_negatives,field_test
171,-1,24,0.3427047187292217,0.8962809267648375,pepper,False,True,out_of_distribution,coco_stuff_negatives,field_test
171,-1,31,0.5050603558640184,0.9283285052958203,eggplant,False,True,out_of_distribution,coco_stuff_negatives,field_test
171,-1,35,0.2786455585899884,0.8928273525444065,strawberry,False,True,out_of_distribution,coco_stuff_negatives,field_test
172,-1,0,0.5229554869544822,0.8864322189405585,tomato,False,True,out_of_distribution,coco_stuff_negatives,field_test
172,-1,11,0.25416786476441094,0.8965872827131658,cucumber,False,True,out_of_distribution,coco_stuff_negatives,field_test
172,-1,19,0.4030157705711705,0.8892170245346027,pepper,False,True,out_of_distribution,coco_stuff_negatives,field_test
172,-1,31,0.26050804524500076,0.9459587924735803,eggplant,False,True,out_of_distribution,coco_stuff_negatives,field_test
172,-1,34,0.6594961589830043,0.8502089855348014,strawberry,False,True,out_of_distribution,coco_stuff_negatives,field_test
173,-1,3,0.2474986581298413,0.9169592915478515,tomato,False,True,out_of_distribution,coco_stuff_negatives,field_test
173,-1,16,0.35167056598179364,0.8629303924192981,cucumber,False,True,out_of_distribution,coco_stuff_negatives,field_test
173,-1,23,0.33540464740246784,0.9457108223143862,pepper,False,True,out_of_distribution,coco_stuff_negatives,field_test
173,-1,28,0.36355365087136526,0.947503825474379,eggplant,False,True,out_of_distribution,coco_stuff_negatives,field_test
173,-1,35,0.36969507707708715,0.9036321976651174,strawberry,False,True,out_of_distribution,coco_stuff_negatives,field_test
174,-1,0,0.5302360668705604,0.7187974821166474,tomato,False,True,out_of_distribution,coco_stuff_negatives,field_test
174,-1,12,0.2400352482717695,0.9217332864793767,cucumber,False,True,out_of_distribution,coco_stuff_negatives,field_test
174,-1,19,0.36246647260182446,0.7499877881988748,pepper,False,True,out_of_distribution,coco_stuff_negatives,field_test
174,-1,25,0.49047960102427146,0.7509660207764589,eggplant,False,True,out_of_distribution,coco_stuff_negatives,field_test
174,-1,32,0.49106181565598583,0.7236772650958985,strawberry,False,True,out_of_distribution,coco_stuff_negatives,field_test
175,-1,4,0.30187043527814855,0.8986434355416687,tomato,False,True,out_of_distribution,coco_stuff_negatives,field_test
175,-1,18,0.3248111320835581,0.8790753421615767,cucumber,False,True,out_of_distribution,coco_stuff_negatives,field_test
175,-1,20,0.5064244824376318,0.8428085391111946,pepper,False,True,out_of_distribution,coco_stuff_negatives,field_test
175,-1,27,0.22805934521464727,0.8443202813986457,eggplant,False,True,out_of_distribution,coco_stuff_negatives,field_test
175,-1,32,0.3937317259425173,0.7855065455084846,strawberry,False,True,out_of_distribution,coco_stuff_negatives,field_test
176,-1,0,0.31508506809029646,0.873034308718998,tomato,False,True,out_of_distribution,coco_stuff_negatives,field_test
176,-1,13,0.44317868178708225,0.6941521842863531,cucumber,False,True,out_of_distribution,coco_stuff_negatives,field_test
176,-1,19,0.27256952882382207,0.8655539958811055,pepper,False,True,out_of_distribution,coco_stuff_negatives,field_test
176,-1,27,0.25715902743935665,0.8990132677840197,eggplant,False,True,out_of_distribution,coco_stuff_negatives,field_test
176,-1,35,0.32490399337866227,0.886177610321906,strawberry,False,True,out_of_distribution,coco_stuff_negatives,field_test
177,-1,0,0.5538169508898829,0.679407637244142,tomato,False,True,out_of_distribution,coco_stuff_negatives,field_test
177,-1,11,0.6603144154061821,0.6600320191275073,cucumber,False,True,out_of_distribution,coco_stuff_negatives,field_test
177,-1,19,0.5607530822433219,0.7378396987575242,pepper,False,True,out_of_distribution,coco_stuff_negatives,field_test
177,-1,31,0.2588247630790341,0.7889092271971065,eggplant,False,True,out_of_distribution,coco_stuff_negatives,field_test
177,-1,32,0.6659615475141528,0.680958461178806,strawberry,False,True,out_of_distribution,coco_stuff_negatives,field_test
178,-1,0,0.43028441092622244,0.8149745668052547,tomato,False,True,out_of_distribution,coco_stuff_negatives,field_test
178,-1,13,0.3528384688050991,0.7292888042168284,cucumber,False,True,out_of_distribution,coco_stuff_negatives,field_test
178,-1,19,0.568280434438163,0.8211904694009301,pepper,False,True,out_of_distribution,coco_stuff_negatives,field_test
178,-1,27,0.44211729044198617,0.8990623015736985,eggplant,False,True,out_of_distribution,coco_stuff_negatives,field_test
178,-1,32,0.702465769457329,0.6983002512832405,strawberry,False,True,out_of_distribution,coco_stuff_negatives,field_test
179,-1,0,0.6444276840200168,0.6981205320875334,tomato,False,True,out_of_distribution,coco_stuff_negatives,field_test
179,-1,11,0.2705806221663962,0.7987925131297456,cucumber,False,True,out_of_distribution,coco_stuff_negatives,field_test
179,-1,19,0.3510858993615276,0.7322885638656709,pepper,False,True,out_of_distribution,coco_stuff_negatives,field_test
179,-1,31,0.6359974534579276,0.7941187653509417,eggplant,False,True,out_of_distribution,coco_stuff_negatives,field_test
179,-1,32,0.7243067346306334,0.6890618661036019,strawberry,False,True,out_of_distribution,coco_stuff_negatives,field_test
180,-1,5,0.23616416885536706,0.9161198356671705,tomato,False,True,out_of_distribution,coco_stuff_negatives,field_test
180,-1,14,0.293727869007052,0.9022132238963487,cucumber,False,True,out_of_distribution,coco_stuff_negatives,field_test
180,-1,19,0.4753207828734677,0.812382245600539,pepper,False,True,out_of_distribution,coco_stuff_negatives,field_test
180,-1,28,0.36557816224326867,0.9703380889013913,eggplant,False,True,out_of_distribution,coco_stuff_negatives,field_test
180,-1,36,0.4357797267898706,0.9414753106613375,strawberry,False,True,out_of_distribution,coco_stuff_negatives,field_test
181,-1,0,0.4519434442738306,0.9352962462224934,tomato,False,True,out_of_distribution,coco_stuff_negatives,field_test
181,-1,13,0.5242984174504549,0.924230478008137,cucumber,False,True,out_of_distribution,coco_stuff_negatives,field_test
181,-1,22,0.7630962387240335,0.8184932382870912,pepper,False,True,out_of_distribution,coco_stuff_negatives,field_test
181,-1,27,0.4308064863708326,0.9851047594482234,eggplant,False,True,out_of_distribution,coco_stuff_negatives,field_test
181,-1,32,0.3117462500874093,0.8788940828949908,strawberry,False,True,out_of_distribution,coco_stuff_negatives,field_test
182,-1,0,0.5039659001817476,0.8889669450707582,tomato,False,True,out_of_distribution,coco_stuff_negatives,field_test
182,-1,18,0.26600882968755696,0.9275912137097089,cucumber,False,True,out_of_distribution,coco_stuff_negatives,field_test
182,-1,19,0.3146827306251946,0.8916195587095417,pepper,False,True,out_of_distribution,coco_stuff_negatives,field_test
182,-1,30,0.4055305517677426,0.962350674247575,eggplant,False,True,out_of_distribution,coco_stuff_negatives,field_test
182,-1,32,0.315015052932348,0.8478189752107904,strawberry,False,True,out_of_distribution,coco_stuff_negatives,field_test
183,-1,0,0.0,,tomato,False,False,camera_obscured,coco_stuff_negatives,field_test
183,-1,0,0.0,,cucumber,False,False,camera_obscured,coco_stuff_negatives,field_test
183,-1,0,0.0,,pepper,False,False,camera_obscured,coco_stuff_negatives,field_test
183,-1,0,0.0,,eggplant,False,False,camera_obscured,coco_stuff_negatives,field_test
183,-1,0,0.0,,strawberry,False,False,camera_obscured,coco_stuff_negatives,field_test
184,-1,0,0.39138344976926515,0.8518385269898465,tomato,False,True,out_of_distribution,coco_stuff_negatives,field_test
184,-1,12,0.535059331074911,0.8932013052970438,cucumber,False,True,out_of_distribution,coco_stuff_negatives,field_test
184,-1,19,0.4533662791487994,0.8518004542283333,pepper,False,True,out_of_distribution,coco_stuff_negatives,field_test
184,-1,27,0.3460251883588762,0.9264587049521105,eggplant,False,True,out_of_distribution,coco_stuff_negatives,field_test
184,-1,32,0.6504312762226299,0.7907410418434482,strawberry,False,True,out_of_distribution,coco_stuff_negatives,field_test
185,-1,4,0.45408814436445516,0.8655284662152392,tomato,False,True,out_of_distribution,coco_stuff_negatives,field_test
185,-1,12,0.31466623396550847,0.9492693839321885,cucumber,False,True,out_of_distribution,coco_stuff_negatives,field_test
185,-1,21,0.3026272872635312,0.9588134208976254,pepper,False,True,out_of_distribution,coco_stuff_negatives,field_test
185,-1,30,0.24284095719646367,1.010149995544852,eggplant,False,True,out_of_distribution,coco_stuff_negatives,field_test
185,-1,33,0.4521839369174546,0.8672884299372522,strawberry,False,True,out_of_distribution,coco_stuff_negatives,field_test
186,-1,7,0.37616702992226697,0.9519972230991247,tomato,False,True,out_of_distribution,coco_stuff_negatives,field_test
186,-1,16,0.28716474244541673,0.9701839225218616,cucumber,False,True,out_of_distribution,coco_stuff_negatives,field_test
186,-1,21,0.4885709811635552,0.8857657204595762,pepper,False,True,out_of_distribution,coco_stuff_negatives,field_test
186,-1,31,0.24541009826102247,1.0279493980191927,eggplant,False,True,out_of_distribution,coco_stuff_negatives,field_test
186,-1,38,0.22232352409912454,0.8382482286283012,strawberry,False,True,out_of_distribution,coco_stuff_negatives,field_test
187,-1,0,0.1906401252355618,0.9437387432146805,tomato,False,True,out_of_distribution,coco_stuff_negatives,field_test
187,-1,12,0.34691687592917814,0.91329675865375,cucumber,False,True,out_of_distribution,coco_stuff_negatives,field_test
187,-1,24,0.3123984858081641,0.9038099599510389,pepper,False,True,out_of_distribution,coco_stuff_negatives,field_test
187,-1,27,0.28505822983371,0.9354371183231878,eggplant,False,True,out_of_distribution,coco_stuff_negatives,field_test
187,-1,32,0.43373339936010186,0.8557900151519604,strawberry,False,True,out_of_distribution,coco_stuff_negatives,field_test
188,-1,0,0.8290924033522205,0.620753128377733,tomato,False,True,out_of_distribution,coco_stuff_negatives,field_test
188,-1,11,0.5707279583791078,0.7137971580297807,cucumber,False,True,out_of_distribution,coco_stuff_negatives,field_test
188,-1,19,0.5984137026733987,0.6947960386127876,pepper,False,True,out_of_distribution,coco_stuff_negatives,field_test
188,-1,25,0.5866469888558619,0.6559568265727365,eggplant,False,True,out_of_distribution,coco_stuff_negatives,field_test
188,-1,32,0.7308828651521411,0.6636767174025233,strawberry,False,True,out_of_distribution,coco_stuff_negatives,field_test
189,-1,6,0.29334121702556576,0.8069224437694607,tomato,False,True,out_of_distribution,coco_stuff_negatives,field_test
189,-1,18,0.2077134898837294,0.9350195610973082,cucumber,False,True,out_of_distribution,coco_stuff_negatives,field_test
189,-1,23,0.33637080113374157,0.8647171913105413,pepper,False,True,out_of_distribution,coco_stuff_negatives,field_test
189,-1,30,0.45547539492697053,0.9397309104957448,eggplant,False,True,out_of_distribution,coco_stuff_negatives,field_test
189,-1,32,0.24264276270531415,1.029342941706091,strawberry,False,True,out_of_distribution,coco_stuff_negatives,field_test
190,-1,0,0.0,,tomato,False,False,camera_obscured,coco_stuff_negatives,field_test
190,-1,0,0.0,,cucumber,False,False,camera_obscured,coco_stuff_negatives,field_test
190,-1,0,0.0,,pepper,False,False,camera_obscured,coco_stuff_negatives,field_test
190,-1,0,0.0,,eggplant,False,False,camera_obscured,coco_stuff_negatives,field_test
190,-1,0,0.0,,strawberry,False,False,camera_obscured,coco_stuff_negatives,field_test
191,-1,0,0.2885871963165274,0.8715138249846681,tomato,False,True,out_of_distribution,coco_stuff_negatives,field_test
191,-1,13,0.4007140628303019,0.8754576541062025,cucumber,False,True,out_of_distribution,coco_stuff_negatives,field_test
191,-1,19,0.6246821130476113,0.8573894499831173,pepper,False,True,out_of_distribution,coco_stuff_negatives,field_test
191,-1,31,0.28865177549557,0.9649703328926937,eggplant,False,True,out_of_distribution,coco_stuff_negatives,field_test
191,-1,32,0.6244035026901587,0.8320138781295372,strawberry,False,True,out_of_distribution,coco_stuff_negatives,field_test
192,-1,0,0.3881175790773451,0.815448021511693,tomato,False,True,out_of_distribution,coco_stuff_negatives,field_test
192,-1,11,0.26489660991848263,0.8976817119758538,cucumber,False,True,out_of_distribution,coco_stuff_negatives,field_test
192,-1,24,0.3266064739614898,0.9273969746859988,pepper,False,True,out_of_distribution,coco_stuff_negatives,field_test
192,-1,31,0.3541524525895334,0.8695036084630734,eggplant,False,True,out_of_distribution,coco_stuff_negatives,field_test
192,-1,32,0.44259112099962516,0.869915299293554,strawberry,False,True,out_of_distribution,coco_stuff_negatives,field_test
193,-1,0,0.7183454364562103,0.7933359053641291,tomato,False,True,out_of_distribution,coco_stuff_negatives,field_test
193,-1,12,0.19305372346153013,0.8971851135086837,cucumber,False,True,out_of_distribution,coco_stuff_negatives,field_test
193,-1,22,0.6331012911078119,0.8518712354092307,pepper,False,True,out_of_distribution,coco_stuff_negatives,field_test
193,-1,29,0.3674757982501796,0.814703380104433,eggplant,False,True,out_of_distribution,coco_stuff_negatives,field_test
193,-1,32,0.7965394335107698,0.7221752451684562,strawberry,False,True,out_of_distribution,coco_stuff_negatives,field_test
194,-1,0,0.6401561872700446,0.7300930223805268,tomato,False,True,out_of_distribution,coco_stuff_negatives,field_test
194,-1,13,0.24978860172017076,0.88443515607902,cucumber,False,True,out_of_distribution,coco_stuff_negatives,field_test
194,-1,21,0.6865117936159949,0.9188509382672003,pepper,False,True,out_of_distribution,coco_stuff_negatives,field_test
194,-1,25,0.36342187625329314,0.7888498679043986,eggplant,False,True,out_of_distribution,coco_stuff_negatives,field_test
194,-1,34,0.2896896631903391,1.013047527926515,strawberry,False,True,out_of_distribution,coco_stuff_negatives,field_test
195,-1,0,0.781508578157021,0.7000457338353416,tomato,False,True,out_of_distribution,coco_stuff_negatives,field_test
195,-1,11,0.42052728882427143,0.7194922329524502,cucumber,False,True,out_of_distribution,coco_stuff_negatives,field_test
195,-1,19,0.609285200814378,0.8121056873330137,pepper,False,True,out_of_distribution,coco_stuff_negatives,field_test
195,-1,25,0.5229834459639418,0.714276601761662,eggplant,False,True,out_of_distribution,coco_stuff_negatives,field_test
195,-1,32,0.39888837362148555,0.8193658135509023,strawberry,False,True,out_of_distribution,coco_stuff_negatives,field_test
196,-1,8,0.22234234666303465,0.7401565232151484,tomato,False,True,out_of_distribution,coco_stuff_negatives,field_test
196,-1,13,0.8988123617346674,0.5723515932393237,cucumber,False,True,out_of_distribution,coco_stuff_negatives,field_test
196,-1,22,0.46005547507464967,0.928413665545136,pepper,False,True,out_of_distribution,coco_stuff_negatives,field_test
196,-1,27,0.33015967519193257,0.9429341168570401,eggplant,False,True,out_of_distribution,coco_stuff_negatives,field_test
196,-1,35,0.3167786084729881,0.8427992793161979,strawberry,False,True,out_of_distribution,coco_stuff_negatives,field_test
197,-1,1,0.17730301466726303,0.9256866111516061,tomato,False,True,out_of_distribution,coco_stuff_negatives,field_test
197,-1,12,0.22476562297316105,0.9777010424495813,cucumber,False,True,out_of_distribution,coco_stuff_negatives,field_test
197,-1,19,0.6392870598546779,0.9156139341847755,pepper,False,True,out_of_distribution,coco_stuff_negatives,field_test
197,-1,27,0.2638132918220334,0.8502085830629403,eggplant,False,True,out_of_distribution,coco_stuff_negatives,field_test
197,-1,32,0.5520021005111421,0.8668461490352224,strawberry,False,True,out_of_distribution,coco_stuff_negatives,field_test
198,-1,0,0.5589951714425861,0.8093474964035512,tomato,False,True,out_of_distribution,coco_stuff_negatives,field_test
198,-1,13,0.47252322801205143,0.7986724071323621,cucumber,False,True,out_of_distribution,coco_stuff_negatives,field_test
198,-1,24,0.3981021550834105,0.8910814265992691,pepper,False,True,out_of_distribution,coco_stuff_negatives,field_test
198,-1,31,0.38108816626461284,0.8718014620990522,eggplant,False,True,out_of_distribution,coco_stuff_negatives,field_test
198,-1,32,0.4665469278132488,0.8213493378416883,strawberry,False,True,out_of_distribution,coco_stuff_negatives,field_test
199,-1,3,0.4317423814891834,0.6834706356176453,tomato,False,True,out_of_distribution,coco_stuff_negatives,field_test
199,-1,11,0.186686601672092,0.761856077594689,cucumber,False,True,out_of_distribution,coco_stuff_negatives,field_test
199,-1,24,0.6493407309918692,0.777563132094742,pepper,False,True,out_of_distribution,coco_stuff_negatives,field_test
199,-1,31,0.522389616039593,0.7021085467539482,eggplant,False,True,out_of_distribution,coco_stuff_negatives,field_test
199,-1,32,0.4135132000168388,0.8396189855755738,strawberry,False,True,out_of_distribution,coco_stuff_negatives,field_test
200,-1,0,0.3885223189054728,0.80840042482175,tomato,False,True,out_of_distribution,coco_stuff_negatives,field_test
200,-1,11,0.272442440230869,0.8436351313357269,cucumber,False,True,out_of_distribution,coco_stuff_negatives,field_test
200,-1,19,0.7734087496348165,0.7822434296910998,pepper,False,True,out_of_distribution,coco_stuff_negatives,field_test
200,-1,31,0.4071184691093974,0.9194251063356534,eggplant,False,True,out_of_distribution,coco_stuff_negatives,field_test
200,-1,32,0.31579128930556566,0.8085701658012654,strawberry,False,True,out_of_distribution,coco_stuff_negatives,field_test
201,-1,6,0.33577098385974596,0.8304362706411154,tomato,False,True,out_of_distribution,coco_stuff_negatives,field_test
201,-1,13,0.4037778991059338,0.9133319590665483,cucumber,False,True,out_of_distribution,coco_stuff_negatives,field_test
201,-1,20,0.320991971232331,0.9913973410737429,pepper,False,True,out_of_distribution,coco_stuff_negatives,field_test
201,-1,31,0.3521455557107667,1.0265784895243706,eggplant,False,True,out_of_distribution,coco_stuff_negatives,field_test
201,-1,32,0.540563691646182,0.8181236773222207,strawberry,False,True,out_of_distribution,coco_stuff_negatives,field_test
202,-1,0,0.2913562840165041,0.8545592003612672,tomato,False,True,out_of_distribution,coco_stuff_negatives,field_test
202,-1,11,0.20752138141846643,0.9246754854761872,cucumber,False,True,out_of_distribution,coco_stuff_negatives,field_test
202,-1,19,0.39721491716683455,0.8583374484759462,pepper,False,True,out_of_distribution,coco_stuff_negatives,field_test
202,-1,31,0.5655206533063328,0.8717958222708013,eggplant,False,True,out_of_distribution,coco_stuff_negatives,field_test
202,-1,37,0.5627259523621307,0.8069311041843582,strawberry,False,True,out_of_distribution,coco_stuff_negatives,field_test
203,-1,0,0.727567091816105,0.8123976834011521,tomato,False,True,out_of_distribution,coco_stuff_negatives,field_test
203,-1,12,0.47674678439520035,0.8966403755387535,cucumber,False,True,out_of_distribution,coco_stuff_negatives,field_test
203,-1,21,0.28280167917746507,0.9276733172913936,pepper,False,True,out_of_distribution,coco_stuff_negatives,field_test
203,-1,27,0.3817960531018491,0.9418120905776612,eggplant,False,True,out_of_distribution,coco_stuff_negatives,field_test
203,-1,32,0.747658649610975,0.7609519953306401,strawberry,False,True,out_of_distribution,coco_stuff_negatives,field_test
204,-1,0,0.5014373413794538,0.8389215204253466,tomato,False,True,out_of_distribution,coco_stuff_negatives,field_test
204,-1,13,0.3939948532850253,0.9079675573235902,cucumber,False,True,out_of_distribution,coco_stuff_negatives,field_test
204,-1,19,0.24538999408881854,0.8917578764524584,pepper,False,True,out_of_distribution,coco_stuff_negatives,field_test
204,-1,27,0.630317449189922,0.9348782059370574,eggplant,False,True,out_of_distribution,coco_stuff_negatives,field_test
204,-1,32,0.9301364639524199,0.6531480932885548,strawberry,False,True,out_of_distribution,coco_stuff_negatives,field_test
205,-1,6,0.3271571356927997,0.8560259011890036,tomato,False,True,out_of_distribution,coco_stuff_negatives,field_test
205,-1,15,0.6375593606260082,0.7832289576460781,cucumber,False,True,out_of_distribution,coco_stuff_negatives,field_test
205,-1,19,0.28311387603862304,1.0024477931086193,pepper,False,True,out_of_distribution,coco_stuff_negatives,field_test
205,-1,31,0.3801244097512407,0.9082870257448116,eggplant,False,True,out_of_distribution,coco_stuff_negatives,field_test
205,-1,33,0.43215370719513246,0.8302620165512993,strawberry,False,True,out_of_distribution,coco_stuff_negatives,field_test
206,-1,6,0.7417180338739294,0.6938664198914257,tomato,False,True,out_of_distribution,coco_stuff_negatives,field_test
206,-1,15,0.2354963424791865,0.8897380378169527,cucumber,False,True,out_of_distribution,coco_stuff_negatives,field_test
206,-1,22,0.32252503401500826,0.7505878326473644,pepper,False,True,out_of_distribution,coco_stuff_negatives,field_test
206,-1,26,0.45964823875026395,0.8610987478320248,eggplant,False,True,out_of_distribution,coco_stuff_negatives,field_test
206,-1,32,0.28935257985710866,0.9370483702639196,strawberry,False,True,out_of_distribution,coco_stuff_negatives,field_test
207,-1,0,0.8817734626195725,0.5695113804858289,tomato,False,True,out_of_distribution,coco_stuff_negatives,field_test
207,-1,11,0.3844487188930548,0.7072001558135621,cucumber,False,True,out_of_distribution,coco_stuff_negatives,field_test
207,-1,19,0.7492971524294445,0.6124336404376263,pepper,False,True,out_of_distribution,coco_stuff_negatives,field_test
207,-1,25,0.5864854020847841,0.6006678309215594,eggplant,False,True,out_of_distribution,coco_stuff_negatives,field_test
207,-1,32,0.688445472946537,0.6428558836826755,strawberry,False,True,out_of_distribution,coco_stuff_negatives,field_test
208,-1,0,0.31354048634584714,0.9145903511823172,tomato,False,True,out_of_distribution,coco_stuff_negatives,field_test
208,-1,13,0.5551355729623363,0.7167211783332275,cucumber,False,True,out_of_distribution,coco_stuff_negatives,field_test
208,-1,19,0.34202374436441807,0.925196064410183,pepper,False,True,out_of_distribution,coco_stuff_negatives,field_test
208,-1,27,0.5157772948432869,0.9014083479393733,eggplant,False,True,out_of_distribution,coco_stuff_negatives,field_test
208,-1,32,0.3725035813020732,0.7759978122056626,strawberry,False,True,out_of_distribution,coco_stuff_negatives,field_test
209,-1,0,0.35283878981059985,0.836423686181909,tomato,False,True,out_of_distribution,coco_stuff_negatives,field_test
209,-1,15,0.5756853519096365,0.7639301133648725,cucumber,False,True,out_of_distribution,coco_stuff_negatives,field_test
209,-1,22,0.31309026704387605,0.9195047614058751,pepper,False,True,out_of_distribution,coco_stuff_negatives,field_test
209,-1,29,0.3536079046112639,0.7910086201179074,eggplant,False,True,out_of_distribution,coco_stuff_negatives,field_test
209,-1,32,0.7505979148407957,0.7868287335534133,strawberry,False,True,out_of_distribution,coco_stuff_negatives,field_test
210,-1,3,0.34312855392747493,0.8383234432711297,tomato,False,True,out_of_distribution,coco_stuff_negatives,field_test
210,-1,15,0.3557744618077219,0.784362899311251,cucumber,False,True,out_of_distribution,coco_stuff_negatives,field_test
210,-1,22,0.5485815579388088,0.8167380598796535,pepper,False,True,out_of_distribution,coco_stuff_negatives,field_test
210,-1,31,0.6402470655235011,0.8214558460115117,eggplant,False,True,out_of_distribution,coco_stuff_negatives,field_test
210,-1,35,0.5572058460477466,0.823133132924038,strawberry,False,True,out_of_distribution,coco_stuff_negatives,field_test
211,-1,3,0.3120912175621715,0.7820487416131555,tomato,False,True,out_of_distribution,coco_stuff_negatives,field_test
211,-1,17,0.5862127486897094,0.6902986149167077,cucumber,False,True,out_of_distribution,coco_stuff_negatives,field_test
211,-1,21,0.5068441064801709,0.966280773869257,pepper,False,True,out_of_distribution,coco_stuff_negatives,field_test
211,-1,28,0.25159213563719895,1.0581634421162405,eggplant,False,True,out_of_distribution,coco_stuff_negatives,field_test
211,-1,35,0.6940908227421813,0.7660937589486103,strawberry,False,True,out_of_distribution,coco_stuff_negatives,field_test
212,-1,7,0.38720271968001835,0.8584657370235924,tomato,False,True,out_of_distribution,coco_stuff_negatives,field_test
212,-1,11,0.3411393600120652,0.8192936750357784,cucumber,False,True,out_of_distribution,coco_stuff_negatives,field_test
212,-1,24,0.35813541523496284,0.9179384059534447,pepper,False,True,out_of_distribution,coco_stuff_negatives,field_test
212,-1,27,0.286029765123491,0.9980029625484209,eggplant,False,True,out_of_distribution,coco_stuff_negatives,field_test
212,-1,32,0.5497718702495619,0.857267235248847,strawberry,False,True,out_of_distribution,coco_stuff_negatives,field_test
213,-1,6,0.31205196543824637,0.8032335558746106,tomato,False,True,out_of_distribution,coco_stuff_negatives,field_test
213,-1,17,0.30115119598348145,0.9549142762670534,cucumber,False,True,out_of_distribution,coco_stuff_negatives,field_test
213,-1,22,0.8410107895887289,0.7640851569574684,pepper,False,True,out_of_distribution,coco_stuff_negatives,field_test
213,-1,31,0.3609408212214202,0.8914515503660697,eggplant,False,True,out_of_distribution,coco_stuff_negatives,field_test
213,-1,34,0.5141760600037326,0.7595205774693837,strawberry,False,True,out_of_distribution,coco_stuff_negatives,field_test
214,-1,1,0.24203598995840458,0.9033542254453463,tomato,False,True,out_of_distribution,coco_stuff_negatives,field_test
214,-1,11,0.4397589776350232,0.893895881416686,cucumber,False,True,out_of_distribution,coco_stuff_negatives,field_test
214,-1,22,0.47165113494995936,0.820102507771134,pepper,False,True,out_of_distribution,coco_stuff_negatives,field_test
214,-1,27,0.3487162382295903,0.9685568421493925,eggplant,False,True,out_of_distribution,coco_stuff_negatives,field_test
214,-1,32,0.5519013191849617,0.8379515287169775,strawberry,False,True,out_of_distribution,coco_stuff_negatives,field_test
215,-1,0,0.786407918564328,0.8206959595147665,tomato,False,True,out_of_distribution,coco_stuff_negatives,field_test
215,-1,13,0.2372262189250755,0.8947983209503554,cucumber,False,True,out_of_distribution,coco_stuff_negatives,field_test
215,-1,24,0.37369103122599096,0.9700026754715751,pepper,False,True,out_of_distribution,coco_stuff_negatives,field_test
215,-1,29,0.2203155922685767,0.9942008838621218,eggplant,False,True,out_of_distribution,coco_stuff_negatives,field_test
215,-1,32,0.41362089777848016,0.7946193469847643,strawberry,False,True,out_of_distribution,coco_stuff_negatives,field_test
216,-1,0,0.0,,tomato,False,False,camera_obscured,coco_stuff_negatives,field_test
216,-1,0,0.0,,cucumber,False,False,camera_obscured,coco_stuff_negatives,field_test
216,-1,0,0.0,,pepper,False,False,camera_obscured,coco_stuff_negatives,field_test
216,-1,0,0.0,,eggplant,False,False,camera_obscured,coco_stuff_negatives,field_test
216,-1,0,0.0,,strawberry,False,False,camera_obscured,coco_stuff_negatives,field_test
217,-1,0,0.38727384173985485,0.9301757414908203,tomato,False,True,out_of_distribution,coco_stuff_negatives,field_test
217,-1,16,0.5270752893803933,0.8088770919247876,cucumber,False,True,out_of_distribution,coco_stuff_negatives,field_test
217,-1,19,0.40123074536001335,0.885462598848448,pepper,False,True,out_of_distribution,coco_stuff_negatives,field_test
217,-1,31,0.5164799467385658,0.9125833770798244,eggplant,False,True,out_of_distribution,coco_stuff_negatives,field_test
217,-1,32,0.2441940732860901,0.9371802441596667,strawberry,False,True,out_of_distribution,coco_stuff_negatives,field_test
218,-1,0,0.4317790194231999,0.8150074049236127,tomato,False,True,out_of_distribution,coco_stuff_negatives,field_test
218,-1,13,0.31549315038007403,0.9381306777894813,cucumber,False,True,out_of_distribution,coco_stuff_negatives,field_test
218,-1,22,0.4032816243609314,0.8916387083622389,pepper,False,True,out_of_distribution,coco_stuff_negatives,field_test
218,-1,27,0.2771905901212122,0.9508063186033059,eggplant,False,True,out_of_distribution,coco_stuff_negatives,field_test
218,-1,32,0.8292768626081737,0.6549065048517704,strawberry,False,True,out_of_distribution,coco_stuff_negatives,field_test
219,-1,10,0.379249112099829,0.8487644745216911,tomato,False,True,out_of_distribution,coco_stuff_negatives,field_test
219,-1,17,0.37581100127489825,0.8981463819913684,cucumber,False,True,out_of_distribution,coco_stuff_negatives,field_test
219,-1,22,0.3714030577916746,0.8754319557915069,pepper,False,True,out_of_distribution,coco_stuff_negatives,field_test
219,-1,30,0.2005266336084135,0.8710197230506297,eggplant,False,True,out_of_distribution,coco_stuff_negatives,field_test
219,-1,32,0.3346065771686874,0.9010977212580673,strawberry,False,True,out_of_distribution,coco_stuff_negatives,field_test
220,-1,8,0.3723544345359707,0.7442274019990576,tomato,False,True,out_of_distribution,coco_stuff_negatives,field_test
220,-1,13,0.3188802783861284,0.8290669904417272,cucumber,False,True,out_of_distribution,coco_stuff_negatives,field_test
220,-1,19,0.6624922456599093,0.8299066215149081,pepper,False,True,out_of_distribution,coco_stuff_negatives,field_test
220,-1,25,0.3061445995312457,0.8125721332635159,eggplant,False,True,out_of_distribution,coco_stuff_negatives,field_test
220,-1,37,0.3909304039825009,0.7107562697468789,strawberry,False,True,out_of_distribution,coco_stuff_negatives,field_test
221,-1,1,0.5637662252229956,0.7574239770013151,tomato,False,True,out_of_distribution,coco_stuff_negatives,field_test
221,-1,11,0.6840583035228656,0.9141208376462229,cucumber,False,True,out_of_distribution,coco_stuff_negatives,field_test
221,-1,20,0.5352453701571227,0.6554347875722752,pepper,False,True,out_of_distribution,coco_stuff_negatives,field_test
221,-1,26,0.7867139769954133,0.6563570144650186,eggplant,False,True,out_of_distribution,coco_stuff_negatives,field_test
221,-1,33,0.5553715219894978,0.7155788702319201,strawberry,False,True,out_of_distribution,coco_stuff_negatives,field_test
222,-1,0,0.44285009071940884,0.7587433869042599,tomato,False,True,out_of_distribution,coco_stuff_negatives,field_test
222,-1,12,0.4709346210003525,0.874928080826507,cucumber,False,True,out_of_distribution,coco_stuff_negatives,field_test
222,-1,20,0.35400513849429044,0.9524934302969921,pepper,False,True,out_of_distribution,coco_stuff_negatives,field_test
222,-1,25,0.33178617633001967,0.8092216793531124,eggplant,False,True,out_of_distribution,coco_stuff_negatives,field_test
222,-1,32,0.4745698864763855,0.7423603217247297,strawberry,False,True,out_of_distribution,coco_stuff_negatives,field_test
223,-1,7,0.3039626829067187,0.9179910407166194,tomato,False,True,out_of_distribution,coco_stuff_negatives,field_test
223,-1,17,0.26661133151639654,0.8180633999680653,cucumber,False,True,out_of_distribution,coco_stuff_negatives,field_test
223,-1,22,0.4494422585573442,0.91701824607732,pepper,False,True,out_of_distribution,coco_stuff_negatives,field_test
223,-1,29,0.3915812190599217,0.9233125001829506,eggplant,False,True,out_of_distribution,coco_stuff_negatives,field_test
223,-1,32,0.5622857821122961,0.8296311466547703,strawberry,False,True,out_of_distribution,coco_stuff_negatives,field_test
224,-1,0,0.8308764628993388,0.6291018966361409,tomato,False,True,out_of_distribution,coco_stuff_negatives,field_test
224,-1,11,0.7018806675014722,0.7554340698966656,cucumber,False,True,out_of_distribution,coco_stuff_negatives,field_test
224,-1,20,0.2788900689843356,0.8375188084140767,pepper,False,True,out_of_distribution,coco_stuff_negatives,field_test
224,-1,25,0.40803079859511565,0.7169725283269248,eggplant,False,True,out_of_distribution,coco_stuff_negatives,field_test
224,-1,32,0.6471800618964966,0.6695429888579598,strawberry,False,True,out_of_distribution,coco_stuff_negatives,field_test
225,-1,0,0.0,,tomato,False,False,camera_obscured,coco_stuff_negatives,field_test
225,-1,0,0.0,,cucumber,False,False,camera_obscured,coco_stuff_negatives,field_test
225,-1,0,0.0,,pepper,False,False,camera_obscured,coco_stuff_negatives,field_test
225,-1,0,0.0,,eggplant,False,False,camera_obscured,coco_stuff_negatives,field_test
225,-1,0,0.0,,strawberry,False,False,camera_obscured,coco_stuff_negatives,field_test
226,-1,3,0.7736532339836002,0.7062394986218701,tomato,False,True,out_of_distribution,coco_stuff_negatives,field_test
226,-1,15,0.49638304291194163,0.7775665840400859,cucumber,False,True,out_of_distribution,coco_stuff_negatives,field_test
226,-1,19,0.3955510712308629,0.8503486627685632,pepper,False,True,out_of_distribution,coco_stuff_negatives,field_test
226,-1,31,0.6253403679868729,0.7466635493458392,eggplant,False,True,out_of_distribution,coco_stuff_negatives,field_test
226,-1,32,0.5130660350833389,0.8877616891258343,strawberry,False,True,out_of_distribution,coco_stuff_negatives,field_test
227,-1,0,0.0,,tomato,False,False,camera_obscured,coco_stuff_negatives,field_test
227,-1,0,0.0,,cucumber,False,False,camera_obscured,coco_stuff_negatives,field_test
227,-1,0,0.0,,pepper,False,False,camera_obscured,coco_stuff_negatives,field_test
227,-1,0,0.0,,eggplant,False,False,camera_obscured,coco_stuff_negatives,field_test
227,-1,0,0.0,,strawberry,False,False,camera_obscured,coco_stuff_negatives,field_test
257,-1,0,0.3245789283301572,0.8739879253032918,tomato,False,True,out_of_distribution,coco_stuff_negatives,field_test
257,-1,11,0.4889781553367922,0.7298956093944293,cucumber,False,True,out_of_distribution,coco_stuff_negatives,field_test
257,-1,22,0.35927186290614743,0.8229784206552219,pepper,False,True,out_of_distribution,coco_stuff_negatives,field_test
257,-1,25,0.5370107584778907,0.8293123660467658,eggplant,False,True,out_of_distribution,coco_stuff_negatives,field_test
257,-1,38,0.32244884892628844,0.7688901002651152,strawberry,False,True,out_of_distribution,coco_stuff_negatives,field_test
258,-1,0,0.5547633388416577,0.7691117221537392,tomato,False,True,out_of_distribution,coco_stuff_negatives,field_test
258,-1,11,0.3499893147969024,0.8235765322416232,cucumber,False,True,out_of_distribution,coco_stuff_negatives,field_test
258,-1,21,0.30324509961730317,0.9749935971065472,pepper,False,True,out_of_distribution,coco_stuff_negatives,field_test
258,-1,25,0.3389355907885973,0.8187104845950516,eggplant,False,True,out_of_distribution,coco_stuff_negatives,field_test
258,-1,32,0.4479086902358481,0.7808921501064208,strawberry,False,True,out_of_distribution,coco_stuff_negatives,field_test
259,-1,0,0.8307570647135611,0.599166925715261,tomato,False,True,out_of_distribution,coco_stuff_negatives,field_test
259,-1,11,0.4778105878047758,0.6322855484276695,cucumber,False,True,out_of_distribution,coco_stuff_negatives,field_test
259,-1,19,0.9222642872709073,0.6517363267908532,pepper,False,True,out_of_distribution,coco_stuff_negatives,field_test
259,-1,25,0.8520596803321488,0.6432554638894707,eggplant,False,True,out_of_distribution,coco_stuff_negatives,field_test
259,-1,32,0.6708459502494203,0.5577807313772768,strawberry,False,True,out_of_distribution,coco_stuff_negatives,field_test
260,-1,0,0.4550138490505757,0.7335162365693796,tomato,False,True,out_of_distribution,coco_stuff_negatives,field_test
260,-1,15,0.3780824404747145,0.7816986735109482,cucumber,False,True,out_of_distribution,coco_stuff_negatives,field_test
260,-1,19,0.4532938474015508,0.8151856011649361,pepper,False,True,out_of_distribution,coco_stuff_negatives,field_test
260,-1,31,0.44342878038417793,0.7556382994069845,eggplant,False,True,out_of_distribution,coco_stuff_negatives,field_test
260,-1,32,0.38477570721263893,0.713454111784648,strawberry,False,True,out_of_distribution,coco_stuff_negatives,field_test
261,-1,0,0.6195231801040126,0.8067740223503038,tomato,False,True,out_of_distribution,coco_stuff_negatives,field_test
261,-1,11,0.39529924052314547,0.781731859067026,cucumber,False,True,out_of_distribution,coco_stuff_negatives,field_test
261,-1,19,0.4943801724331093,0.8521728755988924,pepper,False,True,out_of_distribution,coco_stuff_negatives,field_test
261,-1,26,0.39607666182349355,0.8892904773878921,eggplant,False,True,out_of_distribution,coco_stuff_negatives,field_test
261,-1,32,0.7362613514464473,0.7146379674515909,strawberry,False,True,out_of_distribution,coco_stuff_negatives,field_test
262,-1,2,0.2986168777124153,0.8638400774429915,tomato,False,True,out_of_distribution,coco_stuff_negatives,field_test
262,-1,12,0.2888732616019538,0.9464631575137945,cucumber,False,True,out_of_distribution,coco_stuff_negatives,field_test
262,-1,19,0.37459593030148325,0.8872304349788293,pepper,False,True,out_of_distribution,coco_stuff_negatives,field_test
262,-1,25,0.4238845977583353,0.7919314143531557,eggplant,False,True,out_of_distribution,coco_stuff_negatives,field_test
262,-1,37,0.22735594721610258,1.0159801886792517,strawberry,False,True,out_of_distribution,coco_stuff_negatives,field_test
263,-1,6,0.2969769493805908,0.8972433681529801,tomato,False,True,out_of_distribution,coco_stuff_negatives,field_test
263,-1,11,0.24309161502932633,0.864319861285847,cucumber,False,True,out_of_distribution,coco_stuff_negatives,field_test
263,-1,22,0.22614946294873575,0.9497641460255083,pepper,False,True,out_of_distribution,coco_stuff_negatives,field_test
263,-1,27,0.31476255927175545,1.0332942134116532,eggplant,False,True,out_of_distribution,coco_stuff_negatives,field_test
263,-1,32,0.2729863096638489,0.9195391587878062,strawberry,False,True,out_of_distribution,coco_stuff_negatives,field_test
264,-1,0,0.3337034784572936,0.8214268679886157,tomato,False,True,out_of_distribution,coco_stuff_negatives,field_test
264,-1,11,0.4805955041149088,0.8568923587258392,cucumber,False,True,out_of_distribution,coco_stuff_negatives,field_test
264,-1,19,0.3484392422690194,0.8864814364877046,pepper,False,True,out_of_distribution,coco_stuff_negatives,field_test
264,-1,31,0.39712755559152124,0.9178916104432888,eggplant,False,True,out_of_distribution,coco_stuff_negatives,field_test
264,-1,32,0.4148633909349192,0.8527131387709167,strawberry,False,True,out_of_distribution,coco_stuff_negatives,field_test
333,-1,3,0.3719246459153126,0.8146750904465883,tomato,False,True,out_of_distribution,coco_stuff_negatives,field_test
333,-1,13,0.36341373332331156,0.8924799801694292,cucumber,False,True,out_of_distribution,coco_stuff_negatives,field_test
333,-1,20,0.3145057679064744,0.9930527942835968,pepper,False,True,out_of_distribution,coco_stuff_negatives,field_test
333,-1,31,0.2769225566909514,0.9445951678407742,eggplant,False,True,out_of_distribution,coco_stuff_negatives,field_test
333,-1,33,0.4240899015243804,0.8462427256849216,strawberry,False,True,out_of_distribution,coco_stuff_negatives,field_test
334,-1,7,0.236065474198927,0.828767163887488,tomato,False,True,out_of_distribution,coco_stuff_negatives,field_test
334,-1,17,0.3405441713478865,0.9892838209071823,cucumber,False,True,out_of_distribution,coco_stuff_negatives,field_test
334,-1,20,0.40281974152445915,0.8999253503978024,pepper,False,True,out_of_distribution,coco_stuff_negatives,field_test
334,-1,29,0.4770453948090014,0.8152176099658716,eggplant,False,True,out_of_distribution,coco_stuff_negatives,field_test
334,-1,32,0.28506116257235925,0.8840842075377504,strawberry,False,True,out_of_distribution,coco_stuff_negatives,field_test
335,-1,3,0.25283589891056707,0.9005554794255092,tomato,False,True,out_of_distribution,coco_stuff_negatives,field_test
335,-1,12,0.4632384190405205,0.8902062669734765,cucumber,False,True,out_of_distribution,coco_stuff_negatives,field_test
335,-1,23,0.36085684689664355,0.8296271642234335,pepper,False,True,out_of_distribution,coco_stuff_negatives,field_test
335,-1,27,0.4645957944620814,0.859084137986526,eggplant,False,True,out_of_distribution,coco_stuff_negatives,field_test
335,-1,32,0.3107824934694336,0.8829636346065384,strawberry,False,True,out_of_distribution,coco_stuff_negatives,field_test
336,-1,0,0.6392886429465883,0.7477123872384007,tomato,False,True,out_of_distribution,coco_stuff_negatives,field_test
336,-1,13,0.30076038312066444,0.8411196691366993,cucumber,False,True,out_of_distribution,coco_stuff_negatives,field_test
336,-1,19,0.4563600451083174,0.8649603128018009,pepper,False,True,out_of_distribution,coco_stuff_negatives,field_test
336,-1,31,0.260932048881896,0.8659959468898757,eggplant,False,True,out_of_distribution,coco_stuff_negatives,field_test
336,-1,38,0.27571755020699834,0.8736950817344395,strawberry,False,True,out_of_distribution,coco_stuff_negatives,field_test
337,-1,8,0.32447340459824453,0.7374486068615211,tomato,False,True,out_of_distribution,coco_stuff_negatives,field_test
337,-1,13,0.6893617588740063,0.6587001301889395,cucumber,False,True,out_of_distribution,coco_stuff_negatives,field_test
337,-1,19,0.33273037930900634,0.9165157849156422,pepper,False,True,out_of_distribution,coco_stuff_negatives,field_test
337,-1,27,0.4830480307199529,0.8480887114270576,eggplant,False,True,out_of_distribution,coco_stuff_negatives,field_test
337,-1,37,0.4847662852349787,0.6640108742116462,strawberry,False,True,out_of_distribution,coco_stuff_negatives,field_test
338,-1,7,0.368869420533833,0.8562684545799084,tomato,False,True,out_of_distribution,coco_stuff_negatives,field_test
338,-1,18,0.5273874710556389,0.9268581764595953,cucumber,False,True,out_of_distribution,coco_stuff_negatives,field_test
338,-1,22,0.6958282245266408,0.8155439540564546,pepper,False,True,out_of_distribution,coco_stuff_negatives,field_test
338,-1,26,0.2799974858170387,0.9417559334657913,eggplant,False,True,out_of_distribution,coco_stuff_negatives,field_test
338,-1,34,0.37987125303231506,0.9970179585041063,strawberry,False,True,out_of_distribution,coco_stuff_negatives,field_test
339,-1,0,0.4068146083989124,0.8090657143264744,tomato,False,True,out_of_distribution,coco_stuff_negatives,field_test
339,-1,12,0.21462813751366888,0.9186042171972477,cucumber,False,True,out_of_distribution,coco_stuff_negatives,field_test
339,-1,23,0.5291073442145762,0.9156804364896239,pepper,False,True,out_of_distribution,coco_stuff_negatives,field_test
339,-1,25,0.25255089550421767,0.8094501371935461,eggplant,False,True,out_of_distribution,coco_stuff_negatives,field_test
339,-1,32,0.36305799865576294,0.8299886042255596,strawberry,False,True,out_of_distribution,coco_stuff_negatives,field_test
340,-1,7,0.453664865130552,0.8538195819739335,tomato,False,True,out_of_distribution,coco_stuff_negatives,field_test
340,-1,13,0.44905098451972175,0.8830506408487561,cucumber,False,True,out_of_distribution,coco_stuff_negatives,field_test
340,-1,19,0.694869569139953,0.7752910715614649,pepper,False,True,out_of_distribution,coco_stuff_negatives,field_test
340,-1,29,0.29201528087457274,0.9029921856234251,eggplant,False,True,out_of_distribution,coco_stuff_negatives,field_test
340,-1,38,0.44947324231457736,0.8860516011776841,strawberry,False,True,out_of_distribution,coco_stuff_negatives,field_test
341,-1,2,0.3557296157516074,0.9139383544277313,tomato,False,True,out_of_distribution,coco_stuff_negatives,field_test
341,-1,13,0.6680575116279284,0.777660312308759,cucumber,False,True,out_of_distribution,coco_stuff_negatives,field_test
341,-1,22,0.6216489179832144,0.8315763270536269,pepper,False,True,out_of_distribution,coco_stuff_negatives,field_test
341,-1,31,0.2675727710723432,0.9490539077665079,eggplant,False,True,out_of_distribution,coco_stuff_negatives,field_test
341,-1,32,0.36736005195587307,0.8889546460891583,strawberry,False,True,out_of_distribution,coco_stuff_negatives,field_test
342,-1,0,0.7660927851106215,0.7996164910204597,tomato,False,True,out_of_distribution,coco_stuff_negatives,field_test
342,-1,15,0.21397689383081958,0.9439685513980611,cucumber,False,True,out_of_distribution,coco_stuff_negatives,field_test
342,-1,19,0.3613070672310425,0.8878345945031693,pepper,False,True,out_of_distribution,coco_stuff_negatives,field_test
342,-1,29,0.5022446063030702,0.8856374863437696,eggplant,False,True,out_of_distribution,coco_stuff_negatives,field_test
342,-1,32,0.3541086574813527,0.8076654813105107,strawberry,False,True,out_of_distribution,coco_stuff_negatives,field_test
343,-1,6,0.44780028750784706,0.8071688127094179,tomato,False,True,out_of_distribution,coco_stuff_negatives,field_test
343,-1,12,0.2614988397522109,0.9387842413737657,cucumber,False,True,out_of_distribution,coco_stuff_negatives,field_test
343,-1,20,0.6059595714412467,0.8846427743358076,pepper,False,True,out_of_distribution,coco_stuff_negatives,field_test
343,-1,27,0.2573747272623539,0.8908233030891525,eggplant,False,True,out_of_distribution,coco_stuff_negatives,field_test
343,-1,32,0.26840099707106313,0.8693067699952706,strawberry,False,True,out_of_distribution,coco_stuff_negatives,field_test
344,-1,0,0.0,,tomato,False,False,image_too_blurry,coco_stuff_negatives,field_test
344,-1,0,0.0,,cucumber,False,False,image_too_blurry,coco_stuff_negatives,field_test
344,-1,0,0.0,,pepper,False,False,image_too_blurry,coco_stuff_negatives,field_test
344,-1,0,0.0,,eggplant,False,False,image_too_blurry,coco_stuff_negatives,field_test
344,-1,0,0.0,,strawberry,False,False,image_too_blurry,coco_stuff_negatives,field_test
345,-1,1,0.6755495200821968,0.7267663346286359,tomato,False,True,out_of_distribution,coco_stuff_negatives,field_test
345,-1,16,0.2896095680364191,0.8857864498607155,cucumber,False,True,out_of_distribution,coco_stuff_negatives,field_test
345,-1,19,0.3974381831882088,0.9274774127226496,pepper,False,True,out_of_distribution,coco_stuff_negatives,field_test
345,-1,27,0.5614328969656972,0.8371812586589573,eggplant,False,True,out_of_distribution,coco_stuff_negatives,field_test
345,-1,33,0.3770607679848743,0.8110283126424147,strawberry,False,True,out_of_distribution,coco_stuff_negatives,field_test
346,-1,6,0.1894513216496501,0.7719317400712588,tomato,False,True,out_of_distribution,coco_stuff_negatives,field_test
346,-1,15,0.46281589615662516,0.8596235884870607,cucumber,False,True,out_of_distribution,coco_stuff_negatives,field_test
346,-1,22,0.6217132089013809,0.8426688394000726,pepper,False,True,out_of_distribution,coco_stuff_negatives,field_test
346,-1,31,0.3617000062097429,0.9215003587775688,eggplant,False,True,out_of_distribution,coco_stuff_negatives,field_test
346,-1,32,0.3332589398200241,0.9386724743610896,strawberry,False,True,out_of_distribution,coco_stuff_negatives,field_test
347,-1,5,0.18098145582961203,0.8793167834599821,tomato,False,True,out_of_distribution,coco_stuff_negatives,field_test
347,-1,11,0.2589398909559183,0.8787718505694333,cucumber,False,True,out_of_distribution,coco_stuff_negatives,field_test
347,-1,20,0.38247553879453655,0.8989390722160164,pepper,False,True,out_of_distribution,coco_stuff_negatives,field_test
347,-1,27,0.3016618522546394,0.9706309844837825,eggplant,False,True,out_of_distribution,coco_stuff_negatives,field_test
347,-1,35,0.2852881648718495,0.9707423950561612,strawberry,False,True,out_of_distribution,coco_stuff_negatives,field_test
348,-1,0,0.4627412794476772,0.8926214198615283,tomato,False,True,out_of_distribution,coco_stuff_negatives,field_test
348,-1,13,0.26995606236287145,0.8894323524023635,cucumber,False,True,out_of_distribution,coco_stuff_negatives,field_test
348,-1,22,0.36558022042852195,0.8355419039791544,pepper,False,True,out_of_distribution,coco_stuff_negatives,field_test
348,-1,30,0.3805625260544265,0.9453851317759444,eggplant,False,True,out_of_distribution,coco_stuff_negatives,field_test
348,-1,32,0.4898880889886536,0.9203568482631376,strawberry,False,True,out_of_distribution,coco_stuff_negatives,field_test
349,-1,0,0.3687533027382349,0.7672156331795362,tomato,False,True,out_of_distribution,coco_stuff_negatives,field_test
349,-1,13,0.20601567304185447,1.0387870903729595,cucumber,False,True,out_of_distribution,coco_stuff_negatives,field_test
349,-1,21,0.4183944933337837,0.9216311061606947,pepper,False,True,out_of_distribution,coco_stuff_negatives,field_test
349,-1,25,0.42641772277959544,0.8130086764548567,eggplant,False,True,out_of_distribution,coco_stuff_negatives,field_test
349,-1,38,0.29824380063889155,0.8916801401058168,strawberry,False,True,out_of_distribution,coco_stuff_negatives,field_test
350,-1,0,0.0,,tomato,False,False,image_too_blurry,coco_stuff_negatives,field_test
350,-1,0,0.0,,cucumber,False,False,image_too_blurry,coco_stuff_negatives,field_test
350,-1,0,0.0,,pepper,False,False,image_too_blurry,coco_stuff_negatives,field_test
350,-1,0,0.0,,eggplant,False,False,image_too_blurry,coco_stuff_negatives,field_test
350,-1,0,0.0,,strawberry,False,False,image_too_blurry,coco_stuff_negatives,field_test
351,-1,0,0.6772615323416552,0.8641338316511391,tomato,False,True,out_of_distribution,coco_stuff_negatives,field_test
351,-1,15,0.3113105093502536,0.926753809235199,cucumber,False,True,out_of_distribution,coco_stuff_negatives,field_test
351,-1,22,0.40407193360102894,0.8490492918405979,pepper,False,True,out_of_distribution,coco_stuff_negatives,field_test
351,-1,25,0.39053279717856426,0.8347406839970692,eggplant,False,True,out_of_distribution,coco_stuff_negatives,field_test
351,-1,32,0.3254687627450512,0.852207146567726,strawberry,False,True,out_of_distribution,coco_stuff_negatives,field_test
352,-1,6,0.3753572222688677,0.864282038187221,tomato,False,True,out_of_distribution,coco_stuff_negatives,field_test
352,-1,11,0.32251884668675873,0.8269540115335583,cucumber,False,True,out_of_distribution,coco_stuff_negatives,field_test
352,-1,19,0.47028280400694905,0.7692306991990532,pepper,False,True,out_of_distribution,coco_stuff_negatives,field_test
352,-1,26,0.4252176359337329,0.832842316355604,eggplant,False,True,out_of_distribution,coco_stuff_negatives,field_test
352,-1,32,0.4315680594717854,0.8473733247040122,strawberry,False,True,out_of_distribution,coco_stuff_negatives,field_test
353,-1,2,0.3879920492178064,0.8985605615936259,tomato,False,True,out_of_distribution,coco_stuff_negatives,field_test
353,-1,13,0.511500593290598,0.9108638120757293,cucumber,False,True,out_of_distribution,coco_stuff_negatives,field_test
353,-1,19,0.39927169901929904,0.8183516306170348,pepper,False,True,out_of_distribution,coco_stuff_negatives,field_test
353,-1,26,0.2863798108111153,0.8834294530679933,eggplant,False,True,out_of_distribution,coco_stuff_negatives,field_test
353,-1,32,0.4621780905074931,0.8205792558657821,strawberry,False,True,out_of_distribution,coco_stuff_negatives,field_test
354,-1,1,0.29579754892139115,0.8445288880335131,tomato,False,True,out_of_distribution,coco_stuff_negatives,field_test
354,-1,13,0.3408340072377044,0.8628600817905437,cucumber,False,True,out_of_distribution,coco_stuff_negatives,field_test
354,-1,19,0.3761102046486135,0.8668838120861792,pepper,False,True,out_of_distribution,coco_stuff_negatives,field_test
354,-1,28,0.24267068373632208,1.098767448720736,eggplant,False,True,out_of_distribution,coco_stuff_negatives,field_test
354,-1,33,0.34488457271081757,0.8453070876248746,strawberry,False,True,out_of_distribution,coco_stuff_negatives,field_test
355,-1,5,0.40770270311616086,0.8584360382466785,tomato,False,True,out_of_distribution,coco_stuff_negatives,field_test
355,-1,13,0.4054823179625154,0.8642843450803633,cucumber,False,True,out_of_distribution,coco_stuff_negatives,field_test
355,-1,21,0.42228153856868816,0.9436193101394489,pepper,False,True,out_of_distribution,coco_stuff_negatives,field_test
355,-1,30,0.3070719328845214,0.8773804138146101,eggplant,False,True,out_of_distribution,coco_stuff_negatives,field_test
355,-1,36,0.25909455498927825,0.8232372907321935,strawberry,False,True,out_of_distribution,coco_stuff_negatives,field_test
356,-1,7,0.41639352495979126,0.7990006249914359,tomato,False,True,out_of_distribution,coco_stuff_negatives,field_test
356,-1,17,0.21404216341784474,0.8630213355292817,cucumber,False,True,out_of_distribution,coco_stuff_negatives,field_test
356,-1,19,0.3275755798018271,0.9626998916461499,pepper,False,True,out_of_distribution,coco_stuff_negatives,field_test
356,-1,28,0.2603722060079738,0.9314796963919625,eggplant,False,True,out_of_distribution,coco_stuff_negatives,field_test
356,-1,38,0.36910275525324415,0.8479595964521955,strawberry,False,True,out_of_distribution,coco_stuff_negatives,field_test
357,-1,6,0.4594751484700899,0.8227354624550072,tomato,False,True,out_of_distribution,coco_stuff_negatives,field_test
357,-1,12,0.2610444349616075,0.9868270764422818,cucumber,False,True,out_of_distribution,coco_stuff_negatives,field_test
357,-1,19,0.2766552974842875,0.8939989698264897,pepper,False,True,out_of_distribution,coco_stuff_negatives,field_test
357,-1,27,0.18441275133987556,0.9754887529000439,eggplant,False,True,out_of_distribution,coco_stuff_negatives,field_test
357,-1,32,0.6909743691914793,0.7893406497218356,strawberry,False,True,out_of_distribution,coco_stuff_negatives,field_test
358,-1,0,0.0,,tomato,False,False,camera_obscured,coco_stuff_negatives,field_test
358,-1,0,0.0,,cucumber,False,False,camera_obscured,coco_stuff_negatives,field_test
358,-1,0,0.0,,pepper,False,False,camera_obscured,coco_stuff_negatives,field_test
358,-1,0,0.0,,eggplant,False,False,camera_obscured,coco_stuff_negatives,field_test
358,-1,0,0.0,,strawberry,False,False,camera_obscured,coco_stuff_negatives,field_test
359,-1,2,0.40830986220640403,0.8227782608398422,tomato,False,True,out_of_distribution,coco_stuff_negatives,field_test
359,-1,17,0.33875352152203103,0.7986044677944114,cucumber,False,True,out_of_distribution,coco_stuff_negatives,field_test
359,-1,22,0.4293665999680454,0.8362630362091592,pepper,False,True,out_of_distribution,coco_stuff_negatives,field_test
359,-1,31,0.38061181349640977,0.8356059158957172,eggplant,False,True,out_of_distribution,coco_stuff_negatives,field_test
359,-1,36,0.3101261500579506,0.863144819005835,strawberry,False,True,out_of_distribution,coco_stuff_negatives,field_test
360,-1,4,0.38785655072874825,0.8364852854741928,tomato,False,True,out_of_distribution,coco_stuff_negatives,field_test
360,-1,13,0.4525233976919492,0.8323550935490585,cucumber,False,True,out_of_distribution,coco_stuff_negatives,field_test
360,-1,20,0.357241984442684,0.9162668757397018,pepper,False,True,out_of_distribution,coco_stuff_negatives,field_test
360,-1,27,0.4002419722557219,0.8976541633416564,eggplant,False,True,out_of_distribution,coco_stuff_negatives,field_test
360,-1,33,0.5656096520533935,0.8348468235162687,strawberry,False,True,out_of_distribution,coco_stuff_negatives,field_test
361,-1,0,0.7318728407152749,0.7182446805602699,tomato,False,True,out_of_distribution,coco_stuff_negatives,field_test
361,-1,12,0.2417588622457574,0.9275314659051157,cucumber,False,True,out_of_distribution,coco_stuff_negatives,field_test
361,-1,22,0.6604002829112632,0.71756419462171,pepper,False,True,out_of_distribution,coco_stuff_negatives,field_test
361,-1,26,0.5076520952330805,0.8071007431439796,eggplant,False,True,out_of_distribution,coco_stuff_negatives,field_test
361,-1,32,0.37433678047155794,0.8492100045069519,strawberry,False,True,out_of_distribution,coco_stuff_negatives,field_test
362,-1,3,0.45589367856588825,0.7707920159576152,tomato,False,True,out_of_distribution,coco_stuff_negatives,field_test
362,-1,17,0.2620702913103951,0.8986236704288033,cucumber,False,True,out_of_distribution,coco_stuff_negatives,field_test
362,-1,24,0.3171824590382222,0.9209680208787927,pepper,False,True,out_of_distribution,coco_stuff_negatives,field_test
362,-1,31,0.2658782888946273,0.9627066174663206,eggplant,False,True,out_of_distribution,coco_stuff_negatives,field_test
362,-1,32,0.37299115592417115,0.8376862105691918,strawberry,False,True,out_of_distribution,coco_stuff_negatives,field_test
363,-1,0,0.55145483946644,0.8728896684919958,tomato,False,True,out_of_distribution,coco_stuff_negatives,field_test
363,-1,13,0.5154335709533043,0.7433676111979557,cucumber,False,True,out_of_distribution,coco_stuff_negatives,field_test
363,-1,19,0.5847033014932607,0.8658407845400221,pepper,False,True,out_of_distribution,coco_stuff_negatives,field_test
363,-1,27,0.530871685868687,0.8406947811524217,eggplant,False,True,out_of_distribution,coco_stuff_negatives,field_test
363,-1,32,0.7797449561942983,0.7557989356663433,strawberry,False,True,out_of_distribution,coco_stuff_negatives,field_test
364,-1,0,0.5582379826194727,0.7176261250435859,tomato,False,True,out_of_distribution,coco_stuff_negatives,field_test
364,-1,11,0.5132017819339431,0.6777156650461837,cucumber,False,True,out_of_distribution,coco_stuff_negatives,field_test
364,-1,22,0.3276652579854145,0.8663975812570612,pepper,False,True,out_of_distribution,coco_stuff_negatives,field_test
364,-1,25,0.4451092861012252,0.7649920285489055,eggplant,False,True,out_of_distribution,coco_stuff_negatives,field_test
364,-1,32,0.5184206842817117,0.7379300630997537,strawberry,False,True,out_of_distribution,coco_stuff_negatives,field_test
365,-1,0,0.0,,tomato,False,False,camera_obscured,coco_stuff_negatives,field_test
365,-1,0,0.0,,cucumber,False,False,camera_obscured,coco_stuff_negatives,field_test
365,-1,0,0.0,,pepper,False,False,camera_obscured,coco_stuff_negatives,field_test
365,-1,0,0.0,,eggplant,False,False,camera_obscured,coco_stuff_negatives,field_test
365,-1,0,0.0,,strawberry,False,False,camera_obscured,coco_stuff_negatives,field_test
366,-1,0,0.69827378242813,0.7688622960222511,tomato,False,True,out_of_distribution,coco_stuff_negatives,field_test
366,-1,17,0.2852222417418285,0.8768053960317416,cucumber,False,True,out_of_distribution,coco_stuff_negatives,field_test
366,-1,22,0.5363636847257595,0.8733267780088565,pepper,False,True,out_of_distribution,coco_stuff_negatives,field_test
366,-1,31,0.489091069788427,0.8239575452256012,eggplant,False,True,out_of_distribution,coco_stuff_negatives,field_test
366,-1,32,0.8968574891120483,0.7395767855901646,strawberry,False,True,out_of_distribution,coco_stuff_negatives,field_test
367,-1,0,0.5486939436233534,0.8272367717339548,tomato,False,True,out_of_distribution,coco_stuff_negatives,field_test
367,-1,11,0.2728684044895424,0.8495976283712355,cucumber,False,True,out_of_distribution,coco_stuff_negatives,field_test
367,-1,24,0.4353934223818227,0.908811329953304,pepper,False,True,out_of_distribution,coco_stuff_negatives,field_test
367,-1,31,0.7559741618006055,0.7962165244987744,eggplant,False,True,out_of_distribution,coco_stuff_negatives,field_test
367,-1,32,0.3690322175048563,0.8098690432687945,strawberry,False,True,out_of_distribution,coco_stuff_negatives,field_test
368,-1,3,0.23336549762377248,0.8437755625824823,tomato,False,True,out_of_distribution,coco_stuff_negatives,field_test
368,-1,15,0.48128959964888274,0.7221899373812065,cucumber,False,True,out_of_distribution,coco_stuff_negatives,field_test
368,-1,22,0.5525426004585523,0.9409323312376647,pepper,False,True,out_of_distribution,coco_stuff_negatives,field_test
368,-1,31,0.3031330269591203,0.803884821133461,eggplant,False,True,out_of_distribution,coco_stuff_negatives,field_test
368,-1,35,0.4928233045526971,0.8484830024429488,strawberry,False,True,out_of_distribution,coco_stuff_negatives,field_test
369,-1,0,0.4249469940322935,0.8186218457823555,tomato,False,True,out_of_distribution,coco_stuff_negatives,field_test
369,-1,11,0.46863125659610544,0.8523561827281908,cucumber,False,True,out_of_distribution,coco_stuff_negatives,field_test
369,-1,19,0.5605551091964279,0.8800610175428291,pepper,False,True,out_of_distribution,coco_stuff_negatives,field_test
369,-1,25,0.3484094041745818,0.8633797000126853,eggplant,False,True,out_of_distribution,coco_stuff_negatives,field_test
369,-1,32,0.6430502960224265,0.857762506617798,strawberry,False,True,out_of_distribution,coco_stuff_negatives,field_test
370,-1,4,0.3521693376235944,0.8640674339928893,tomato,False,True,out_of_distribution,coco_stuff_negatives,field_test
370,-1,18,0.40404560760748887,0.7795368483091973,cucumber,False,True,out_of_distribution,coco_stuff_negatives,field_test
370,-1,19,0.35999437633611686,0.845528968413273,pepper,False,True,out_of_distribution,coco_stuff_negatives,field_test
370,-1,25,0.4541539319833612,0.8773624669929878,eggplant,False,True,out_of_distribution,coco_stuff_negatives,field_test
370,-1,32,0.7071454590676347,0.7695163384078717,strawberry,False,True,out_of_distribution,coco_stuff_negatives,field_test
371,-1,0,0.49266380817260824,0.7731681858597517,tomato,False,True,out_of_distribution,coco_stuff_negatives,field_test
371,-1,11,0.3514033092627883,0.8417654746185795,cucumber,False,True,out_of_distribution,coco_stuff_negatives,field_test
371,-1,23,0.38648166168381626,0.8623458169385336,pepper,False,True,out_of_distribution,coco_stuff_negatives,field_test
371,-1,31,0.29995644864707394,0.8924505523989918,eggplant,False,True,out_of_distribution,coco_stuff_negatives,field_test
371,-1,32,0.3976806686741782,0.7437402075905271,strawberry,False,True,out_of_distribution,coco_stuff_negatives,field_test
372,-1,0,0.49384390781029214,0.7432459322547376,tomato,False,True,out_of_distribution,coco_stuff_negatives,field_test
372,-1,12,0.24880482250972477,0.9592356719397226,cucumber,False,True,out_of_distribution,coco_stuff_negatives,field_test
372,-1,19,0.6774109931493368,0.8016596975223982,pepper,False,True,out_of_distribution,coco_stuff_negatives,field_test
372,-1,25,0.4822516452697257,0.7590179042014014,eggplant,False,True,out_of_distribution,coco_stuff_negatives,field_test
372,-1,32,0.49252150855036436,0.7353953208391264,strawberry,False,True,out_of_distribution,coco_stuff_negatives,field_test
373,-1,0,0.7173287604789287,0.8097401223745843,tomato,False,True,out_of_distribution,coco_stuff_negatives,field_test
373,-1,13,0.6752815680721895,0.6829295742688739,cucumber,False,True,out_of_distribution,coco_stuff_negatives,field_test
373,-1,19,0.38403270594815964,0.8809531243721207,pepper,False,True,out_of_distribution,coco_stuff_negatives,field_test
373,-1,27,0.42345633200546245,0.8916773692138921,eggplant,False,True,out_of_distribution,coco_stuff_negatives,field_test
373,-1,32,0.660327888697129,0.7011869160948723,strawberry,False,True,out_of_distribution,coco_stuff_negatives,field_test
374,-1,0,0.6819676460322343,0.8427113073835594,tomato,False,True,out_of_distribution,coco_stuff_negatives,field_test
374,-1,13,0.294823533959263,0.8667663652358986,cucumber,False,True,out_of_distribution,coco_stuff_negatives,field_test
374,-1,22,0.5646583619021668,0.9029923691137198,pepper,False,True,out_of_distribution,coco_stuff_negatives,field_test
374,-1,31,0.377300662777081,0.9539926293446583,eggplant,False,True,out_of_distribution,coco_stuff_negatives,field_test
374,-1,32,0.5681742459331621,0.8132260090401018,strawberry,False,True,out_of_distribution,coco_stuff_negatives,field_test
375,-1,0,0.4479941544590064,0.7963852875443105,tomato,False,True,out_of_distribution,coco_stuff_negatives,field_test
375,-1,15,0.3598285399824059,0.8236732156977993,cucumber,False,True,out_of_distribution,coco_stuff_negatives,field_test
375,-1,20,0.5271834553848603,0.8519003191499951,pepper,False,True,out_of_distribution,coco_stuff_negatives,field_test
375,-1,25,0.2679221597229139,0.8093647183524975,eggplant,False,True,out_of_distribution,coco_stuff_negatives,field_test
375,-1,35,0.26478098621902557,0.9163826917455259,strawberry,False,True,out_of_distribution,coco_stuff_negatives,field_test
376,-1,0,0.7864859157814696,0.7269213976486514,tomato,False,True,out_of_distribution,coco_stuff_negatives,field_test
376,-1,12,0.4301847436290936,0.872573184394778,cucumber,False,True,out_of_distribution,coco_stuff_negatives,field_test
376,-1,19,0.3490729166568078,0.7937500207042236,pepper,False,True,out_of_distribution,coco_stuff_negatives,field_test
376,-1,27,0.7534051648793493,0.8658618910013751,eggplant,False,True,out_of_distribution,coco_stuff_negatives,field_test
376,-1,32,0.5869636467859776,0.6794446968868498,strawberry,False,True,out_of_distribution,coco_stuff_negatives,field_test
377,-1,0,0.5421037774154359,0.8338000157301211,tomato,False,True,out_of_distribution,coco_stuff_negatives,field_test
377,-1,13,0.5411469329575149,0.7081241140045242,cucumber,False,True,out_of_distribution,coco_stuff_negatives,field_test
377,-1,19,0.5557177763490957,0.8271846784045618,pepper,False,True,out_of_distribution,coco_stuff_negatives,field_test
377,-1,27,0.4026034715589033,0.9195451116754546,eggplant,False,True,out_of_distribution,coco_stuff_negatives,field_test
377,-1,32,0.6848755539434265,0.7008798948770133,strawberry,False,True,out_of_distribution,coco_stuff_negatives,field_test
378,-1,4,0.45406757168157963,0.8823017382689431,tomato,False,True,out_of_distribution,coco_stuff_negatives,field_test
378,-1,12,0.29995523518638934,0.8997087818932373,cucumber,False,True,out_of_distribution,coco_stuff_negatives,field_test
378,-1,20,0.5318933144359247,0.9036929086071813,pepper,False,True,out_of_distribution,coco_stuff_negatives,field_test
378,-1,25,0.49504985451048855,0.8062170298807785,eggplant,False,True,out_of_distribution,coco_stuff_negatives,field_test
378,-1,32,0.39529939748212334,0.8572457842376053,strawberry,False,True,out_of_distribution,coco_stuff_negatives,field_test
379,-1,0,0.6317064567659322,0.7532758442733498,tomato,False,True,out_of_distribution,coco_stuff_negatives,field_test
379,-1,11,0.3438286538925822,0.8087999620563828,cucumber,False,True,out_of_distribution,coco_stuff_negatives,field_test
379,-1,19,0.6562825547244878,0.7788423611454944,pepper,False,True,out_of_distribution,coco_stuff_negatives,field_test
379,-1,27,0.3351398548419748,0.9344732908906661,eggplant,False,True,out_of_distribution,coco_stuff_negatives,field_test
379,-1,32,0.5074540827580762,0.7391290507862525,strawberry,False,True,out_of_distribution,coco_stuff_negatives,field_test
380,-1,6,0.661066327662343,0.7306810034811145,tomato,False,True,out_of_distribution,coco_stuff_negatives,field_test
380,-1,11,0.4397632797120072,0.8011821614408735,cucumber,False,True,out_of_distribution,coco_stuff_negatives,field_test
380,-1,19,0.8485707721057644,0.7662677049927307,pepper,False,True,out_of_distribution,coco_stuff_negatives,field_test
380,-1,25,0.6921970040629332,0.8333617831297225,eggplant,False,True,out_of_distribution,coco_stuff_negatives,field_test
380,-1,32,0.6272482607069273,0.7701165407151341,strawberry,False,True,out_of_distribution,coco_stuff_negatives,field_test
381,-1,3,0.3870162652431815,0.7206100166983977,tomato,False,True,out_of_distribution,coco_stuff_negatives,field_test
381,-1,11,0.3137759840811572,0.8360563642463413,cucumber,False,True,out_of_distribution,coco_stuff_negatives,field_test
381,-1,19,0.3990508523233148,0.8764149047144634,pepper,False,True,out_of_distribution,coco_stuff_negatives,field_test
381,-1,31,0.39274933412904,0.7673410955862501,eggplant,False,True,out_of_distribution,coco_stuff_negatives,field_test
381,-1,32,0.613639383151378,0.8579943989088421,strawberry,False,True,out_of_distribution,coco_stuff_negatives,field_test
382,-1,3,0.6042177039039811,0.7266164215794946,tomato,False,True,out_of_distribution,coco_stuff_negatives,field_test
382,-1,15,0.23919574946968317,0.9019704147448802,cucumber,False,True,out_of_distribution,coco_stuff_negatives,field_test
382,-1,22,0.4642689803065626,0.8367521881684253,pepper,False,True,out_of_distribution,coco_stuff_negatives,field_test
382,-1,31,0.35759726759262134,0.8116497190895211,eggplant,False,True,out_of_distribution,coco_stuff_negatives,field_test
382,-1,35,0.4046339473583295,0.7830189907211811,strawberry,False,True,out_of_distribution,coco_stuff_negatives,field_test
383,-1,0,0.6615125484876156,0.7181245680368737,tomato,False,True,out_of_distribution,coco_stuff_negatives,field_test
383,-1,16,0.3222401199259803,0.9764781358238352,cucumber,False,True,out_of_distribution,coco_stuff_negatives,field_test
383,-1,19,0.335631579909538,0.7948447443011073,pepper,False,True,out_of_distribution,coco_stuff_negatives,field_test
383,-1,25,0.6722786368938518,0.710818589841471,eggplant,False,True,out_of_distribution,coco_stuff_negatives,field_test
383,-1,32,0.6201338454012696,0.8113281458466024,strawberry,False,True,out_of_distribution,coco_stuff_negatives,field_test
384,-1,0,0.3773295924859817,0.8896139003362953,tomato,False,True,out_of_distribution,coco_stuff_negatives,field_test
384,-1,15,0.4822224117570805,0.8472037460490658,cucumber,False,True,out_of_distribution,coco_stuff_negatives,field_test
384,-1,19,0.24147699231530095,0.9051405345726832,pepper,False,True,out_of_distribution,coco_stuff_negatives,field_test
384,-1,31,0.7412493924489637,0.8236780180646106,eggplant,False,True,out_of_distribution,coco_stuff_negatives,field_test
384,-1,37,0.36476959254392466,0.9486239255486548,strawberry,False,True,out_of_distribution,coco_stuff_negatives,field_test
385,-1,0,0.0,,tomato,False,False,camera_obscured,coco_stuff_negatives,field_test
385,-1,0,0.0,,cucumber,False,False,camera_obscured,coco_stuff_negatives,field_test
385,-1,0,0.0,,pepper,False,False,camera_obscured,coco_stuff_negatives,field_test
385,-1,0,0.0,,eggplant,False,False,camera_obscured,coco_stuff_negatives,field_test
385,-1,0,0.0,,strawberry,False,False,camera_obscured,coco_stuff_negatives,field_test
386,-1,0,0.4149150829431778,0.784995038459001,tomato,False,True,out_of_distribution,coco_stuff_negatives,field_test
386,-1,15,0.31372033063684807,0.8887176665248901,cucumber,False,True,out_of_distribution,coco_stuff_negatives,field_test
386,-1,19,0.3786152486692308,0.8169934066654005,pepper,False,True,out_of_distribution,coco_stuff_negatives,field_test
386,-1,25,0.45693215231347617,0.8349133650313261,eggplant,False,True,out_of_distribution,coco_stuff_negatives,field_test
386,-1,37,0.240959829845376,0.8957673307073634,strawberry,False,True,out_of_distribution,coco_stuff_negatives,field_test
387,-1,0,0.6891158899690714,0.7858138759736253,tomato,False,True,out_of_distribution,coco_stuff_negatives,field_test
387,-1,11,0.385122875104082,0.8434795024107522,cucumber,False,True,out_of_distribution,coco_stuff_negatives,field_test
387,-1,22,0.37151054426603203,0.8721933985805661,pepper,False,True,out_of_distribution,coco_stuff_negatives,field_test
387,-1,26,0.31994077666166115,0.8614160187282932,eggplant,False,True,out_of_distribution,coco_stuff_negatives,field_test
387,-1,32,0.3281321766826773,0.8342634337158672,strawberry,False,True,out_of_distribution,coco_stuff_negatives,field_test
388,-1,0,0.6879095069687348,0.6861906160809205,tomato,False,True,out_of_distribution,coco_stuff_negatives,field_test
388,-1,11,0.2512106684607779,0.765203555936695,cucumber,False,True,out_of_distribution,coco_stuff_negatives,field_test
388,-1,19,0.7089553599596574,0.7326943108527718,pepper,False,True,out_of_distribution,coco_stuff_negatives,field_test
388,-1,27,0.4530553885810231,0.8949081537961195,eggplant,False,True,out_of_distribution,coco_stuff_negatives,field_test
388,-1,32,0.5689694996165814,0.6429920728463117,strawberry,False,True,out_of_distribution,coco_stuff_negatives,field_test
389,-1,0,0.7360810061187805,0.756027916375515,tomato,False,True,out_of_distribution,coco_stuff_negatives,field_test
389,-1,11,0.5503856074506897,0.7413384927940716,cucumber,False,True,out_of_distribution,coco_stuff_negatives,field_test
389,-1,19,0.5483264238010611,0.8241646851735942,pepper,False,True,out_of_distribution,coco_stuff_negatives,field_test
389,-1,25,0.45645702592948484,0.7739389601725,eggplant,False,True,out_of_distribution,coco_stuff_negatives,field_test
389,-1,32,0.6147263269224391,0.7977815574702598,strawberry,False,True,out_of_distribution,coco_stuff_negatives,field_test
390,-1,4,0.29591253489270286,0.9137911612729197,tomato,False,True,out_of_distribution,coco_stuff_negatives,field_test
390,-1,18,0.27756554623029184,0.9746398289423279,cucumber,False,True,out_of_distribution,coco_stuff_negatives,field_test
390,-1,19,0.3016417677747911,0.9458753221030157,pepper,False,True,out_of_distribution,coco_stuff_negatives,field_test
390,-1,26,0.2356174248218182,1.0120018837223292,eggplant,False,True,out_of_distribution,coco_stuff_negatives,field_test
390,-1,37,0.3181202096758689,0.9031369648268514,strawberry,False,True,out_of_distribution,coco_stuff_negatives,field_test
391,-1,8,0.3172385398628617,0.8617624984835561,tomato,False,True,out_of_distribution,coco_stuff_negatives,field_test
391,-1,13,0.2799602968655635,0.8154502952554492,cucumber,False,True,out_of_distribution,coco_stuff_negatives,field_test
391,-1,19,0.34053539871744404,0.9128782564225972,pepper,False,True,out_of_distribution,coco_stuff_negatives,field_test
391,-1,25,0.2130930713126988,0.91891398370421,eggplant,False,True,out_of_distribution,coco_stuff_negatives,field_test
391,-1,35,0.39166034916388526,0.9032600798577379,strawberry,False,True,out_of_distribution,coco_stuff_negatives,field_test
392,-1,0,0.6508120904557226,0.7656657862687544,tomato,False,True,out_of_distribution,coco_stuff_negatives,field_test
392,-1,18,0.30949512592705747,0.9073994509792705,cucumber,False,True,out_of_distribution,coco_stuff_negatives,field_test
392,-1,24,0.45254186161636223,0.8709434863741219,pepper,False,True,out_of_distribution,coco_stuff_negatives,field_test
392,-1,25,0.3267882411968921,0.7603001642795758,eggplant,False,True,out_of_distribution,coco_stuff_negatives,field_test
392,-1,33,0.33667383603625073,0.920649169747154,strawberry,False,True,out_of_distribution,coco_stuff_negatives,field_test
393,-1,0,0.2444045723699229,0.8710572635635236,tomato,False,True,out_of_distribution,coco_stuff_negatives,field_test
393,-1,11,0.24009311843279565,0.8656145601615586,cucumber,False,True,out_of_distribution,coco_stuff_negatives,field_test
393,-1,20,0.429618329884764,0.8578364373430725,pepper,False,True,out_of_distribution,coco_stuff_negatives,field_test
393,-1,31,0.24762810161217746,0.9973705199072285,eggplant,False,True,out_of_distribution,coco_stuff_negatives,field_test
393,-1,32,0.2519458709070815,0.9570287993598673,strawberry,False,True,out_of_distribution,coco_stuff_negatives,field_test
394,-1,4,0.3190686948445668,0.9611943213229048,tomato,False,True,out_of_distribution,coco_stuff_negatives,field_test
394,-1,12,0.4337439976582395,0.853635165823559,cucumber,False,True,out_of_distribution,coco_stuff_negatives,field_test
394,-1,22,0.8828912018885007,0.8598889868918248,pepper,False,True,out_of_distribution,coco_stuff_negatives,field_test
394,-1,31,0.5369178122215026,0.9159733867719495,eggplant,False,True,out_of_distribution,coco_stuff_negatives,field_test
394,-1,35,0.30091159918729077,0.9212885402467604,strawberry,False,True,out_of_distribution,coco_stuff_negatives,field_test
395,-1,0,0.47760003502150117,0.8546695345488529,tomato,False,True,out_of_distribution,coco_stuff_negatives,field_test
395,-1,13,0.3847885731921682,0.9124946005593071,cucumber,False,True,out_of_distribution,coco_stuff_negatives,field_test
395,-1,21,0.384256756037559,0.9242934385006158,pepper,False,True,out_of_distribution,coco_stuff_negatives,field_test
395,-1,27,0.30723525222157155,0.9360446505172004,eggplant,False,True,out_of_distribution,coco_stuff_negatives,field_test
395,-1,32,0.7691799969005716,0.7085372038719325,strawberry,False,True,out_of_distribution,coco_stuff_negatives,field_test
396,-1,0,0.4938850897560624,0.7808170349205926,tomato,False,True,out_of_distribution,coco_stuff_negatives,field_test
396,-1,11,0.5546016437303171,0.7035728366299097,cucumber,False,True,out_of_distribution,coco_stuff_negatives,field_test
396,-1,19,0.5260775800671065,0.7996909449712817,pepper,False,True,out_of_distribution,coco_stuff_negatives,field_test
396,-1,25,0.7645336780471879,0.7676121345640601,eggplant,False,True,out_of_distribution,coco_stuff_negatives,field_test
396,-1,32,0.31137953927836504,0.8056332281434807,strawberry,False,True,out_of_distribution,coco_stuff_negatives,field_test
397,-1,0,0.6682467379098107,0.7819470565037622,tomato,False,True,out_of_distribution,coco_stuff_negatives,field_test
397,-1,13,0.47796843359689695,0.739680265458416,cucumber,False,True,out_of_distribution,coco_stuff_negatives,field_test
397,-1,19,0.4909933013388579,0.8272707138739123,pepper,False,True,out_of_distribution,coco_stuff_negatives,field_test
397,-1,27,0.5909097941181223,0.8759450633071743,eggplant,False,True,out_of_distribution,coco_stuff_negatives,field_test
397,-1,32,0.6951838315472013,0.6839999537092974,strawberry,False,True,out_of_distribution,coco_stuff_negatives,field_test
398,-1,0,0.3711967610703394,0.7776565668279956,tomato,False,True,out_of_distribution,coco_stuff_negatives,field_test
398,-1,11,0.3170082285703713,0.8311899029444325,cucumber,False,True,out_of_distribution,coco_stuff_negatives,field_test
398,-1,19,0.3929966527764348,0.8100560565503585,pepper,False,True,out_of_distribution,coco_stuff_negatives,field_test
398,-1,31,0.434776334832046,0.8532484184252079,eggplant,False,True,out_of_distribution,coco_stuff_negatives,field_test
398,-1,32,0.5548190852338355,0.7967630702762192,strawberry,False,True,out_of_distribution,coco_stuff_negatives,field_test
399,-1,3,0.32726995897022504,0.848732868643621,tomato,False,True,out_of_distribution,coco_stuff_negatives,field_test
399,-1,11,0.46593154961799876,0.8010966313220034,cucumber,False,True,out_of_distribution,coco_stuff_negatives,field_test
399,-1,22,0.4354029161363554,0.8912179280500331,pepper,False,True,out_of_distribution,coco_stuff_negatives,field_test
399,-1,26,0.23179683272294294,0.8880585978261061,eggplant,False,True,out_of_distribution,coco_stuff_negatives,field_test
399,-1,35,0.3647676920631798,0.9234635723206456,strawberry,False,True,out_of_distribution,coco_stuff_negatives,field_test
400,-1,5,0.20607071998149484,0.931804483743073,tomato,False,True,out_of_distribution,coco_stuff_negatives,field_test
400,-1,15,0.3860786676133651,0.8117850467791801,cucumber,False,True,out_of_distribution,coco_stuff_negatives,field_test
400,-1,21,0.3763240381166137,0.9920904559537668,pepper,False,True,out_of_distribution,coco_stuff_negatives,field_test
400,-1,28,0.33510465484364554,0.9608514509070046,eggplant,False,True,out_of_distribution,coco_stuff_negatives,field_test
400,-1,35,0.28063074696779605,0.8771140274170218,strawberry,False,True,out_of_distribution,coco_stuff_negatives,field_test
401,-1,0,0.0,,tomato,False,False,camera_obscured,coco_stuff_negatives,field_test
401,-1,0,0.0,,cucumber,False,False,camera_obscured,coco_stuff_negatives,field_test
401,-1,0,0.0,,pepper,False,False,camera_obscured,coco_stuff_negatives,field_test
401,-1,0,0.0,,eggplant,False,False,camera_obscured,coco_stuff_negatives,field_test
401,-1,0,0.0,,strawberry,False,False,camera_obscured,coco_stuff_negatives,field_test
402,-1,0,0.36147181133414363,0.8851407820228205,tomato,False,True,out_of_distribution,coco_stuff_negatives,field_test
402,-1,13,0.4233649477781271,0.8061212682856493,cucumber,False,True,out_of_distribution,coco_stuff_negatives,field_test
402,-1,19,0.3398297479493512,0.9119680306058666,pepper,False,True,out_of_distribution,coco_stuff_negatives,field_test
402,-1,27,0.3150761930109261,0.9245347748370016,eggplant,False,True,out_of_distribution,coco_stuff_negatives,field_test
402,-1,32,0.6091883917332206,0.7700609709546576,strawberry,False,True,out_of_distribution,coco_stuff_negatives,field_test
403,-1,0,0.49896668904180363,0.886104109120571,tomato,False,True,out_of_distribution,coco_stuff_negatives,field_test
403,-1,12,0.4091233760404651,0.8279083385877788,cucumber,False,True,out_of_distribution,coco_stuff_negatives,field_test
403,-1,20,0.398702361207526,0.8852473787277583,pepper,False,True,out_of_distribution,coco_stuff_negatives,field_test
403,-1,26,0.42727611263095094,0.8172923659331734,eggplant,False,True,out_of_distribution,coco_stuff_negatives,field_test
403,-1,32,0.4755233422710932,0.8674448821139145,strawberry,False,True,out_of_distribution,coco_stuff_negatives,field_test
404,-1,0,0.0,,tomato,False,False,camera_obscured,coco_stuff_negatives,field_test
404,-1,0,0.0,,cucumber,False,False,camera_obscured,coco_stuff_negatives,field_test
404,-1,0,0.0,,pepper,False,False,camera_obscured,coco_stuff_negatives,field_test
404,-1,0,0.0,,eggplant,False,False,camera_obscured,coco_stuff_negatives,field_test
404,-1,0,0.0,,strawberry,False,False,camera_obscured,coco_stuff_negatives,field_test
405,-1,0,0.0,,tomato,False,False,camera_obscured,coco_stuff_negatives,field_test
405,-1,0,0.0,,cucumber,False,False,camera_obscured,coco_stuff_negatives,field_test
405,-1,0,0.0,,pepper,False,False,camera_obscured,coco_stuff_negatives,field_test
405,-1,0,0.0,,eggplant,False,False,camera_obscured,coco_stuff_negatives,field_test
405,-1,0,0.0,,strawberry,False,False,camera_obscured,coco_stuff_negatives,field_test
406,-1,0,0.2061282438234861,0.9312987311798796,tomato,False,True,out_of_distribution,coco_stuff_negatives,field_test
406,-1,17,0.40387593977027664,0.9323508432759736,cucumber,False,True,out_of_distribution,coco_stuff_negatives,field_test
406,-1,21,0.36420584049008536,0.9030663781870719,pepper,False,True,out_of_distribution,coco_stuff_negatives,field_test
406,-1,30,0.3418492861608868,0.9268419761176626,eggplant,False,True,out_of_distribution,coco_stuff_negatives,field_test
406,-1,35,0.2163382302244883,1.0079953867185836,strawberry,False,True,out_of_distribution,coco_stuff_negatives,field_test
407,-1,0,0.7085734144702855,0.688166703593108,tomato,False,True,out_of_distribution,coco_stuff_negatives,field_test
407,-1,15,0.28574003452681496,0.8711227812006999,cucumber,False,True,out_of_distribution,coco_stuff_negatives,field_test
407,-1,21,0.5079056141189576,0.8977777151143987,pepper,False,True,out_of_distribution,coco_stuff_negatives,field_test
407,-1,25,0.5388194722239733,0.7265627566266726,eggplant,False,True,out_of_distribution,coco_stuff_negatives,field_test
407,-1,32,0.3158537073633689,0.7361279486401109,strawberry,False,True,out_of_distribution,coco_stuff_negatives,field_test
408,-1,0,0.4514170668648068,0.8538295455509226,tomato,False,True,out_of_distribution,coco_stuff_negatives,field_test
408,-1,12,0.40042486631421237,0.8815216677923522,cucumber,False,True,out_of_distribution,coco_stuff_negatives,field_test
408,-1,20,0.26066787199350144,0.9031573004077724,pepper,False,True,out_of_distribution,coco_stuff_negatives,field_test
408,-1,26,0.5929831393231403,0.8297107279477842,eggplant,False,True,out_of_distribution,coco_stuff_negatives,field_test
408,-1,32,0.5411541115823119,0.8262150256412848,strawberry,False,True,out_of_distribution,coco_stuff_negatives,field_test
409,-1,0,0.35859013251504734,0.8487711123084433,tomato,False,True,out_of_distribution,coco_stuff_negatives,field_test
409,-1,17,0.3663955938000267,0.8564720074677566,cucumber,False,True,out_of_distribution,coco_stuff_negatives,field_test
409,-1,19,0.47840778401761896,0.8196939099548898,pepper,False,True,out_of_distribution,coco_stuff_negatives,field_test
409,-1,27,0.33594522767855495,0.9065141436608957,eggplant,False,True,out_of_distribution,coco_stuff_negatives,field_test
409,-1,32,0.48118630287032454,0.7505990449200433,strawberry,False,True,out_of_distribution,coco_stuff_negatives,field_test
410,-1,7,0.35442769466667895,0.8869976214946909,tomato,False,True,out_of_distribution,coco_stuff_negatives,field_test
410,-1,13,0.4807361306944938,0.8215460018166907,cucumber,False,True,out_of_distribution,coco_stuff_negatives,field_test
410,-1,24,0.49604469653143624,0.8028295095838058,pepper,False,True,out_of_distribution,coco_stuff_negatives,field_test
410,-1,28,0.30398683526087034,1.0201473491025022,eggplant,False,True,out_of_distribution,coco_stuff_negatives,field_test
410,-1,35,0.2515163092655393,0.8208576561471096,strawberry,False,True,out_of_distribution,coco_stuff_negatives,field_test
411,-1,6,0.22468922175208603,0.9108355390617963,tomato,False,True,out_of_distribution,coco_stuff_negatives,field_test
411,-1,17,0.408231442752059,0.8159758618242083,cucumber,False,True,out_of_distribution,coco_stuff_negatives,field_test
411,-1,22,0.3720219205266194,0.7510599863456373,pepper,False,True,out_of_distribution,coco_stuff_negatives,field_test
411,-1,25,0.3358054680233056,0.9369094227037164,eggplant,False,True,out_of_distribution,coco_stuff_negatives,field_test
411,-1,38,0.31672865473411016,0.7799235668385054,strawberry,False,True,out_of_distribution,coco_stuff_negatives,field_test
412,-1,0,0.4378031244621213,0.8689749420109008,tomato,False,True,out_of_distribution,coco_stuff_negatives,field_test
412,-1,11,0.540059921746922,0.8570406910328914,cucumber,False,True,out_of_distribution,coco_stuff_negatives,field_test
412,-1,19,0.5574199428847831,0.8494508732756907,pepper,False,True,out_of_distribution,coco_stuff_negatives,field_test
412,-1,26,0.5020184987177783,0.8406209397169025,eggplant,False,True,out_of_distribution,coco_stuff_negatives,field_test
412,-1,32,0.7839326051443629,0.827464707410553,strawberry,False,True,out_of_distribution,coco_stuff_negatives,field_test
413,-1,6,0.4573455811429531,0.7898379095981438,tomato,False,True,out_of_distribution,coco_stuff_negatives,field_test
413,-1,12,0.3088409269239755,0.9546999057063671,cucumber,False,True,out_of_distribution,coco_stuff_negatives,field_test
413,-1,19,0.5061961665309266,0.8468584783897426,pepper,False,True,out_of_distribution,coco_stuff_negatives,field_test
413,-1,27,0.5029951612151906,0.8952262371449686,eggplant,False,True,out_of_distribution,coco_stuff_negatives,field_test
413,-1,32,0.7378943889192118,0.7071498142252425,strawberry,False,True,out_of_distribution,coco_stuff_negatives,field_test
414,-1,1,0.6027401019161813,0.737303070686381,tomato,False,True,out_of_distribution,coco_stuff_negatives,field_test
414,-1,11,0.42086136124639495,0.8548454473011502,cucumber,False,True,out_of_distribution,coco_stuff_negatives,field_test
414,-1,19,0.5274498301333899,0.8306561947638469,pepper,False,True,out_of_distribution,coco_stuff_negatives,field_test
414,-1,27,0.33023862624702666,0.8413603621448833,eggplant,False,True,out_of_distribution,coco_stuff_negatives,field_test
414,-1,32,0.4920243336580737,0.8196310340978951,strawberry,False,True,out_of_distribution,coco_stuff_negatives,field_test
415,-1,3,0.4115604069103428,0.8210932367033978,tomato,False,True,out_of_distribution,coco_stuff_negatives,field_test
415,-1,15,0.4089356721713906,0.8081632043504255,cucumber,False,True,out_of_distribution,coco_stuff_negatives,field_test
415,-1,19,0.5667560236430889,0.8319256096888854,pepper,False,True,out_of_distribution,coco_stuff_negatives,field_test
415,-1,31,0.6650779016179239,0.8050783728130889,eggplant,False,True,out_of_distribution,coco_stuff_negatives,field_test
415,-1,32,0.24144904857916313,0.9524696778851591,strawberry,False,True,out_of_distribution,coco_stuff_negatives,field_test
416,-1,0,0.2969887531716145,0.7954363479928043,tomato,False,True,out_of_distribution,coco_stuff_negatives,field_test
416,-1,12,0.1781766746163111,0.9737095371639425,cucumber,False,True,out_of_distribution,coco_stuff_negatives,field_test
416,-1,19,0.7788060164597163,0.8060618680352108,pepper,False,True,out_of_distribution,coco_stuff_negatives,field_test
416,-1,25,0.6157705672565659,0.7987465306684807,eggplant,False,True,out_of_distribution,coco_stuff_negatives,field_test
416,-1,32,0.5435593947089336,0.8170981042204128,strawberry,False,True,out_of_distribution,coco_stuff_negatives,field_test
417,-1,3,0.5889519179097406,0.7747234848044542,tomato,False,True,out_of_distribution,coco_stuff_negatives,field_test
417,-1,15,0.711765928219244,0.8089690979850976,cucumber,False,True,out_of_distribution,coco_stuff_negatives,field_test
417,-1,22,0.47538312619096507,0.7864569787816159,pepper,False,True,out_of_distribution,coco_stuff_negatives,field_test
417,-1,30,0.23980778266563327,0.9684083075821687,eggplant,False,True,out_of_distribution,coco_stuff_negatives,field_test
417,-1,35,0.34584404687862874,0.8042720489878488,strawberry,False,True,out_of_distribution,coco_stuff_negatives,field_test
418,-1,0,0.3877638701180267,0.7681354490751997,tomato,False,True,out_of_distribution,coco_stuff_negatives,field_test
418,-1,11,0.44539299182515135,0.7489440678200442,cucumber,False,True,out_of_distribution,coco_stuff_negatives,field_test
418,-1,19,0.7992157539097638,0.7819400433526167,pepper,False,True,out_of_distribution,coco_stuff_negatives,field_test
418,-1,25,0.3954648917266729,0.752196595903644,eggplant,False,True,out_of_distribution,coco_stuff_negatives,field_test
418,-1,32,0.6026694971821304,0.7475433427422902,strawberry,False,True,out_of_distribution,coco_stuff_negatives,field_test
419,-1,0,0.4155345369906899,0.7804220490114024,tomato,False,True,out_of_distribution,coco_stuff_negatives,field_test
419,-1,12,0.36551555279064185,0.9252488438032389,cucumber,False,True,out_of_distribution,coco_stuff_negatives,field_test
419,-1,20,0.37683961937095817,0.859383750345329,pepper,False,True,out_of_distribution,coco_stuff_negatives,field_test
419,-1,31,0.22801802961431578,0.9674691812255203,eggplant,False,True,out_of_distribution,coco_stuff_negatives,field_test
419,-1,32,0.6042754423501735,0.7206927826304811,strawberry,False,True,out_of_distribution,coco_stuff_negatives,field_test
420,-1,0,0.9161687041689782,0.6505001132926412,tomato,False,True,out_of_distribution,coco_stuff_negatives,field_test
420,-1,11,0.6710305705820208,0.7522567663812992,cucumber,False,True,out_of_distribution,coco_stuff_negatives,field_test
420,-1,19,0.7363973777707528,0.7420130782060796,pepper,False,True,out_of_distribution,coco_stuff_negatives,field_test
420,-1,26,0.33047567825590146,0.7642375334703128,eggplant,False,True,out_of_distribution,coco_stuff_negatives,field_test
420,-1,32,0.5680318255120248,0.753829057329622,strawberry,False,True,out_of_distribution,coco_stuff_negatives,field_test
421,-1,0,0.0,,tomato,False,False,camera_obscured,coco_stuff_negatives,field_test
421,-1,0,0.0,,cucumber,False,False,camera_obscured,coco_stuff_negatives,field_test
421,-1,0,0.0,,pepper,False,False,camera_obscured,coco_stuff_negatives,field_test
421,-1,0,0.0,,eggplant,False,False,camera_obscured,coco_stuff_negatives,field_test
421,-1,0,0.0,,strawberry,False,False,camera_obscured,coco_stuff_negatives,field_test
422,-1,5,0.26628739230409026,0.9035563977713846,tomato,False,True,out_of_distribution,coco_stuff_negatives,field_test
422,-1,12,0.40056972787989337,0.8930872179457837,cucumber,False,True,out_of_distribution,coco_stuff_negatives,field_test
422,-1,22,0.6128764378120926,0.8399557583005279,pepper,False,True,out_of_distribution,coco_stuff_negatives,field_test
422,-1,31,0.30912630942794334,0.9697306850552407,eggplant,False,True,out_of_distribution,coco_stuff_negatives,field_test
422,-1,32,0.6612248604601211,0.8466036641778473,strawberry,False,True,out_of_distribution,coco_stuff_negatives,field_test
423,-1,0,0.4872061646281731,0.8598485673806671,tomato,False,True,out_of_distribution,coco_stuff_negatives,field_test
423,-1,11,0.3089964359755658,0.8822025209551395,cucumber,False,True,out_of_distribution,coco_stuff_negatives,field_test
423,-1,20,0.5660810020359927,0.7267617191421035,pepper,False,True,out_of_distribution,coco_stuff_negatives,field_test
423,-1,27,0.360916277948082,0.9027413353856307,eggplant,False,True,out_of_distribution,coco_stuff_negatives,field_test
423,-1,33,0.557679146004609,0.7686784345738601,strawberry,False,True,out_of_distribution,coco_stuff_negatives,field_test
424,-1,3,0.38248422366405027,0.8402618597203579,tomato,False,True,out_of_distribution,coco_stuff_negatives,field_test
424,-1,13,0.4566702769242308,0.8650315926561505,cucumber,False,True,out_of_distribution,coco_stuff_negatives,field_test
424,-1,22,0.30772585143052533,0.8832798921913952,pepper,False,True,out_of_distribution,coco_stuff_negatives,field_test
424,-1,31,0.689507160262331,0.8380087758396872,eggplant,False,True,out_of_distribution,coco_stuff_negatives,field_test
424,-1,34,0.23681370696059878,0.9121345546238425,strawberry,False,True,out_of_distribution,coco_stuff_negatives,field_test
425,-1,0,0.6128126525493846,0.7630641863600093,tomato,False,True,out_of_distribution,coco_stuff_negatives,field_test
425,-1,11,0.4719305136945723,0.7030436984132399,cucumber,False,True,out_of_distribution,coco_stuff_negatives,field_test
425,-1,19,0.5277950335022682,0.778836096011756,pepper,False,True,out_of_distribution,coco_stuff_negatives,field_test
425,-1,25,0.5286093515001122,0.7593306023082512,eggplant,False,True,out_of_distribution,coco_stuff_negatives,field_test
425,-1,32,0.5245827613584086,0.7433070526063105,strawberry,False,True,out_of_distribution,coco_stuff_negatives,field_test
426,-1,0,0.2156729424069085,0.9213608199494931,tomato,False,True,out_of_distribution,coco_stuff_negatives,field_test
426,-1,16,0.2655703182916165,0.9906478192011287,cucumber,False,True,out_of_distribution,coco_stuff_negatives,field_test
426,-1,19,0.3817648550295813,0.838761861570219,pepper,False,True,out_of_distribution,coco_stuff_negatives,field_test
426,-1,31,0.2979399119965706,0.914974331232564,eggplant,False,True,out_of_distribution,coco_stuff_negatives,field_test
426,-1,32,0.6252921832893459,0.8627227205435164,strawberry,False,True,out_of_distribution,coco_stuff_negatives,field_test
427,-1,0,0.45041290278020646,0.8595448988619621,tomato,False,True,out_of_distribution,coco_stuff_negatives,field_test
427,-1,13,0.3723669427218013,0.8471554108100162,cucumber,False,True,out_of_distribution,coco_stuff_negatives,field_test
427,-1,22,0.6797752553507247,0.9347211434118801,pepper,False,True,out_of_distribution,coco_stuff_negatives,field_test
427,-1,25,0.2861424042017699,0.8325540689232981,eggplant,False,True,out_of_distribution,coco_stuff_negatives,field_test
427,-1,32,0.5767336330461458,0.7986391582432791,strawberry,False,True,out_of_distribution,coco_stuff_negatives,field_test
428,-1,0,0.0,,tomato,False,False,camera_obscured,coco_stuff_negatives,field_test
428,-1,0,0.0,,cucumber,False,False,camera_obscured,coco_stuff_negatives,field_test
428,-1,0,0.0,,pepper,False,False,camera_obscured,coco_stuff_negatives,field_test
428,-1,0,0.0,,eggplant,False,False,camera_obscured,coco_stuff_negatives,field_test
428,-1,0,0.0,,strawberry,False,False,camera_obscured,coco_stuff_negatives,field_test
429,-1,0,0.47512899012020465,0.7830106842782577,tomato,False,True,out_of_distribution,coco_stuff_negatives,field_test
429,-1,11,0.27264155931847034,0.8341711715212587,cucumber,False,True,out_of_distribution,coco_stuff_negatives,field_test
429,-1,19,0.40076006352065013,0.8419783469119559,pepper,False,True,out_of_distribution,coco_stuff_negatives,field_test
429,-1,25,0.390062928792783,0.783466146606256,eggplant,False,True,out_of_distribution,coco_stuff_negatives,field_test
429,-1,32,0.6031836513022819,0.8696161725584698,strawberry,False,True,out_of_distribution,coco_stuff_negatives,field_test
430,-1,0,0.6359551754533265,0.8305548590409363,tomato,False,True,out_of_distribution,coco_stuff_negatives,field_test
430,-1,11,0.737012753240594,0.8245709026728603,cucumber,False,True,out_of_distribution,coco_stuff_negatives,field_test
430,-1,19,0.3544020302340369,0.8318549384942889,pepper,False,True,out_of_distribution,coco_stuff_negatives,field_test
430,-1,26,0.5133501636355341,0.764537952593469,eggplant,False,True,out_of_distribution,coco_stuff_negatives,field_test
430,-1,37,0.3551822646185066,0.9450810692520223,strawberry,False,True,out_of_distribution,coco_stuff_negatives,field_test
431,-1,0,0.7213080914668166,0.7629808120127312,tomato,False,True,out_of_distribution,coco_stuff_negatives,field_test
431,-1,11,0.6425908684599059,0.6813276990026718,cucumber,False,True,out_of_distribution,coco_stuff_negatives,field_test
431,-1,19,0.5487118613935843,0.7208130446980155,pepper,False,True,out_of_distribution,coco_stuff_negatives,field_test
431,-1,31,0.3023201639237351,0.9202449264980954,eggplant,False,True,out_of_distribution,coco_stuff_negatives,field_test
431,-1,32,0.650071231283041,0.6861771679843023,strawberry,False,True,out_of_distribution,coco_stuff_negatives,field_test
432,-1,3,0.3627261425387945,0.8701889931473463,tomato,False,True,out_of_distribution,coco_stuff_negatives,field_test
432,-1,11,0.28452800195306616,0.8596901274337457,cucumber,False,True,out_of_distribution,coco_stuff_negatives,field_test
432,-1,20,0.24414206561833587,0.9299663692227566,pepper,False,True,out_of_distribution,coco_stuff_negatives,field_test
432,-1,25,0.2786797467562588,0.8802213408170766,eggplant,False,True,out_of_distribution,coco_stuff_negatives,field_test
432,-1,35,0.449935582447968,0.8626991216721966,strawberry,False,True,out_of_distribution,coco_stuff_negatives,field_test
433,-1,1,0.2632402022633692,0.8745991701522744,tomato,False,True,out_of_distribution,coco_stuff_negatives,field_test
433,-1,18,0.2762080580670215,0.9309110535758688,cucumber,False,True,out_of_distribution,coco_stuff_negatives,field_test
433,-1,20,0.4039235708214109,0.8465325636366452,pepper,False,True,out_of_distribution,coco_stuff_negatives,field_test
433,-1,26,0.6818164948543853,0.8750478711965466,eggplant,False,True,out_of_distribution,coco_stuff_negatives,field_test
433,-1,34,0.35107079805462105,0.8488753065224977,strawberry,False,True,out_of_distribution,coco_stuff_negatives,field_test
434,-1,0,0.2632407261292202,0.9027009532486706,tomato,False,True,out_of_distribution,coco_stuff_negatives,field_test
434,-1,17,0.4340448303162123,0.7834288552352235,cucumber,False,True,out_of_distribution,coco_stuff_negatives,field_test
434,-1,19,0.3407672968362351,0.9014471748927797,pepper,False,True,out_of_distribution,coco_stuff_negatives,field_test
434,-1,27,0.47874092118514183,0.8453234839331507,eggplant,False,True,out_of_distribution,coco_stuff_negatives,field_test
434,-1,32,0.5661881230704572,0.8118340187290227,strawberry,False,True,out_of_distribution,coco_stuff_negatives,field_test
435,-1,0,0.5097920878098358,0.8638324849444556,tomato,False,True,out_of_distribution,coco_stuff_negatives,field_test
435,-1,13,0.5399128429916438,0.7630619477745173,cucumber,False,True,out_of_distribution,coco_stuff_negatives,field_test
435,-1,22,0.6953567267218967,0.8757151301647669,pepper,False,True,out_of_distribution,coco_stuff_negatives,field_test
435,-1,31,0.3322466198709439,0.9524854261336927,eggplant,False,True,out_of_distribution,coco_stuff_negatives,field_test
435,-1,32,0.8254110030116109,0.6866325219160689,strawberry,False,True,out_of_distribution,coco_stuff_negatives,field_test
436,-1,10,0.19908178893358633,0.8600611945536656,tomato,False,True,out_of_distribution,coco_stuff_negatives,field_test
436,-1,13,0.47733733773539777,0.7888130041266959,cucumber,False,True,out_of_distribution,coco_stuff_negatives,field_test
436,-1,24,0.5740900632273533,0.795948385446453,pepper,False,True,out_of_distribution,coco_stuff_negatives,field_test
436,-1,26,0.5408289919980505,0.8427517888133486,eggplant,False,True,out_of_distribution,coco_stuff_negatives,field_test
436,-1,35,0.2347323804737058,0.8424480272489886,strawberry,False,True,out_of_distribution,coco_stuff_negatives,field_test
437,-1,0,0.38174275056870954,0.885480343145888,tomato,False,True,out_of_distribution,coco_stuff_negatives,field_test
437,-1,11,0.31208172052491456,0.8646230124553554,cucumber,False,True,out_of_distribution,coco_stuff_negatives,field_test
437,-1,19,0.22273411432949253,0.8925881210522277,pepper,False,True,out_of_distribution,coco_stuff_negatives,field_test
437,-1,30,0.2423636920921242,0.8899296122270499,eggplant,False,True,out_of_distribution,coco_stuff_negatives,field_test
437,-1,32,0.5857669957627023,0.8508297494265805,strawberry,False,True,out_of_distribution,coco_stuff_negatives,field_test
438,-1,0,0.3628965310466652,0.8267257348719375,tomato,False,True,out_of_distribution,coco_stuff_negatives,field_test
438,-1,15,0.3399108842668546,0.9204875544212232,cucumber,False,True,out_of_distribution,coco_stuff_negatives,field_test
438,-1,19,0.9051598286926096,0.7513965024048856,pepper,False,True,out_of_distribution,coco_stuff_negatives,field_test
438,-1,29,0.29235110431369044,0.8915936737035635,eggplant,False,True,out_of_distribution,coco_stuff_negatives,field_test
438,-1,32,0.4211544713862309,0.8121108311421735,strawberry,False,True,out_of_distribution,coco_stuff_negatives,field_test
439,-1,0,0.4289433780469141,0.8595155951933088,tomato,False,True,out_of_distribution,coco_stuff_negatives,field_test
439,-1,13,0.39256719881350655,0.7596701132802832,cucumber,False,True,out_of_distribution,coco_stuff_negatives,field_test
439,-1,19,0.5581920047146607,0.8987276573525523,pepper,False,True,out_of_distribution,coco_stuff_negatives,field_test
439,-1,27,0.3732632271782406,0.9135462185119482,eggplant,False,True,out_of_distribution,coco_stuff_negatives,field_test
439,-1,32,0.4880070058137227,0.7290735094559267,strawberry,False,True,out_of_distribution,coco_stuff_negatives,field_test
440,-1,0,0.7984924022289269,0.6728552857114825,tomato,False,True,out_of_distribution,coco_stuff_negatives,field_test
440,-1,11,0.5811619063270482,0.6945567218194871,cucumber,False,True,out_of_distribution,coco_stuff_negatives,field_test
440,-1,19,0.5096765592104742,0.7622459120460854,pepper,False,True,out_of_distribution,coco_stuff_negatives,field_test
440,-1,25,0.7527769959128808,0.6851753647641919,eggplant,False,True,out_of_distribution,coco_stuff_negatives,field_test
440,-1,32,0.6612888067490728,0.7481738709485422,strawberry,False,True,out_of_distribution,coco_stuff_negatives,field_test
441,-1,0,0.3047581573319777,0.7821441618496017,tomato,False,True,out_of_distribution,coco_stuff_negatives,field_test
441,-1,12,0.2795866784216409,0.9121878238264434,cucumber,False,True,out_of_distribution,coco_stuff_negatives,field_test
441,-1,24,0.31687501323434875,0.966858116840751,pepper,False,True,out_of_distribution,coco_stuff_negatives,field_test
441,-1,25,0.39039691100364954,0.7986033634692675,eggplant,False,True,out_of_distribution,coco_stuff_negatives,field_test
441,-1,37,0.32869676928500136,0.8680211896409019,strawberry,False,True,out_of_distribution,coco_stuff_negatives,field_test
442,-1,0,0.8638163269984679,0.6743326880441795,tomato,False,True,out_of_distribution,coco_stuff_negatives,field_test
442,-1,13,0.28594583648030725,1.0120438416704525,cucumber,False,True,out_of_distribution,coco_stuff_negatives,field_test
442,-1,21,0.30059557777000495,0.9111702923659175,pepper,False,True,out_of_distribution,coco_stuff_negatives,field_test
442,-1,27,0.36330995702246377,1.0069081210659754,eggplant,False,True,out_of_distribution,coco_stuff_negatives,field_test
442,-1,32,0.8227651191405608,0.7010774465205267,strawberry,False,True,out_of_distribution,coco_stuff_negatives,field_test
443,-1,0,0.8754149668709701,0.7040029589326326,tomato,False,True,out_of_distribution,coco_stuff_negatives,field_test
443,-1,11,0.4731534288002216,0.7821894916852263,cucumber,False,True,out_of_distribution,coco_stuff_negatives,field_test
443,-1,19,0.73756527506294,0.7421920670445723,pepper,False,True,out_of_distribution,coco_stuff_negatives,field_test
443,-1,27,0.5145327838759869,0.9025220249793622,eggplant,False,True,out_of_distribution,coco_stuff_negatives,field_test
443,-1,32,0.8047058015433541,0.6476648409362886,strawberry,False,True,out_of_distribution,coco_stuff_negatives,field_test
444,-1,0,0.6701603075881868,0.7782717583929221,tomato,False,True,out_of_distribution,coco_stuff_negatives,field_test
444,-1,11,0.48214259896643613,0.796281033345355,cucumber,False,True,out_of_distribution,coco_stuff_negatives,field_test
444,-1,19,0.6074118956660242,0.7529007492578268,pepper,False,True,out_of_distribution,coco_stuff_negatives,field_test
444,-1,31,0.4460701694601208,0.91103518788855,eggplant,False,True,out_of_distribution,coco_stuff_negatives,field_test
444,-1,32,0.7060571024516517,0.7047102887713375,strawberry,False,True,out_of_distribution,coco_stuff_negatives,field_test
445,-1,1,0.4003423204027662,0.840828731075691,tomato,False,True,out_of_distribution,coco_stuff_negatives,field_test
445,-1,13,0.2960351312214829,0.8498566701195553,cucumber,False,True,out_of_distribution,coco_stuff_negatives,field_test
445,-1,21,0.4296484334459304,0.9652935377054946,pepper,False,True,out_of_distribution,coco_stuff_negatives,field_test
445,-1,30,0.4013009622828643,0.8723667633036021,eggplant,False,True,out_of_distribution,coco_stuff_negatives,field_test
445,-1,33,0.2707018330660155,0.9103177225744172,strawberry,False,True,out_of_distribution,coco_stuff_negatives,field_test
446,-1,0,0.7078017829169284,0.8239388253126478,tomato,False,True,out_of_distribution,coco_stuff_negatives,field_test
446,-1,12,0.32605169593587363,0.8717981239247088,cucumber,False,True,out_of_distribution,coco_stuff_negatives,field_test
446,-1,22,0.42822109252598,0.9723245220688009,pepper,False,True,out_of_distribution,coco_stuff_negatives,field_test
446,-1,31,0.451598972970342,0.9359254871545211,eggplant,False,True,out_of_distribution,coco_stuff_negatives,field_test
446,-1,32,0.5938092504772089,0.7786388344137122,strawberry,False,True,out_of_distribution,coco_stuff_negatives,field_test
447,-1,6,0.627864921661739,0.8163509970446702,tomato,False,True,out_of_distribution,coco_stuff_negatives,field_test
447,-1,18,0.24053182615635604,0.8645207925754405,cucumber,False,True,out_of_distribution,coco_stuff_negatives,field_test
447,-1,24,0.4007480113661343,0.8526589632597066,pepper,False,True,out_of_distribution,coco_stuff_negatives,field_test
447,-1,31,0.28241242585521964,0.9549916525849568,eggplant,False,True,out_of_distribution,coco_stuff_negatives,field_test
447,-1,32,0.3255256005700685,0.9381960962961484,strawberry,False,True,out_of_distribution,coco_stuff_negatives,field_test
448,-1,0,0.3330792117570124,0.9144436686960167,tomato,False,True,out_of_distribution,coco_stuff_negatives,field_test
448,-1,11,0.273276905828622,0.8748524880761326,cucumber,False,True,out_of_distribution,coco_stuff_negatives,field_test
448,-1,22,0.3651401748249997,0.874662828472556,pepper,False,True,out_of_distribution,coco_stuff_negatives,field_test
448,-1,29,0.28114600418554964,0.9220516432247514,eggplant,False,True,out_of_distribution,coco_stuff_negatives,field_test
448,-1,34,0.3446994102546013,0.8777992852179717,strawberry,False,True,out_of_distribution,coco_stuff_negatives,field_test
449,-1,0,0.37541685378136846,0.8186759713817735,tomato,False,True,out_of_distribution,coco_stuff_negatives,field_test
449,-1,11,0.39762539224567084,0.8163726903879119,cucumber,False,True,out_of_distribution,coco_stuff_negatives,field_test
449,-1,19,0.7465781599592386,0.811867965509184,pepper,False,True,out_of_distribution,coco_stuff_negatives,field_test
449,-1,26,0.3981102396814745,0.8019771619954628,eggplant,False,True,out_of_distribution,coco_stuff_negatives,field_test
449,-1,32,0.5150615291957675,0.7615485689259504,strawberry,False,True,out_of_distribution,coco_stuff_negatives,field_test
450,-1,0,0.8943501114112259,0.7062688082987603,tomato,False,True,out_of_distribution,coco_stuff_negatives,field_test
450,-1,15,0.3363301362655016,0.8309232326358382,cucumber,False,True,out_of_distribution,coco_stuff_negatives,field_test
450,-1,21,0.6056054189651451,0.9626265377736224,pepper,False,True,out_of_distribution,coco_stuff_negatives,field_test
450,-1,31,0.5540726174380614,0.8026111565201915,eggplant,False,True,out_of_distribution,coco_stuff_negatives,field_test
450,-1,32,0.5243974371634906,0.7604914333408339,strawberry,False,True,out_of_distribution,coco_stuff_negatives,field_test
451,-1,0,0.42277849199165707,0.8756212545960336,tomato,False,True,out_of_distribution,coco_stuff_negatives,field_test
451,-1,12,0.3511792339324154,0.9045931423149381,cucumber,False,True,out_of_distribution,coco_stuff_negatives,field_test
451,-1,21,0.4761367573614137,1.0278673175306279,pepper,False,True,out_of_distribution,coco_stuff_negatives,field_test
451,-1,27,0.3430883642545723,0.9482469771123079,eggplant,False,True,out_of_distribution,coco_stuff_negatives,field_test
451,-1,32,0.45608492202160966,0.8206379774794732,strawberry,False,True,out_of_distribution,coco_stuff_negatives,field_test
452,-1,3,0.2767160051847373,0.8315067896557298,tomato,False,True,out_of_distribution,coco_stuff_negatives,field_test
452,-1,11,0.43090021784564575,0.7426041413792097,cucumber,False,True,out_of_distribution,coco_stuff_negatives,field_test
452,-1,22,0.39770266408017413,0.8663292753948747,pepper,False,True,out_of_distribution,coco_stuff_negatives,field_test
452,-1,27,0.30743407635427245,0.964298819300413,eggplant,False,True,out_of_distribution,coco_stuff_negatives,field_test
452,-1,35,0.4198103157159673,0.8532003199829654,strawberry,False,True,out_of_distribution,coco_stuff_negatives,field_test
453,-1,0,0.5823577283701171,0.7057751528978901,tomato,False,True,out_of_distribution,coco_stuff_negatives,field_test
453,-1,11,0.3257361490307948,0.7456696227435438,cucumber,False,True,out_of_distribution,coco_stuff_negatives,field_test
453,-1,19,0.440304696138309,0.7340384032112086,pepper,False,True,out_of_distribution,coco_stuff_negatives,field_test
453,-1,27,0.3177973214329315,0.8852238115529677,eggplant,False,True,out_of_distribution,coco_stuff_negatives,field_test
453,-1,33,0.3307562358430441,0.9340470686828242,strawberry,False,True,out_of_distribution,coco_stuff_negatives,field_test
454,-1,0,0.2839283317700707,0.893796037308682,tomato,False,True,out_of_distribution,coco_stuff_negatives,field_test
454,-1,17,0.43632707201579607,0.816232047453298,cucumber,False,True,out_of_distribution,coco_stuff_negatives,field_test
454,-1,19,0.6330181416182848,0.8726409778104247,pepper,False,True,out_of_distribution,coco_stuff_negatives,field_test
454,-1,31,0.5887411116884614,0.92955066718196,eggplant,False,True,out_of_distribution,coco_stuff_negatives,field_test
454,-1,32,0.41419033165423663,0.9102030520010429,strawberry,False,True,out_of_distribution,coco_stuff_negatives,field_test
455,-1,3,0.2559299184981898,0.8950191120798895,tomato,False,True,out_of_distribution,coco_stuff_negatives,field_test
455,-1,18,0.3287126036239487,0.9564497598851304,cucumber,False,True,out_of_distribution,coco_stuff_negatives,field_test
455,-1,22,0.7249036353694578,0.8357659142503622,pepper,False,True,out_of_distribution,coco_stuff_negatives,field_test
455,-1,31,0.3506919217938594,0.9221791352770615,eggplant,False,True,out_of_distribution,coco_stuff_negatives,field_test
455,-1,38,0.37862392264969,0.8423723029638399,strawberry,False,True,out_of_distribution,coco_stuff_negatives,field_test
456,-1,1,0.40351317104858847,0.8984909795974494,tomato,False,True,out_of_distribution,coco_stuff_negatives,field_test
456,-1,13,0.4339407431108305,0.9361366161897485,cucumber,False,True,out_of_distribution,coco_stuff_negatives,field_test
456,-1,24,0.26542165333191553,0.8718622205911104,pepper,False,True,out_of_distribution,coco_stuff_negatives,field_test
456,-1,30,0.28600027998026156,0.9897338348497792,eggplant,False,True,out_of_distribution,coco_stuff_negatives,field_test
456,-1,32,0.5826231315596776,0.9144192721156722,strawberry,False,True,out_of_distribution,coco_stuff_negatives,field_test
457,-1,0,0.22971937912406687,0.9334085331265191,tomato,False,True,out_of_distribution,coco_stuff_negatives,field_test
457,-1,15,0.3889031564244025,0.9358018238455414,cucumber,False,True,out_of_distribution,coco_stuff_negatives,field_test
457,-1,19,0.4283667303556666,0.901942656503269,pepper,False,True,out_of_distribution,coco_stuff_negatives,field_test
457,-1,26,0.4440657924822232,0.8569846912950212,eggplant,False,True,out_of_distribution,coco_stuff_negatives,field_test
457,-1,32,0.5167749815549876,0.8940987333366397,strawberry,False,True,out_of_distribution,coco_stuff_negatives,field_test
458,-1,0,0.8788006354001994,0.621160619127912,tomato,False,True,out_of_distribution,coco_stuff_negatives,field_test
458,-1,11,0.5667242471001209,0.6359218905329163,cucumber,False,True,out_of_distribution,coco_stuff_negatives,field_test
458,-1,19,0.73576792918026,0.6377087991767012,pepper,False,True,out_of_distribution,coco_stuff_negatives,field_test
458,-1,25,0.6480500620068331,0.6753933854476843,eggplant,False,True,out_of_distribution,coco_stuff_negatives,field_test
458,-1,32,0.7963134100504646,0.5823034160417171,strawberry,False,True,out_of_distribution,coco_stuff_negatives,field_test
459,-1,3,0.36506215528681246,0.7925028509239469,tomato,False,True,out_of_distribution,coco_stuff_negatives,field_test
459,-1,11,0.452444376182866,0.7711068233545543,cucumber,False,True,out_of_distribution,coco_stuff_negatives,field_test
459,-1,19,0.6691854996873571,0.8245624838932761,pepper,False,True,out_of_distribution,coco_stuff_negatives,field_test
459,-1,31,0.5599525430475197,0.7742806018029486,eggplant,False,True,out_of_distribution,coco_stuff_negatives,field_test
459,-1,32,0.3556773945298935,0.8012787105376804,strawberry,False,True,out_of_distribution,coco_stuff_negatives,field_test
460,-1,3,0.465940327005219,0.8156414426747502,tomato,False,True,out_of_distribution,coco_stuff_negatives,field_test
460,-1,12,0.20027994997263324,0.9178633634765637,cucumber,False,True,out_of_distribution,coco_stuff_negatives,field_test
460,-1,23,0.2602068427148551,0.9682481123880146,pepper,False,True,out_of_distribution,coco_stuff_negatives,field_test
460,-1,26,0.35946336724171196,0.9331932993381612,eggplant,False,True,out_of_distribution,coco_stuff_negatives,field_test
460,-1,35,0.309261097624508,0.8858971662845555,strawberry,False,True,out_of_distribution,coco_stuff_negatives,field_test
461,-1,0,0.44496184830803087,0.7787744487486762,tomato,False,True,out_of_distribution,coco_stuff_negatives,field_test
461,-1,15,0.2590375435825748,0.8555765694847716,cucumber,False,True,out_of_distribution,coco_stuff_negatives,field_test
461,-1,22,0.38713747490569095,0.8694550625426001,pepper,False,True,out_of_distribution,coco_stuff_negatives,field_test
461,-1,31,0.2924867697001703,0.9445229651139836,eggplant,False,True,out_of_distribution,coco_stuff_negatives,field_test
461,-1,32,0.3388577100922493,0.8482966213044255,strawberry,False,True,out_of_distribution,coco_stuff_negatives,field_test
462,-1,3,0.5210404079542743,0.7787018502332645,tomato,False,True,out_of_distribution,coco_stuff_negatives,field_test
462,-1,11,0.6387948949906168,0.7720968311959001,cucumber,False,True,out_of_distribution,coco_stuff_negatives,field_test
462,-1,22,0.5743077592001616,0.828348687011025,pepper,False,True,out_of_distribution,coco_stuff_negatives,field_test
462,-1,31,0.30383346701903785,0.8247350061734494,eggplant,False,True,out_of_distribution,coco_stuff_negatives,field_test
462,-1,32,0.4183158901352883,0.7962203870382254,strawberry,False,True,out_of_distribution,coco_stuff_negatives,field_test
463,-1,3,0.8362160841960693,0.6661640707342178,tomato,False,True,out_of_distribution,coco_stuff_negatives,field_test
463,-1,17,0.306264216908378,0.8131864280115817,cucumber,False,True,out_of_distribution,coco_stuff_negatives,field_test
463,-1,22,0.4048209286673385,0.780768763741312,pepper,False,True,out_of_distribution,coco_stuff_negatives,field_test
463,-1,31,0.5133451835121431,0.772335913793418,eggplant,False,True,out_of_distribution,coco_stuff_negatives,field_test
463,-1,32,0.2801638390703336,0.8633546255608193,strawberry,False,True,out_of_distribution,coco_stuff_negatives,field_test
464,-1,3,0.2762544463870661,0.9241556994651383,tomato,False,True,out_of_distribution,coco_stuff_negatives,field_test
464,-1,12,0.3111768836403312,0.9383445902351888,cucumber,False,True,out_of_distribution,coco_stuff_negatives,field_test
464,-1,24,0.3642124444302507,0.8808708926935235,pepper,False,True,out_of_distribution,coco_stuff_negatives,field_test
464,-1,26,0.27273403941660257,0.9908668848842265,eggplant,False,True,out_of_distribution,coco_stuff_negatives,field_test
464,-1,35,0.2573421737187006,0.9397865063739553,strawberry,False,True,out_of_distribution,coco_stuff_negatives,field_test
465,-1,0,0.5775429265516498,0.7962598279868556,tomato,False,True,out_of_distribution,coco_stuff_negatives,field_test
465,-1,11,0.4265323113700462,0.7703257837289668,cucumber,False,True,out_of_distribution,coco_stuff_negatives,field_test
465,-1,19,0.6279337332834556,0.8357399353025965,pepper,False,True,out_of_distribution,coco_stuff_negatives,field_test
465,-1,25,0.4167235813704403,0.8579518236093198,eggplant,False,True,out_of_distribution,coco_stuff_negatives,field_test
465,-1,32,0.6680968118412647,0.7593889841385395,strawberry,False,True,out_of_distribution,coco_stuff_negatives,field_test
466,-1,0,0.2627619755849497,0.8846927182250911,tomato,False,True,out_of_distribution,coco_stuff_negatives,field_test
466,-1,11,0.6705189733853818,0.845642699846519,cucumber,False,True,out_of_distribution,coco_stuff_negatives,field_test
466,-1,20,0.485020393393962,0.7265955964068936,pepper,False,True,out_of_distribution,coco_stuff_negatives,field_test
466,-1,26,0.5022760314457734,0.7317965306639527,eggplant,False,True,out_of_distribution,coco_stuff_negatives,field_test
466,-1,33,0.400603292700392,0.7335324493283331,strawberry,False,True,out_of_distribution,coco_stuff_negatives,field_test
467,-1,3,0.30629863675910873,0.8762394120377606,tomato,False,True,out_of_distribution,coco_stuff_negatives,field_test
467,-1,18,0.5842395100325138,0.8566378254429616,cucumber,False,True,out_of_distribution,coco_stuff_negatives,field_test
467,-1,22,0.412025806936073,0.9029046521530898,pepper,False,True,out_of_distribution,coco_stuff_negatives,field_test
467,-1,28,0.262563840507078,0.9965291483302591,eggplant,False,True,out_of_distribution,coco_stuff_negatives,field_test
467,-1,35,0.7659600319965612,0.7857948359060062,strawberry,False,True,out_of_distribution,coco_stuff_negatives,field_test
468,-1,7,0.312712265664281,0.9521672768314284,tomato,False,True,out_of_distribution,coco_stuff_negatives,field_test
468,-1,14,0.25979922470630823,0.9371559172742926,cucumber,False,True,out_of_distribution,coco_stuff_negatives,field_test
468,-1,19,0.36699163201285095,0.9374929892857425,pepper,False,True,out_of_distribution,coco_stuff_negatives,field_test
468,-1,29,0.2450223135214138,0.9899700694315878,eggplant,False,True,out_of_distribution,coco_stuff_negatives,field_test
468,-1,32,0.5779316739476501,0.8328907305537131,strawberry,False,True,out_of_distribution,coco_stuff_negatives,field_test
469,-1,0,0.6460501321709018,0.7116017250376282,tomato,False,True,out_of_distribution,coco_stuff_negatives,field_test
469,-1,15,0.4660313654334465,0.7769384587709887,cucumber,False,True,out_of_distribution,coco_stuff_negatives,field_test
469,-1,19,0.47269098421373773,0.8252635325131741,pepper,False,True,out_of_distribution,coco_stuff_negatives,field_test
469,-1,26,0.3105303320817084,0.7766514875680139,eggplant,False,True,out_of_distribution,coco_stuff_negatives,field_test
469,-1,32,0.45250930704417675,0.7581356445108894,strawberry,False,True,out_of_distribution,coco_stuff_negatives,field_test
470,-1,0,0.3744842592764883,0.8514623042119158,tomato,False,True,out_of_distribution,coco_stuff_negatives,field_test
470,-1,15,0.5707399915155879,0.7466797987204445,cucumber,False,True,out_of_distribution,coco_stuff_negatives,field_test
470,-1,22,0.5043602879519318,0.8793384675778706,pepper,False,True,out_of_distribution,coco_stuff_negatives,field_test
470,-1,31,0.31588419139062934,0.8734293930009343,eggplant,False,True,out_of_distribution,coco_stuff_negatives,field_test
470,-1,35,0.2761104897855151,0.9447168185858701,strawberry,False,True,out_of_distribution,coco_stuff_negatives,field_test
471,-1,0,0.0,,tomato,False,False,camera_obscured,coco_stuff_negatives,field_test
471,-1,0,0.0,,cucumber,False,False,camera_obscured,coco_stuff_negatives,field_test
471,-1,0,0.0,,pepper,False,False,camera_obscured,coco_stuff_negatives,field_test
471,-1,0,0.0,,eggplant,False,False,camera_obscured,coco_stuff_negatives,field_test
471,-1,0,0.0,,strawberry,False,False,camera_obscured,coco_stuff_negatives,field_test
472,-1,0,0.0,,tomato,False,False,camera_obscured,coco_stuff_negatives,field_test
472,-1,0,0.0,,cucumber,False,False,camera_obscured,coco_stuff_negatives,field_test
472,-1,0,0.0,,pepper,False,False,camera_obscured,coco_stuff_negatives,field_test
472,-1,0,0.0,,eggplant,False,False,camera_obscured,coco_stuff_negatives,field_test
472,-1,0,0.0,,strawberry,False,False,camera_obscured,coco_stuff_negatives,field_test
473,-1,0,0.8536058061194833,0.7498361514331082,tomato,False,True,out_of_distribution,coco_stuff_negatives,field_test
473,-1,11,0.371752330961794,0.7545293066219291,cucumber,False,True,out_of_distribution,coco_stuff_negatives,field_test
473,-1,22,0.6224019398374021,0.8190098983819074,pepper,False,True,out_of_distribution,coco_stuff_negatives,field_test
473,-1,27,0.4307425208846471,0.8488853662984733,eggplant,False,True,out_of_distribution,coco_stuff_negatives,field_test
473,-1,33,0.37147733009728223,0.8358418213850389,strawberry,False,True,out_of_distribution,coco_stuff_negatives,field_test
474,-1,0,0.4177373720443178,0.8925413427984461,tomato,False,True,out_of_distribution,coco_stuff_negatives,field_test
474,-1,12,0.5606884771993689,0.7670569560413201,cucumber,False,True,out_of_distribution,coco_stuff_negatives,field_test
474,-1,22,0.49788540218163435,0.8469877788325058,pepper,False,True,out_of_distribution,coco_stuff_negatives,field_test
474,-1,26,0.36760921957999587,0.9036107420515936,eggplant,False,True,out_of_distribution,coco_stuff_negatives,field_test
474,-1,33,0.4383571820511557,0.8543044857261988,strawberry,False,True,out_of_distribution,coco_stuff_negatives,field_test
475,-1,0,0.30153607953102046,0.7686063882963485,tomato,False,True,out_of_distribution,coco_stuff_negatives,field_test
475,-1,16,0.3776655987061105,0.9521065024845816,cucumber,False,True,out_of_distribution,coco_stuff_negatives,field_test
475,-1,19,0.8126229343689699,0.8119940042265773,pepper,False,True,out_of_distribution,coco_stuff_negatives,field_test
475,-1,27,0.27396332591870304,0.9673054595745437,eggplant,False,True,out_of_distribution,coco_stuff_negatives,field_test
475,-1,32,0.38052442974232065,0.7881464943265633,strawberry,False,True,out_of_distribution,coco_stuff_negatives,field_test
476,-1,0,0.5309226021926614,0.784764669171607,tomato,False,True,out_of_distribution,coco_stuff_negatives,field_test
476,-1,15,0.23294025087602352,0.9268774363134709,cucumber,False,True,out_of_distribution,coco_stuff_negatives,field_test
476,-1,21,0.2781702532431854,0.9784726603316661,pepper,False,True,out_of_distribution,coco_stuff_negatives,field_test
476,-1,25,0.7520478491677125,0.7843700370735792,eggplant,False,True,out_of_distribution,coco_stuff_negatives,field_test
476,-1,32,0.3324419541313287,0.8160816535000577,strawberry,False,True,out_of_distribution,coco_stuff_negatives,field_test
477,-1,3,0.46060272626576293,0.7686268200326365,tomato,False,True,out_of_distribution,coco_stuff_negatives,field_test
477,-1,15,0.3075565647299755,0.8184073254858776,cucumber,False,True,out_of_distribution,coco_stuff_negatives,field_test
477,-1,22,0.4302183760198587,0.7727543330142498,pepper,False,True,out_of_distribution,coco_stuff_negatives,field_test
477,-1,31,0.8034901261544813,0.7555052193873,eggplant,False,True,out_of_distribution,coco_stuff_negatives,field_test
477,-1,32,0.7589241000798348,0.7561259720603566,strawberry,False,True,out_of_distribution,coco_stuff_negatives,field_test
478,-1,0,0.3481275021992174,0.9046792184298736,tomato,False,True,out_of_distribution,coco_stuff_negatives,field_test
478,-1,11,0.3500351653937821,0.8337649164511376,cucumber,False,True,out_of_distribution,coco_stuff_negatives,field_test
478,-1,19,0.36063542788818975,0.9488614735228248,pepper,False,True,out_of_distribution,coco_stuff_negatives,field_test
478,-1,31,0.23644940538984227,0.9266190930065108,eggplant,False,True,out_of_distribution,coco_stuff_negatives,field_test
478,-1,32,0.33364543092198196,0.9124612815257602,strawberry,False,True,out_of_distribution,coco_stuff_negatives,field_test
479,-1,0,0.2403867731012631,0.8601724434457872,tomato,False,True,out_of_distribution,coco_stuff_negatives,field_test
479,-1,11,0.2829067451098356,0.9058002350481515,cucumber,False,True,out_of_distribution,coco_stuff_negatives,field_test
479,-1,19,0.6329676630329568,0.8462228217011504,pepper,False,True,out_of_distribution,coco_stuff_negatives,field_test
479,-1,27,0.33765573186304715,0.8992776040648629,eggplant,False,True,out_of_distribution,coco_stuff_negatives,field_test
479,-1,32,0.44266298524977915,0.8346658731495191,strawberry,False,True,out_of_distribution,coco_stuff_negatives,field_test
480,-1,0,0.33043914497773885,0.8544581841003102,tomato,False,True,out_of_distribution,coco_stuff_negatives,field_test
480,-1,13,0.26365943556295224,0.899803838987031,cucumber,False,True,out_of_distribution,coco_stuff_negatives,field_test
480,-1,19,0.701741544658226,0.8308934532728827,pepper,False,True,out_of_distribution,coco_stuff_negatives,field_test
480,-1,31,0.4260343075173354,0.9478825655076363,eggplant,False,True,out_of_distribution,coco_stuff_negatives,field_test
480,-1,32,0.6481756731311265,0.8524366909886165,strawberry,False,True,out_of_distribution,coco_stuff_negatives,field_test
481,-1,0,0.559660982208019,0.8049517565671386,tomato,False,True,out_of_distribution,coco_stuff_negatives,field_test
481,-1,11,0.36791661541664816,0.8485060329016672,cucumber,False,True,out_of_distribution,coco_stuff_negatives,field_test
481,-1,20,0.651837885220989,0.7233302694021294,pepper,False,True,out_of_distribution,coco_stuff_negatives,field_test
481,-1,26,0.3946809959261489,0.8353184170908002,eggplant,False,True,out_of_distribution,coco_stuff_negatives,field_test
481,-1,32,0.4978776203189931,0.7516114292462782,strawberry,False,True,out_of_distribution,coco_stuff_negatives,field_test
482,-1,6,0.2184490938159671,0.8850377974258543,tomato,False,True,out_of_distribution,coco_stuff_negatives,field_test
482,-1,12,0.374571091574858,0.9060231023059803,cucumber,False,True,out_of_distribution,coco_stuff_negatives,field_test
482,-1,20,0.7183988807205234,0.7787294253719098,pepper,False,True,out_of_distribution,coco_stuff_negatives,field_test
482,-1,26,0.7264179633700423,0.8477664904832797,eggplant,False,True,out_of_distribution,coco_stuff_negatives,field_test
482,-1,32,0.22741399770367532,0.9594893426100082,strawberry,False,True,out_of_distribution,coco_stuff_negatives,field_test
483,-1,0,0.5839732714573765,0.8235818380293081,tomato,False,True,out_of_distribution,coco_stuff_negatives,field_test
483,-1,17,0.22165261211620507,0.9459712748244932,cucumber,False,True,out_of_distribution,coco_stuff_negatives,field_test
483,-1,19,0.4942721875862248,0.8017843081252892,pepper,False,True,out_of_distribution,coco_stuff_negatives,field_test
483,-1,26,0.2914585212713332,0.849609493762457,eggplant,False,True,out_of_distribution,coco_stuff_negatives,field_test
483,-1,38,0.3568619083696591,0.8879367372915332,strawberry,False,True,out_of_distribution,coco_stuff_negatives,field_test
484,-1,3,0.3301315259731422,0.8218682204676802,tomato,False,True,out_of_distribution,coco_stuff_negatives,field_test
484,-1,13,0.38261897232506287,0.9646812749726266,cucumber,False,True,out_of_distribution,coco_stuff_negatives,field_test
484,-1,22,0.3220402251484551,0.8863954066244004,pepper,False,True,out_of_distribution,coco_stuff_negatives,field_test
484,-1,31,0.27414936840708853,0.8458176537028483,eggplant,False,True,out_of_distribution,coco_stuff_negatives,field_test
484,-1,35,0.35863955194669844,0.7972253849774074,strawberry,False,True,out_of_distribution,coco_stuff_negatives,field_test
485,-1,0,0.3627161412951173,0.7424156070574705,tomato,False,True,out_of_distribution,coco_stuff_negatives,field_test
485,-1,11,0.2061390314126558,0.7318125220423093,cucumber,False,True,out_of_distribution,coco_stuff_negatives,field_test
485,-1,19,0.7580757569740969,0.8605766279986021,pepper,False,True,out_of_distribution,coco_stuff_negatives,field_test
485,-1,25,0.43896453588045764,0.7922459286329427,eggplant,False,True,out_of_distribution,coco_stuff_negatives,field_test
485,-1,32,0.5146510696872808,0.7378346873680424,strawberry,False,True,out_of_distribution,coco_stuff_negatives,field_test
486,-1,0,0.4216490839469016,0.9135838555558383,tomato,False,True,out_of_distribution,coco_stuff_negatives,field_test
486,-1,13,0.38478441261329865,0.8310387911810015,cucumber,False,True,out_of_distribution,coco_stuff_negatives,field_test
486,-1,22,0.2871423921976703,0.8581792565224322,pepper,False,True,out_of_distribution,coco_stuff_negatives,field_test
486,-1,26,0.3313549091707607,0.9140891995098775,eggplant,False,True,out_of_distribution,coco_stuff_negatives,field_test
486,-1,32,0.31069163492914176,0.9177129306721059,strawberry,False,True,out_of_distribution,coco_stuff_negatives,field_test
487,-1,0,0.5876465967979618,0.8662705724181545,tomato,False,True,out_of_distribution,coco_stuff_negatives,field_test
487,-1,13,0.35118850414038794,0.782546805193078,cucumber,False,True,out_of_distribution,coco_stuff_negatives,field_test
487,-1,24,0.38256672350096954,0.8589979372647529,pepper,False,True,out_of_distribution,coco_stuff_negatives,field_test
487,-1,31,0.4791650524057583,0.8927113225364436,eggplant,False,True,out_of_distribution,coco_stuff_negatives,field_test
487,-1,32,0.344857370091476,0.8488625412129422,strawberry,False,True,out_of_distribution,coco_stuff_negatives,field_test
488,-1,6,0.2978745217805896,0.8348328262925316,tomato,False,True,out_of_distribution,coco_stuff_negatives,field_test
488,-1,15,0.3389188895016314,0.7639913874503764,cucumber,False,True,out_of_distribution,coco_stuff_negatives,field_test
488,-1,22,0.6065368932693453,0.8289774329845823,pepper,False,True,out_of_distribution,coco_stuff_negatives,field_test
488,-1,31,0.2867836334050295,0.8556886134692387,eggplant,False,True,out_of_distribution,coco_stuff_negatives,field_test
488,-1,32,0.6175741038688541,0.8429205004330527,strawberry,False,True,out_of_distribution,coco_stuff_negatives,field_test
489,-1,0,0.9257296934191029,0.6616591662329465,tomato,False,True,out_of_distribution,coco_stuff_negatives,field_test
489,-1,17,0.24021450909277547,0.9678459453040493,cucumber,False,True,out_of_distribution,coco_stuff_negatives,field_test
489,-1,22,0.26612397314919434,0.8450725889331296,pepper,False,True,out_of_distribution,coco_stuff_negatives,field_test
489,-1,25,0.7105416922014979,0.7203793000103368,eggplant,False,True,out_of_distribution,coco_stuff_negatives,field_test
489,-1,38,0.29922645950184934,0.8202606022198796,strawberry,False,True,out_of_distribution,coco_stuff_negatives,field_test
490,-1,0,0.6565671637752479,0.7786713635208621,tomato,False,True,out_of_distribution,coco_stuff_negatives,field_test
490,-1,11,0.421020274302395,0.8063239027299874,cucumber,False,True,out_of_distribution,coco_stuff_negatives,field_test
490,-1,19,0.5551465994535569,0.7511064469981386,pepper,False,True,out_of_distribution,coco_stuff_negatives,field_test
490,-1,27,0.598509194949475,0.8789150193780135,eggplant,False,True,out_of_distribution,coco_stuff_negatives,field_test
490,-1,32,0.7183195929820704,0.7589911703173754,strawberry,False,True,out_of_distribution,coco_stuff_negatives,field_test
491,-1,0,0.45888666395351824,0.8559892601193906,tomato,False,True,out_of_distribution,coco_stuff_negatives,field_test
491,-1,13,0.37317577506118454,0.7375925331831693,cucumber,False,True,out_of_distribution,coco_stuff_negatives,field_test
491,-1,19,0.3628500425525198,0.9070745461105358,pepper,False,True,out_of_distribution,coco_stuff_negatives,field_test
491,-1,27,0.5145887015473303,0.8750057078033927,eggplant,False,True,out_of_distribution,coco_stuff_negatives,field_test
491,-1,32,0.6693128958934886,0.7526010926202966,strawberry,False,True,out_of_distribution,coco_stuff_negatives,field_test
492,-1,0,0.6934789850523068,0.7502279204078824,tomato,False,True,out_of_distribution,coco_stuff_negatives,field_test
492,-1,11,0.4401538303991213,0.7872000310404108,cucumber,False,True,out_of_distribution,coco_stuff_negatives,field_test
492,-1,22,0.6189749417999869,0.8545198274758123,pepper,False,True,out_of_distribution,coco_stuff_negatives,field_test
492,-1,26,0.3510572762031304,0.8056053080288986,eggplant,False,True,out_of_distribution,coco_stuff_negatives,field_test
492,-1,32,0.6933266208629959,0.7573184102999523,strawberry,False,True,out_of_distribution,coco_stuff_negatives,field_test
493,-1,0,0.0,,tomato,False,False,image_too_blurry,coco_stuff_negatives,field_test
493,-1,0,0.0,,cucumber,False,False,image_too_blurry,coco_stuff_negatives,field_test
493,-1,0,0.0,,pepper,False,False,image_too_blurry,coco_stuff_negatives,field_test
493,-1,0,0.0,,eggplant,False,False,image_too_blurry,coco_stuff_negatives,field_test
493,-1,0,0.0,,strawberry,False,False,image_too_blurry,coco_stuff_negatives,field_test
494,-1,0,0.0,,tomato,False,False,image_too_dark,coco_stuff_negatives,field_test
494,-1,0,0.0,,cucumber,False,False,image_too_dark,coco_stuff_negatives,field_test
494,-1,0,0.0,,pepper,False,False,image_too_dark,coco_stuff_negatives,field_test
494,-1,0,0.0,,eggplant,False,False,image_too_dark,coco_stuff_negatives,field_test
494,-1,0,0.0,,strawberry,False,False,image_too_dark,coco_stuff_negatives,field_test
495,-1,0,0.31458197664616533,0.8461010102820445,tomato,False,True,out_of_distribution,coco_stuff_negatives,field_test
495,-1,18,0.2790530325056146,0.9588863348113944,cucumber,False,True,out_of_distribution,coco_stuff_negatives,field_test
495,-1,19,0.4892279749613761,0.8227759277412489,pepper,False,True,out_of_distribution,coco_stuff_negatives,field_test
495,-1,31,0.3615342573812965,0.9241084877826604,eggplant,False,True,out_of_distribution,coco_stuff_negatives,field_test
495,-1,32,0.34429076947936604,0.8851117078070202,strawberry,False,True,out_of_distribution,coco_stuff_negatives,field_test
496,-1,0,0.0,,tomato,False,False,image_too_blurry,coco_stuff_negatives,field_test
496,-1,0,0.0,,cucumber,False,False,image_too_blurry,coco_stuff_negatives,field_test
496,-1,0,0.0,,pepper,False,False,image_too_blurry,coco_stuff_negatives,field_test
496,-1,0,0.0,,eggplant,False,False,image_too_blurry,coco_stuff_negatives,field_test
496,-1,0,0.0,,strawberry,False,False,image_too_blurry,coco_stuff_negatives,field_test
497,-1,0,0.7129739786276676,0.8001151820469645,tomato,False,True,out_of_distribution,coco_stuff_negatives,field_test
497,-1,11,0.6353554708900309,0.7511538032823747,cucumber,False,True,out_of_distribution,coco_stuff_negatives,field_test
497,-1,19,0.8348974820689664,0.7005460628480853,pepper,False,True,out_of_distribution,coco_stuff_negatives,field_test
497,-1,27,0.5422432222642026,0.9147099988110821,eggplant,False,True,out_of_distribution,coco_stuff_negatives,field_test
497,-1,32,0.6285466433384318,0.7668387096364975,strawberry,False,True,out_of_distribution,coco_stuff_negatives,field_test
498,-1,7,0.2617054710133667,0.8677934886284139,tomato,False,True,out_of_distribution,coco_stuff_negatives,field_test
498,-1,18,0.47771870052823645,0.9228161190266962,cucumber,False,True,out_of_distribution,coco_stuff_negatives,field_test
498,-1,20,0.4314546166518012,0.8149660597642404,pepper,False,True,out_of_distribution,coco_stuff_negatives,field_test
498,-1,29,0.33894673651835744,0.9003482955426171,eggplant,False,True,out_of_distribution,coco_stuff_negatives,field_test
498,-1,38,0.4183097441314808,0.7926930865556062,strawberry,False,True,out_of_distribution,coco_stuff_negatives,field_test
499,-1,3,0.41164583118335457,0.8022564156756726,tomato,False,True,out_of_distribution,coco_stuff_negatives,field_test
499,-1,11,0.3975245037265567,0.8184665157985236,cucumber,False,True,out_of_distribution,coco_stuff_negatives,field_test
499,-1,22,0.41470268023690116,0.9040834029085144,pepper,False,True,out_of_distribution,coco_stuff_negatives,field_test
499,-1,26,0.24445481572498465,0.9211725415211491,eggplant,False,True,out_of_distribution,coco_stuff_negatives,field_test
499,-1,37,0.3070167530356239,0.9061551844770391,strawberry,False,True,out_of_distribution,coco_stuff_negatives,field_test
500,-1,5,0.28817977613751367,0.8255342910756042,tomato,False,True,out_of_distribution,coco_stuff_negatives,field_test
500,-1,15,0.5940504268721389,0.7838690528125299,cucumber,False,True,out_of_distribution,coco_stuff_negatives,field_test
500,-1,19,0.5822072631119254,0.8819288233226278,pepper,False,True,out_of_distribution,coco_stuff_negatives,field_test
500,-1,26,0.30096379129470935,0.9368196593490101,eggplant,False,True,out_of_distribution,coco_stuff_negatives,field_test
500,-1,32,0.3025541793806268,0.9006750072865638,strawberry,False,True,out_of_distribution,coco_stuff_negatives,field_test
501,-1,0,0.31880809378087915,0.9102609747719982,tomato,False,True,out_of_distribution,coco_stuff_negatives,field_test
501,-1,12,0.2523378141260487,0.8717019634848255,cucumber,False,True,out_of_distribution,coco_stuff_negatives,field_test
501,-1,22,0.5442438953497983,0.794132756526426,pepper,False,True,out_of_distribution,coco_stuff_negatives,field_test
501,-1,28,0.4042042997480851,1.027896008943997,eggplant,False,True,out_of_distribution,coco_stuff_negatives,field_test
501,-1,34,0.4911861164856463,0.7761452778015203,strawberry,False,True,out_of_distribution,coco_stuff_negatives,field_test
502,-1,0,0.5421719945449364,0.8405562172239704,tomato,False,True,out_of_distribution,coco_stuff_negatives,field_test
502,-1,12,0.3272188518331428,0.8162348447047281,cucumber,False,True,out_of_distribution,coco_stuff_negatives,field_test
502,-1,20,0.458301557184496,0.9388046249819851,pepper,False,True,out_of_distribution,coco_stuff_negatives,field_test
502,-1,30,0.3254443831150726,0.9532085966584896,eggplant,False,True,out_of_distribution,coco_stuff_negatives,field_test
502,-1,33,0.37565761936645486,0.9080927271154167,strawberry,False,True,out_of_distribution,coco_stuff_negatives,field_test
503,-1,0,0.7795899156239042,0.6738645486278543,tomato,False,True,out_of_distribution,coco_stuff_negatives,field_test
503,-1,15,0.4368697769444352,0.7958924306232461,cucumber,False,True,out_of_distribution,coco_stuff_negatives,field_test
503,-1,22,0.39592881495441934,0.9021225807685929,pepper,False,True,out_of_distribution,coco_stuff_negatives,field_test
503,-1,27,0.31330261487769084,0.9688644843529551,eggplant,False,True,out_of_distribution,coco_stuff_negatives,field_test
503,-1,32,0.6666891622041922,0.6810596312011945,strawberry,False,True,out_of_distribution,coco_stuff_negatives,field_test
504,-1,0,0.26227471408582775,0.8799034264576028,tomato,False,True,out_of_distribution,coco_stuff_negatives,field_test
504,-1,15,0.3307919642962043,0.8681244448679664,cucumber,False,True,out_of_distribution,coco_stuff_negatives,field_test
504,-1,21,0.4550639580755375,0.9494386628426328,pepper,False,True,out_of_distribution,coco_stuff_negatives,field_test
504,-1,25,0.27208409797454386,0.8719924678623867,eggplant,False,True,out_of_distribution,coco_stuff_negatives,field_test
504,-1,38,0.47044736713472035,0.8430711059184763,strawberry,False,True,out_of_distribution,coco_stuff_negatives,field_test
505,-1,0,0.7058371120233984,0.826862897406252,tomato,False,True,out_of_distribution,coco_stuff_negatives,field_test
505,-1,11,0.2414415662031395,0.8723018285989341,cucumber,False,True,out_of_distribution,coco_stuff_negatives,field_test
505,-1,19,0.4737847393621902,0.833574759058719,pepper,False,True,out_of_distribution,coco_stuff_negatives,field_test
505,-1,31,0.5579137389768092,0.885135280013717,eggplant,False,True,out_of_distribution,coco_stuff_negatives,field_test
505,-1,32,0.40809111666745923,0.7870398896547453,strawberry,False,True,out_of_distribution,coco_stuff_negatives,field_test
506,-1,0,0.4849785712676171,0.778578234558055,tomato,False,True,out_of_distribution,coco_stuff_negatives,field_test
506,-1,12,0.5647409723728152,0.875172398234122,cucumber,False,True,out_of_distribution,coco_stuff_negatives,field_test
506,-1,24,0.23159299774471445,0.9709118302132923,pepper,False,True,out_of_distribution,coco_stuff_negatives,field_test
506,-1,25,0.43027979355384816,0.8166700276419843,eggplant,False,True,out_of_distribution,coco_stuff_negatives,field_test
506,-1,38,0.31987921147943493,0.8396566473487689,strawberry,False,True,out_of_distribution,coco_stuff_negatives,field_test
507,-1,0,0.363399259554603,0.807485814285612,tomato,False,True,out_of_distribution,coco_stuff_negatives,field_test
507,-1,11,0.28563311657211476,0.884277477432678,cucumber,False,True,out_of_distribution,coco_stuff_negatives,field_test
507,-1,19,0.4031330609206318,0.8527077820220577,pepper,False,True,out_of_distribution,coco_stuff_negatives,field_test
507,-1,31,0.42448991051685353,0.9317312764090063,eggplant,False,True,out_of_distribution,coco_stuff_negatives,field_test
507,-1,35,0.36758466791780986,0.8599485833870482,strawberry,False,True,out_of_distribution,coco_stuff_negatives,field_test
508,-1,3,0.29568460713174377,0.8957009412724829,tomato,False,True,out_of_distribution,coco_stuff_negatives,field_test
508,-1,12,0.48312968765118586,0.879736051023444,cucumber,False,True,out_of_distribution,coco_stuff_negatives,field_test
508,-1,19,0.32563906762663425,0.8632736298569846,pepper,False,True,out_of_distribution,coco_stuff_negatives,field_test
508,-1,27,0.25885866717518297,0.8976333946877026,eggplant,False,True,out_of_distribution,coco_stuff_negatives,field_test
508,-1,32,0.45025506023257666,0.7890959317599378,strawberry,False,True,out_of_distribution,coco_stuff_negatives,field_test
509,-1,0,0.684062269723825,0.8670692350290189,tomato,False,True,out_of_distribution,coco_stuff_negatives,field_test
509,-1,11,0.28106214440772515,0.887162572688015,cucumber,False,True,out_of_distribution,coco_stuff_negatives,field_test
509,-1,20,0.7191282489444019,0.776358365329567,pepper,False,True,out_of_distribution,coco_stuff_negatives,field_test
509,-1,26,0.5066719767797926,0.8902870984069791,eggplant,False,True,out_of_distribution,coco_stuff_negatives,field_test
509,-1,32,0.38934028822889405,0.8821856350758577,strawberry,False,True,out_of_distribution,coco_stuff_negatives,field_test
510,-1,0,0.0,,tomato,False,False,camera_obscured,coco_stuff_negatives,field_test
510,-1,0,0.0,,cucumber,False,False,camera_obscured,coco_stuff_negatives,field_test
510,-1,0,0.0,,pepper,False,False,camera_obscured,coco_stuff_negatives,field_test
510,-1,0,0.0,,eggplant,False,False,camera_obscured,coco_stuff_negatives,field_test
510,-1,0,0.0,,strawberry,False,False,camera_obscured,coco_stuff_negatives,field_test
511,-1,6,0.1993663120221308,0.9261276540097079,tomato,False,True,out_of_distribution,coco_stuff_negatives,field_test
511,-1,13,0.656529798743823,0.7230965147515788,cucumber,False,True,out_of_distribution,coco_stuff_negatives,field_test
511,-1,19,0.29074980955478374,0.9749441115580317,pepper,False,True,out_of_distribution,coco_stuff_negatives,field_test
511,-1,27,0.46381231316524196,0.8493033302316282,eggplant,False,True,out_of_distribution,coco_stuff_negatives,field_test
511,-1,32,0.47679290284933773,0.8865137891707399,strawberry,False,True,out_of_distribution,coco_stuff_negatives,field_test
512,-1,2,0.5681026809767045,0.7718791786479857,tomato,False,True,out_of_distribution,coco_stuff_negatives,field_test
512,-1,14,0.5715231536463784,0.7861494826368025,cucumber,False,True,out_of_distribution,coco_stuff_negatives,field_test
512,-1,21,0.48656829248674316,0.9078065586451721,pepper,False,True,out_of_distribution,coco_stuff_negatives,field_test
512,-1,26,0.4527909976672924,0.7733548084831297,eggplant,False,True,out_of_distribution,coco_stuff_negatives,field_test
512,-1,38,0.5195367351225473,0.7298614309863592,strawberry,False,True,out_of_distribution,coco_stuff_negatives,field_test
513,-1,0,0.2815821372388575,0.8387079132296813,tomato,False,True,out_of_distribution,coco_stuff_negatives,field_test
513,-1,13,0.2515207593720315,0.9065095651765926,cucumber,False,True,out_of_distribution,coco_stuff_negatives,field_test
513,-1,22,0.5415269417389488,0.8381900221828458,pepper,False,True,out_of_distribution,coco_stuff_negatives,field_test
513,-1,25,0.40046495635763435,0.8634021845113615,eggplant,False,True,out_of_distribution,coco_stuff_negatives,field_test
513,-1,32,0.4836249975419143,0.845063883571377,strawberry,False,True,out_of_distribution,coco_stuff_negatives,field_test
514,-1,6,0.30624765102120766,0.8629517743512158,tomato,False,True,out_of_distribution,coco_stuff_negatives,field_test
514,-1,13,0.23806778231313364,0.9004076257464859,cucumber,False,True,out_of_distribution,coco_stuff_negatives,field_test
514,-1,21,0.5267042389291923,0.9623718750629602,pepper,False,True,out_of_distribution,coco_stuff_negatives,field_test
514,-1,31,0.32152084180238183,1.0347989018341326,eggplant,False,True,out_of_distribution,coco_stuff_negatives,field_test
514,-1,32,0.29354240779849855,0.8293381312472667,strawberry,False,True,out_of_distribution,coco_stuff_negatives,field_test
515,-1,2,0.19061229251583983,0.8868811672306787,tomato,False,True,out_of_distribution,coco_stuff_negatives,field_test
515,-1,13,0.4291487367578903,0.926336520217336,cucumber,False,True,out_of_distribution,coco_stuff_negatives,field_test
515,-1,19,0.7775185820926912,0.8291667542797745,pepper,False,True,out_of_distribution,coco_stuff_negatives,field_test
515,-1,30,0.39661723659300757,0.8750848910819675,eggplant,False,True,out_of_distribution,coco_stuff_negatives,field_test
515,-1,38,0.7620820714176816,0.8017567216778363,strawberry,False,True,out_of_distribution,coco_stuff_negatives,field_test
516,-1,3,0.23568062569834008,0.9491282479967658,tomato,False,True,out_of_distribution,coco_stuff_negatives,field_test
516,-1,12,0.22470275767897724,0.9540291162427984,cucumber,False,True,out_of_distribution,coco_stuff_negatives,field_test
516,-1,20,0.4104968035852347,0.8354921102371549,pepper,False,True,out_of_distribution,coco_stuff_negatives,field_test
516,-1,31,0.5182272633795922,0.9690376367795667,eggplant,False,True,out_of_distribution,coco_stuff_negatives,field_test
516,-1,32,0.4899110524997416,0.8822096466899733,strawberry,False,True,out_of_distribution,coco_stuff_negatives,field_test
517,-1,1,0.30907011912949156,0.9032100719585578,tomato,False,True,out_of_distribution,coco_stuff_negatives,field_test
517,-1,13,0.253657975154735,0.8333939807887631,cucumber,False,True,out_of_distribution,coco_stuff_negatives,field_test
517,-1,22,0.4075182986119519,0.8698326442765569,pepper,False,True,out_of_distribution,coco_stuff_negatives,field_test
517,-1,28,0.2903310628665521,1.0230504861525955,eggplant,False,True,out_of_distribution,coco_stuff_negatives,field_test
517,-1,32,0.2057498728846583,0.8813743812692048,strawberry,False,True,out_of_distribution,coco_stuff_negatives,field_test
518,-1,0,0.44496458751471496,0.784772363505151,tomato,False,True,out_of_distribution,coco_stuff_negatives,field_test
518,-1,12,0.31760888978172525,0.8677857476329457,cucumber,False,True,out_of_distribution,coco_stuff_negatives,field_test
518,-1,23,0.3289411813765906,0.8369933964725695,pepper,False,True,out_of_distribution,coco_stuff_negatives,field_test
518,-1,27,0.46318204416503966,0.8704916934639848,eggplant,False,True,out_of_distribution,coco_stuff_negatives,field_test
518,-1,32,0.34169267919768165,0.7620879125207108,strawberry,False,True,out_of_distribution,coco_stuff_negatives,field_test
519,-1,0,0.4465739781261439,0.7906193251009455,tomato,False,True,out_of_distribution,coco_stuff_negatives,field_test
519,-1,11,0.411322130943332,0.8140852675350871,cucumber,False,True,out_of_distribution,coco_stuff_negatives,field_test
519,-1,19,0.3144704007644401,0.9189195089888632,pepper,False,True,out_of_distribution,coco_stuff_negatives,field_test
519,-1,25,0.5378022576493467,0.8453717956742733,eggplant,False,True,out_of_distribution,coco_stuff_negatives,field_test
519,-1,37,0.3257431174842677,0.9290986019433812,strawberry,False,True,out_of_distribution,coco_stuff_negatives,field_test
520,-1,0,0.43225011892579085,0.8837362114546903,tomato,False,True,out_of_distribution,coco_stuff_negatives,field_test
520,-1,13,0.5912877932850027,0.6771457447030171,cucumber,False,True,out_of_distribution,coco_stuff_negatives,field_test
520,-1,24,0.24757536418651216,0.8386797153635246,pepper,False,True,out_of_distribution,coco_stuff_negatives,field_test
520,-1,27,0.39364445634342604,0.9009708758085473,eggplant,False,True,out_of_distribution,coco_stuff_negatives,field_test
520,-1,32,0.39090628414384204,0.7864358914665499,strawberry,False,True,out_of_distribution,coco_stuff_negatives,field_test
521,-1,0,0.401073876871197,0.7459163094910388,tomato,False,True,out_of_distribution,coco_stuff_negatives,field_test
521,-1,11,0.5006970935342044,0.7555355149254108,cucumber,False,True,out_of_distribution,coco_stuff_negatives,field_test
521,-1,19,0.8136001511008343,0.7848151353599648,pepper,False,True,out_of_distribution,coco_stuff_negatives,field_test
521,-1,25,0.4777343527901758,0.740376306776352,eggplant,False,True,out_of_distribution,coco_stuff_negatives,field_test
521,-1,32,0.6234700857785234,0.7015531633633276,strawberry,False,True,out_of_distribution,coco_stuff_negatives,field_test
522,-1,0,0.5914430295303097,0.7740977732232499,tomato,False,True,out_of_distribution,coco_stuff_negatives,field_test
522,-1,11,0.49827382635565987,0.7942735284013165,cucumber,False,True,out_of_distribution,coco_stuff_negatives,field_test
522,-1,19,0.6211290045748419,0.8182785329169993,pepper,False,True,out_of_distribution,coco_stuff_negatives,field_test
522,-1,31,0.42138364131075584,0.8681081603057672,eggplant,False,True,out_of_distribution,coco_stuff_negatives,field_test
522,-1,32,0.3800136786341736,0.7805391227714136,strawberry,False,True,out_of_distribution,coco_stuff_negatives,field_test
523,-1,0,0.0,,tomato,False,False,camera_obscured,coco_stuff_negatives,field_test
523,-1,0,0.0,,cucumber,False,False,camera_obscured,coco_stuff_negatives,field_test
523,-1,0,0.0,,pepper,False,False,camera_obscured,coco_stuff_negatives,field_test
523,-1,0,0.0,,eggplant,False,False,camera_obscured,coco_stuff_negatives,field_test
523,-1,0,0.0,,strawberry,False,False,camera_obscured,coco_stuff_negatives,field_test
524,-1,4,0.7645360893181116,0.6301501066768218,tomato,False,True,out_of_distribution,coco_stuff_negatives,field_test
524,-1,18,0.2862160071426329,1.0063480317588778,cucumber,False,True,out_of_distribution,coco_stuff_negatives,field_test
524,-1,19,0.629364706727724,0.721550538218439,pepper,False,True,out_of_distribution,coco_stuff_negatives,field_test
524,-1,31,0.33048362520194197,0.9431215180011332,eggplant,False,True,out_of_distribution,coco_stuff_negatives,field_test
524,-1,32,0.5005251523710665,0.7509469231621606,strawberry,False,True,out_of_distribution,coco_stuff_negatives,field_test
525,-1,2,0.9236872489504514,0.5285321899120549,tomato,False,True,out_of_distribution,coco_stuff_negatives,field_test
525,-1,13,0.2696221315581511,1.030608260963169,cucumber,False,True,out_of_distribution,coco_stuff_negatives,field_test
525,-1,19,0.368846712911314,0.9141588459364995,pepper,False,True,out_of_distribution,coco_stuff_negatives,field_test
525,-1,25,0.26985394852071726,0.9538170208290568,eggplant,False,True,out_of_distribution,coco_stuff_negatives,field_test
525,-1,38,0.4667048061096529,0.6911572870173737,strawberry,False,True,out_of_distribution,coco_stuff_negatives,field_test
526,-1,3,0.1993391056201151,0.9068079034209862,tomato,False,True,out_of_distribution,coco_stuff_negatives,field_test
526,-1,12,0.3660707848654541,0.9571630473555092,cucumber,False,True,out_of_distribution,coco_stuff_negatives,field_test
526,-1,20,0.5604075438956538,0.9071484130364129,pepper,False,True,out_of_distribution,coco_stuff_negatives,field_test
526,-1,27,0.2328480875939905,0.9341427515625659,eggplant,False,True,out_of_distribution,coco_stuff_negatives,field_test
526,-1,37,0.22699781989172677,0.9376027791348633,strawberry,False,True,out_of_distribution,coco_stuff_negatives,field_test
527,-1,6,0.44491861543860534,0.7779423378266477,tomato,False,True,out_of_distribution,coco_stuff_negatives,field_test
527,-1,16,0.4161796515344211,0.8921055306869069,cucumber,False,True,out_of_distribution,coco_stuff_negatives,field_test
527,-1,19,0.3212355586064962,0.8913921771761687,pepper,False,True,out_of_distribution,coco_stuff_negatives,field_test
527,-1,31,0.3902827336739756,0.9276790967269113,eggplant,False,True,out_of_distribution,coco_stuff_negatives,field_test
527,-1,32,0.3367014705003362,0.9422124428337105,strawberry,False,True,out_of_distribution,coco_stuff_negatives,field_test
528,-1,7,0.37992962904788896,0.9528189409706981,tomato,False,True,out_of_distribution,coco_stuff_negatives,field_test
528,-1,17,0.2717897126570497,0.8864981050003435,cucumber,False,True,out_of_distribution,coco_stuff_negatives,field_test
528,-1,22,0.41361326751888494,0.8264214870598056,pepper,False,True,out_of_distribution,coco_stuff_negatives,field_test
528,-1,31,0.32557736714734387,0.9883404187412972,eggplant,False,True,out_of_distribution,coco_stuff_negatives,field_test
528,-1,34,0.2705822956448482,0.9671874718313055,strawberry,False,True,out_of_distribution,coco_stuff_negatives,field_test
529,-1,0,0.33003877644777496,0.8875053841659577,tomato,False,True,out_of_distribution,coco_stuff_negatives,field_test
529,-1,13,0.8082723357579453,0.6169917228117385,cucumber,False,True,out_of_distribution,coco_stuff_negatives,field_test
529,-1,19,0.38800630873687697,0.960806839331091,pepper,False,True,out_of_distribution,coco_stuff_negatives,field_test
529,-1,27,0.41766238307413683,0.9564642234932029,eggplant,False,True,out_of_distribution,coco_stuff_negatives,field_test
529,-1,32,0.4661865063679547,0.7927891981657763,strawberry,False,True,out_of_distribution,coco_stuff_negatives,field_test
530,-1,6,0.6138538622338113,0.6450730211644541,tomato,False,True,out_of_distribution,coco_stuff_negatives,field_test
530,-1,11,0.32471953132795417,0.8140393911435385,cucumber,False,True,out_of_distribution,coco_stuff_negatives,field_test
530,-1,23,0.314791075515937,0.892022643076467,pepper,False,True,out_of_distribution,coco_stuff_negatives,field_test
530,-1,31,0.42946252061356144,0.8230668841697182,eggplant,False,True,out_of_distribution,coco_stuff_negatives,field_test
530,-1,32,0.4391645562746118,0.7440191032568975,strawberry,False,True,out_of_distribution,coco_stuff_negatives,field_test
531,-1,4,0.47023782634868055,0.8370582994300964,tomato,False,True,out_of_distribution,coco_stuff_negatives,field_test
531,-1,18,0.43211659304665573,0.9071031985244804,cucumber,False,True,out_of_distribution,coco_stuff_negatives,field_test
531,-1,23,0.30668701584763614,0.9184961641250516,pepper,False,True,out_of_distribution,coco_stuff_negatives,field_test
531,-1,30,0.33512966159385554,0.8670790661814118,eggplant,False,True,out_of_distribution,coco_stuff_negatives,field_test
531,-1,34,0.27682073477123503,0.9720403893914602,strawberry,False,True,out_of_distribution,coco_stuff_negatives,field_test
532,-1,0,0.45200980566618437,0.843533341243881,tomato,False,True,out_of_distribution,coco_stuff_negatives,field_test
532,-1,13,0.5317529811836909,0.8674136490178188,cucumber,False,True,out_of_distribution,coco_stuff_negatives,field_test
532,-1,24,0.4747894434131053,0.8277339401635944,pepper,False,True,out_of_distribution,coco_stuff_negatives,field_test
532,-1,28,0.2785522853756473,1.0692864377624145,eggplant,False,True,out_of_distribution,coco_stuff_negatives,field_test
532,-1,33,0.30559412124095325,0.8321475746949027,strawberry,False,True,out_of_distribution,coco_stuff_negatives,field_test
533,-1,0,0.4129153734308747,0.8758477537964647,tomato,False,True,out_of_distribution,coco_stuff_negatives,field_test
533,-1,11,0.3272569109338825,0.830006791531084,cucumber,False,True,out_of_distribution,coco_stuff_negatives,field_test
533,-1,22,0.6774224573705436,0.8636464336517976,pepper,False,True,out_of_distribution,coco_stuff_negatives,field_test
533,-1,27,0.6109856654257299,0.8515236906530755,eggplant,False,True,out_of_distribution,coco_stuff_negatives,field_test
533,-1,32,0.6235281244148929,0.7508073170280558,strawberry,False,True,out_of_distribution,coco_stuff_negatives,field_test
534,-1,0,0.4456345511762425,0.8719425263489584,tomato,False,True,out_of_distribution,coco_stuff_negatives,field_test
534,-1,11,0.5550326186393538,0.8193968569731602,cucumber,False,True,out_of_distribution,coco_stuff_negatives,field_test
534,-1,22,0.2667505833441562,0.9881145418714842,pepper,False,True,out_of_distribution,coco_stuff_negatives,field_test
534,-1,31,0.4575044236111756,0.9656045605192475,eggplant,False,True,out_of_distribution,coco_stuff_negatives,field_test
534,-1,32,0.5794473681782835,0.8598495565731357,strawberry,False,True,out_of_distribution,coco_stuff_negatives,field_test
535,-1,5,0.29593390975521955,0.787578507151307,tomato,False,True,out_of_distribution,coco_stuff_negatives,field_test
535,-1,12,0.5164485131287503,0.7646566735251814,cucumber,False,True,out_of_distribution,coco_stuff_negatives,field_test
535,-1,20,0.38999180820537016,0.8331566872783377,pepper,False,True,out_of_distribution,coco_stuff_negatives,field_test
535,-1,27,0.49867996275702825,0.7904803082559348,eggplant,False,True,out_of_distribution,coco_stuff_negatives,field_test
535,-1,33,0.5416294404484588,0.787763875255987,strawberry,False,True,out_of_distribution,coco_stuff_negatives,field_test
536,-1,0,0.5571891360664863,0.8298546968098552,tomato,False,True,out_of_distribution,coco_stuff_negatives,field_test
536,-1,11,0.6974627759405209,0.7824660787222928,cucumber,False,True,out_of_distribution,coco_stuff_negatives,field_test
536,-1,22,0.3878801135572059,0.935351738669121,pepper,False,True,out_of_distribution,coco_stuff_negatives,field_test
536,-1,26,0.3693560838203186,0.825784337941228,eggplant,False,True,out_of_distribution,coco_stuff_negatives,field_test
536,-1,32,0.5858435147608192,0.8195086092618272,strawberry,False,True,out_of_distribution,coco_stuff_negatives,field_test
537,-1,0,0.3515973668306215,0.8470067865473002,tomato,False,True,out_of_distribution,coco_stuff_negatives,field_test
537,-1,13,0.52485037474144,0.715116490354928,cucumber,False,True,out_of_distribution,coco_stuff_negatives,field_test
537,-1,21,0.2716048791704455,1.0009429358485038,pepper,False,True,out_of_distribution,coco_stuff_negatives,field_test
537,-1,31,0.6180705669754153,0.8736687810419863,eggplant,False,True,out_of_distribution,coco_stuff_negatives,field_test
537,-1,34,0.28294121498200986,0.9132742515678851,strawberry,False,True,out_of_distribution,coco_stuff_negatives,field_test
538,-1,0,0.28077593634647485,0.8374822514827995,tomato,False,True,out_of_distribution,coco_stuff_negatives,field_test
538,-1,11,0.31955278841520285,0.810433243488951,cucumber,False,True,out_of_distribution,coco_stuff_negatives,field_test
538,-1,19,0.4048354006758194,0.8824714882324411,pepper,False,True,out_of_distribution,coco_stuff_negatives,field_test
538,-1,25,0.3081788288136269,0.8996997136968344,eggplant,False,True,out_of_distribution,coco_stuff_negatives,field_test
538,-1,32,0.41416009148613075,0.8385464790051103,strawberry,False,True,out_of_distribution,coco_stuff_negatives,field_test
539,-1,0,0.41511222034871087,0.8249300594299495,tomato,False,True,out_of_distribution,coco_stuff_negatives,field_test
539,-1,16,0.1962389278168077,0.9830944133864038,cucumber,False,True,out_of_distribution,coco_stuff_negatives,field_test
539,-1,23,0.5051502430303624,0.8851390475149457,pepper,False,True,out_of_distribution,coco_stuff_negatives,field_test
539,-1,31,0.5171533154281905,0.8634706658199565,eggplant,False,True,out_of_distribution,coco_stuff_negatives,field_test
539,-1,32,0.366999857827378,0.8533318820140162,strawberry,False,True,out_of_distribution,coco_stuff_negatives,field_test
540,-1,7,0.5553708443322108,0.77211220667701,tomato,False,True,out_of_distribution,coco_stuff_negatives,field_test
540,-1,11,0.33035709629399745,0.8549146349828266,cucumber,False,True,out_of_distribution,coco_stuff_negatives,field_test
540,-1,19,0.577958229616941,0.7951002330904531,pepper,False,True,out_of_distribution,coco_stuff_negatives,field_test
540,-1,27,0.3818856001944183,0.9359434857241075,eggplant,False,True,out_of_distribution,coco_stuff_negatives,field_test
540,-1,37,0.5136102036906113,0.9553605841586426,strawberry,False,True,out_of_distribution,coco_stuff_negatives,field_test
541,-1,4,0.5234063898754822,0.7268661556621824,tomato,False,True,out_of_distribution,coco_stuff_negatives,field_test
541,-1,18,0.28617472706897756,0.9100830465014431,cucumber,False,True,out_of_distribution,coco_stuff_negatives,field_test
541,-1,21,0.6308913880641027,0.9037856363701215,pepper,False,True,out_of_distribution,coco_stuff_negatives,field_test
541,-1,26,0.39418830949085215,0.9157259082088085,eggplant,False,True,out_of_distribution,coco_stuff_negatives,field_test
541,-1,37,0.5099819579265233,0.8328858827521376,strawberry,False,True,out_of_distribution,coco_stuff_negatives,field_test
542,-1,9,0.2906110061036182,0.8975987820863501,tomato,False,True,out_of_distribution,coco_stuff_negatives,field_test
542,-1,12,0.31492118198872265,0.9574537452237257,cucumber,False,True,out_of_distribution,coco_stuff_negatives,field_test
542,-1,20,0.28615492051186364,0.9676296102463153,pepper,False,True,out_of_distribution,coco_stuff_negatives,field_test
542,-1,25,0.2903028637057511,0.8970275549480067,eggplant,False,True,out_of_distribution,coco_stuff_negatives,field_test
542,-1,32,0.24364960991294418,0.8711735628817883,strawberry,False,True,out_of_distribution,coco_stuff_negatives,field_test
543,-1,0,0.3969452587844417,0.8841917300525322,tomato,False,True,out_of_distribution,coco_stuff_negatives,field_test
543,-1,16,0.30312707405310824,0.9785503834949274,cucumber,False,True,out_of_distribution,coco_stuff_negatives,field_test
543,-1,19,0.3509285854499064,0.9331730004320653,pepper,False,True,out_of_distribution,coco_stuff_negatives,field_test
543,-1,25,0.332431529559137,0.9112987436179355,eggplant,False,True,out_of_distribution,coco_stuff_negatives,field_test
543,-1,32,0.2924718735931339,0.8827547781754035,strawberry,False,True,out_of_distribution,coco_stuff_negatives,field_test
544,-1,7,0.25606587642839884,0.9015597862516713,tomato,False,True,out_of_distribution,coco_stuff_negatives,field_test
544,-1,11,0.5384736343755266,0.9045817809887904,cucumber,False,True,out_of_distribution,coco_stuff_negatives,field_test
544,-1,19,0.496960321740326,0.8595313750775453,pepper,False,True,out_of_distribution,coco_stuff_negatives,field_test
544,-1,26,0.49701823970722764,0.8514774095068434,eggplant,False,True,out_of_distribution,coco_stuff_negatives,field_test
544,-1,32,0.3661369307250588,0.8592304678673759,strawberry,False,True,out_of_distribution,coco_stuff_negatives,field_test
545,-1,0,0.43397093039326573,0.8459593137047792,tomato,False,True,out_of_distribution,coco_stuff_negatives,field_test
545,-1,12,0.6482412985508464,0.7864935811776592,cucumber,False,True,out_of_distribution,coco_stuff_negatives,field_test
545,-1,22,0.40577713119730374,0.857769550203419,pepper,False,True,out_of_distribution,coco_stuff_negatives,field_test
545,-1,25,0.35028561589313056,0.8582156744080797,eggplant,False,True,out_of_distribution,coco_stuff_negatives,field_test
545,-1,38,0.46417380917721274,0.8527289937614926,strawberry,False,True,out_of_distribution,coco_stuff_negatives,field_test
546,-1,4,0.48874274437289833,0.7382128785958091,tomato,False,True,out_of_distribution,coco_stuff_negatives,field_test
546,-1,11,0.2055950936647037,0.9566468931059874,cucumber,False,True,out_of_distribution,coco_stuff_negatives,field_test
546,-1,21,0.5324044437010599,0.9369842634203365,pepper,False,True,out_of_distribution,coco_stuff_negatives,field_test
546,-1,29,0.5059027465709178,0.8533466106966793,eggplant,False,True,out_of_distribution,coco_stuff_negatives,field_test
546,-1,37,0.47389362290581527,0.8854017058531685,strawberry,False,True,out_of_distribution,coco_stuff_negatives,field_test
547,-1,6,0.3868448167444716,0.6723938434171048,tomato,False,True,out_of_distribution,coco_stuff_negatives,field_test
547,-1,15,0.3224769433992301,0.8687473465513932,cucumber,False,True,out_of_distribution,coco_stuff_negatives,field_test
547,-1,22,0.7151804192747673,0.7962466746016243,pepper,False,True,out_of_distribution,coco_stuff_negatives,field_test
547,-1,26,0.28012352123583084,0.9491568926914936,eggplant,False,True,out_of_distribution,coco_stuff_negatives,field_test
547,-1,34,0.41743156628142997,0.8561184306798684,strawberry,False,True,out_of_distribution,coco_stuff_negatives,field_test
548,-1,0,0.8207617732689378,0.6460209435273189,tomato,False,True,out_of_distribution,coco_stuff_negatives,field_test
548,-1,11,0.7765184595719464,0.6245571729706763,cucumber,False,True,out_of_distribution,coco_stuff_negatives,field_test
548,-1,19,0.7796127318619231,0.7323123025243083,pepper,False,True,out_of_distribution,coco_stuff_negatives,field_test
548,-1,25,0.5105320769355953,0.7211653551434719,eggplant,False,True,out_of_distribution,coco_stuff_negatives,field_test
548,-1,32,0.7952827815360266,0.5478990498840975,strawberry,False,True,out_of_distribution,coco_stuff_negatives,field_test
549,-1,0,0.7790376370627744,0.6999314630288167,tomato,False,True,out_of_distribution,coco_stuff_negatives,field_test
549,-1,15,0.7243151283006404,0.7481534555467624,cucumber,False,True,out_of_distribution,coco_stuff_negatives,field_test
549,-1,19,0.8944387421972695,0.7429069685012816,pepper,False,True,out_of_distribution,coco_stuff_negatives,field_test
549,-1,25,0.37477655118835224,0.7087305390735692,eggplant,False,True,out_of_distribution,coco_stuff_negatives,field_test
549,-1,32,0.6292299408577938,0.7516593373098471,strawberry,False,True,out_of_distribution,coco_stuff_negatives,field_test
550,-1,3,0.5994963575976437,0.8149958090086337,tomato,False,True,out_of_distribution,coco_stuff_negatives,field_test
550,-1,15,0.4114864121381272,0.7766980240047174,cucumber,False,True,out_of_distribution,coco_stuff_negatives,field_test
550,-1,21,0.31830520730807765,0.8758335294002374,pepper,False,True,out_of_distribution,coco_stuff_negatives,field_test
550,-1,31,0.5183604832299243,0.809480756238641,eggplant,False,True,out_of_distribution,coco_stuff_negatives,field_test
550,-1,38,0.30973066429209356,0.8573447705233541,strawberry,False,True,out_of_distribution,coco_stuff_negatives,field_test
551,-1,0,0.34860685392668805,0.8156845008327478,tomato,False,True,out_of_distribution,coco_stuff_negatives,field_test
551,-1,15,0.3502311735733123,0.8974495665874724,cucumber,False,True,out_of_distribution,coco_stuff_negatives,field_test
551,-1,19,0.6555928011490736,0.8593956916042162,pepper,False,True,out_of_distribution,coco_stuff_negatives,field_test
551,-1,25,0.29160084506437095,0.8510518753055396,eggplant,False,True,out_of_distribution,coco_stuff_negatives,field_test
551,-1,32,0.7154819586917456,0.792054183269646,strawberry,False,True,out_of_distribution,coco_stuff_negatives,field_test
552,-1,3,0.31858742934672135,0.9033279571721831,tomato,False,True,out_of_distribution,coco_stuff_negatives,field_test
552,-1,16,0.2531654720297918,0.8938397140974814,cucumber,False,True,out_of_distribution,coco_stuff_negatives,field_test
552,-1,23,0.6711548336328762,0.9095248483253286,pepper,False,True,out_of_distribution,coco_stuff_negatives,field_test
552,-1,30,0.2951816413570913,0.9432924353358557,eggplant,False,True,out_of_distribution,coco_stuff_negatives,field_test
552,-1,38,0.37076812122760106,0.874701352450252,strawberry,False,True,out_of_distribution,coco_stuff_negatives,field_test
553,-1,0,0.29574487889951157,0.816093196340743,tomato,False,True,out_of_distribution,coco_stuff_negatives,field_test
553,-1,12,0.26776021219184737,0.9008722658667299,cucumber,False,True,out_of_distribution,coco_stuff_negatives,field_test
553,-1,22,0.2846023246310299,0.9123904756042783,pepper,False,True,out_of_distribution,coco_stuff_negatives,field_test
553,-1,30,0.2512166442987577,0.8978950352306416,eggplant,False,True,out_of_distribution,coco_stuff_negatives,field_test
553,-1,35,0.47260845518152284,0.9446393611541113,strawberry,False,True,out_of_distribution,coco_stuff_negatives,field_test
554,-1,0,0.3362032346862796,0.9184813914353487,tomato,False,True,out_of_distribution,coco_stuff_negatives,field_test
554,-1,13,0.6252131035831939,0.7276729816077564,cucumber,False,True,out_of_distribution,coco_stuff_negatives,field_test
554,-1,19,0.3176827297470522,0.8638851040582526,pepper,False,True,out_of_distribution,coco_stuff_negatives,field_test
554,-1,27,0.5718892282544802,0.8374743996331907,eggplant,False,True,out_of_distribution,coco_stuff_negatives,field_test
554,-1,32,0.4491875495296451,0.7605195047554527,strawberry,False,True,out_of_distribution,coco_stuff_negatives,field_test
555,-1,0,0.4400617057614734,0.9432265578010827,tomato,False,True,out_of_distribution,coco_stuff_negatives,field_test
555,-1,13,0.48386806597653714,0.7635871022754694,cucumber,False,True,out_of_distribution,coco_stuff_negatives,field_test
555,-1,23,0.3288731861153251,0.8556959598020181,pepper,False,True,out_of_distribution,coco_stuff_negatives,field_test
555,-1,27,0.682933451719916,0.7957567689404871,eggplant,False,True,out_of_distribution,coco_stuff_negatives,field_test
555,-1,37,0.32797413360936667,0.8372433865234132,strawberry,False,True,out_of_distribution,coco_stuff_negatives,field_test
556,-1,4,0.36449639334500006,0.8695134260513668,tomato,False,True,out_of_distribution,coco_stuff_negatives,field_test
556,-1,12,0.3527141952715143,0.9016351067986138,cucumber,False,True,out_of_distribution,coco_stuff_negatives,field_test
556,-1,21,0.28878216225367037,0.9859134744327729,pepper,False,True,out_of_distribution,coco_stuff_negatives,field_test
556,-1,28,0.21063242149096162,1.0132340000981916,eggplant,False,True,out_of_distribution,coco_stuff_negatives,field_test
556,-1,33,0.5427603005777789,0.8641656462837041,strawberry,False,True,out_of_distribution,coco_stuff_negatives,field_test
557,-1,0,0.2940396660920576,0.6690255448616009,tomato,False,True,out_of_distribution,coco_stuff_negatives,field_test
557,-1,11,0.26512696008718645,0.774308621618559,cucumber,False,True,out_of_distribution,coco_stuff_negatives,field_test
557,-1,19,0.39515225002717236,0.7867682588550242,pepper,False,True,out_of_distribution,coco_stuff_negatives,field_test
557,-1,25,0.32212853313843476,0.7626993668678743,eggplant,False,True,out_of_distribution,coco_stuff_negatives,field_test
557,-1,32,0.49583483565827824,0.7289473622440661,strawberry,False,True,out_of_distribution,coco_stuff_negatives,field_test
558,-1,3,0.34689892040577164,0.8810495017596945,tomato,False,True,out_of_distribution,coco_stuff_negatives,field_test
558,-1,18,0.19459622052857486,0.9311135267742435,cucumber,False,True,out_of_distribution,coco_stuff_negatives,field_test
558,-1,21,0.5182670965078023,0.9815660674846121,pepper,False,True,out_of_distribution,coco_stuff_negatives,field_test
558,-1,31,0.27449530493745905,0.9487495060276685,eggplant,False,True,out_of_distribution,coco_stuff_negatives,field_test
558,-1,34,0.3482691050774497,0.924003215198231,strawberry,False,True,out_of_distribution,coco_stuff_negatives,field_test
559,-1,0,0.7151017472587862,0.7598619553284893,tomato,False,True,out_of_distribution,coco_stuff_negatives,field_test
559,-1,17,0.24910453414923261,0.8715784640006101,cucumber,False,True,out_of_distribution,coco_stuff_negatives,field_test
559,-1,19,0.5831427080727318,0.8130013611453013,pepper,False,True,out_of_distribution,coco_stuff_negatives,field_test
559,-1,30,0.39360102681377235,0.9257676068711331,eggplant,False,True,out_of_distribution,coco_stuff_negatives,field_test
559,-1,35,0.6169316608845292,0.7515152866053183,strawberry,False,True,out_of_distribution,coco_stuff_negatives,field_test
560,-1,0,0.0,,tomato,False,False,camera_obscured,coco_stuff_negatives,field_test
560,-1,0,0.0,,cucumber,False,False,camera_obscured,coco_stuff_negatives,field_test
560,-1,0,0.0,,pepper,False,False,camera_obscured,coco_stuff_negatives,field_test
560,-1,0,0.0,,eggplant,False,False,camera_obscured,coco_stuff_negatives,field_test
560,-1,0,0.0,,strawberry,False,False,camera_obscured,coco_stuff_negatives,field_test
561,-1,6,0.440974554636664,0.6618498634624981,tomato,False,True,out_of_distribution,coco_stuff_negatives,field_test
561,-1,18,0.3498412118123387,0.8586565127610498,cucumber,False,True,out_of_distribution,coco_stuff_negatives,field_test
561,-1,22,0.6018255476722684,0.7771370065438061,pepper,False,True,out_of_distribution,coco_stuff_negatives,field_test
561,-1,31,0.25595869361089596,0.9575261284152355,eggplant,False,True,out_of_distribution,coco_stuff_negatives,field_test
561,-1,38,0.40771563914045666,0.9018773978308012,strawberry,False,True,out_of_distribution,coco_stuff_negatives,field_test
562,-1,0,0.3953626629851213,0.7591500993470743,tomato,False,True,out_of_distribution,coco_stuff_negatives,field_test
562,-1,16,0.23253629933494765,1.0330603492722206,cucumber,False,True,out_of_distribution,coco_stuff_negatives,field_test
562,-1,19,0.40566762283847274,0.807469345811497,pepper,False,True,out_of_distribution,coco_stuff_negatives,field_test
562,-1,29,0.26469759563090456,0.7988148112634749,eggplant,False,True,out_of_distribution,coco_stuff_negatives,field_test
562,-1,32,0.39851007503841834,0.7275324406292114,strawberry,False,True,out_of_distribution,coco_stuff_negatives,field_test
563,-1,0,0.31441338005552194,0.8985365155323647,tomato,False,True,out_of_distribution,coco_stuff_negatives,field_test
563,-1,15,0.3455025562323838,0.8575033408852156,cucumber,False,True,out_of_distribution,coco_stuff_negatives,field_test
563,-1,22,0.2693707284949705,0.8811515848773808,pepper,False,True,out_of_distribution,coco_stuff_negatives,field_test
563,-1,31,0.27945460858306237,0.9499999956701023,eggplant,False,True,out_of_distribution,coco_stuff_negatives,field_test
563,-1,32,0.47840600694099955,0.908562941285889,strawberry,False,True,out_of_distribution,coco_stuff_negatives,field_test
564,-1,3,0.4096469909939722,0.85987919551512,tomato,False,True,out_of_distribution,coco_stuff_negatives,field_test
564,-1,18,0.4932464968695615,0.8431956420296238,cucumber,False,True,out_of_distribution,coco_stuff_negatives,field_test
564,-1,22,0.5535637893002616,0.8331772765845025,pepper,False,True,out_of_distribution,coco_stuff_negatives,field_test
564,-1,31,0.36568520393863196,0.9485104157130987,eggplant,False,True,out_of_distribution,coco_stuff_negatives,field_test
564,-1,34,0.5669315844383054,0.7735669065461916,strawberry,False,True,out_of_distribution,coco_stuff_negatives,field_test
565,-1,0,0.0,,tomato,False,False,camera_obscured,coco_stuff_negatives,field_test
565,-1,0,0.0,,cucumber,False,False,camera_obscured,coco_stuff_negatives,field_test
565,-1,0,0.0,,pepper,False,False,camera_obscured,coco_stuff_negatives,field_test
565,-1,0,0.0,,eggplant,False,False,camera_obscured,coco_stuff_negatives,field_test
565,-1,0,0.0,,strawberry,False,False,camera_obscured,coco_stuff_negatives,field_test
566,-1,0,0.4712280009479158,0.8607991846298899,tomato,False,True,out_of_distribution,coco_stuff_negatives,field_test
566,-1,15,0.2630316753909624,0.8952858844292462,cucumber,False,True,out_of_distribution,coco_stuff_negatives,field_test
566,-1,22,0.5447331880293794,0.7960117068046564,pepper,False,True,out_of_distribution,coco_stuff_negatives,field_test
566,-1,25,0.5592114855426105,0.8568818594434168,eggplant,False,True,out_of_distribution,coco_stuff_negatives,field_test
566,-1,37,0.3634732183598657,0.8937189296122781,strawberry,False,True,out_of_distribution,coco_stuff_negatives,field_test
567,-1,0,0.6763594184489431,0.7046014269480512,tomato,False,True,out_of_distribution,coco_stuff_negatives,field_test
567,-1,11,0.5991552421189649,0.7277500718233866,cucumber,False,True,out_of_distribution,coco_stuff_negatives,field_test
567,-1,21,0.400190796502047,0.9670394725360185,pepper,False,True,out_of_distribution,coco_stuff_negatives,field_test
567,-1,25,0.455759203475135,0.7449865068570412,eggplant,False,True,out_of_distribution,coco_stuff_negatives,field_test
567,-1,32,0.5309748614951408,0.7233048883090405,strawberry,False,True,out_of_distribution,coco_stuff_negatives,field_test
568,-1,6,0.2943915421721421,0.7994579597674227,tomato,False,True,out_of_distribution,coco_stuff_negatives,field_test
568,-1,18,0.5093705712605384,0.8267633201855139,cucumber,False,True,out_of_distribution,coco_stuff_negatives,field_test
568,-1,20,0.3711445983260232,0.9563768834867147,pepper,False,True,out_of_distribution,coco_stuff_negatives,field_test
568,-1,30,0.3217471105096987,0.9089813698348355,eggplant,False,True,out_of_distribution,coco_stuff_negatives,field_test
568,-1,32,0.5095562118968664,0.8947408293947924,strawberry,False,True,out_of_distribution,coco_stuff_negatives,field_test
569,-1,0,0.5684068507844211,0.8223221843489317,tomato,False,True,out_of_distribution,coco_stuff_negatives,field_test
569,-1,12,0.34968165432540477,0.8594888090502847,cucumber,False,True,out_of_distribution,coco_stuff_negatives,field_test
569,-1,19,0.41363909592043324,0.948213121988809,pepper,False,True,out_of_distribution,coco_stuff_negatives,field_test
569,-1,30,0.258493927442611,0.9177159777164259,eggplant,False,True,out_of_distribution,coco_stuff_negatives,field_test
569,-1,32,0.48542593684241564,0.8370173538752218,strawberry,False,True,out_of_distribution,coco_stuff_negatives,field_test
570,-1,6,0.20266028936421282,0.8526156549717971,tomato,False,True,out_of_distribution,coco_stuff_negatives,field_test
570,-1,11,0.2756315569076421,0.8552940367213537,cucumber,False,True,out_of_distribution,coco_stuff_negatives,field_test
570,-1,19,0.32638257897838696,0.9020862080388636,pepper,False,True,out_of_distribution,coco_stuff_negatives,field_test
570,-1,26,0.595594801580908,0.855652665074417,eggplant,False,True,out_of_distribution,coco_stuff_negatives,field_test
570,-1,32,0.6422399352023752,0.7706043080025571,strawberry,False,True,out_of_distribution,coco_stuff_negatives,field_test
571,-1,0,0.5634840416382091,0.8325096369435203,tomato,False,True,out_of_distribution,coco_stuff_negatives,field_test
571,-1,11,0.2654481073590257,0.8389774219827194,cucumber,False,True,out_of_distribution,coco_stuff_negatives,field_test
571,-1,22,0.4688847166877316,0.7984933121512066,pepper,False,True,out_of_distribution,coco_stuff_negatives,field_test
571,-1,31,0.28861358013725374,0.9371618367799875,eggplant,False,True,out_of_distribution,coco_stuff_negatives,field_test
571,-1,32,0.31081385775843157,0.8341720048032241,strawberry,False,True,out_of_distribution,coco_stuff_negatives,field_test
572,-1,0,0.5990100301444178,0.8131159104136279,tomato,False,True,out_of_distribution,coco_stuff_negatives,field_test
572,-1,13,0.4954056249287928,0.7068835238204116,cucumber,False,True,out_of_distribution,coco_stuff_negatives,field_test
572,-1,19,0.5615305538029495,0.8078802439313366,pepper,False,True,out_of_distribution,coco_stuff_negatives,field_test
572,-1,27,0.44820855467920756,0.8970681664131612,eggplant,False,True,out_of_distribution,coco_stuff_negatives,field_test
572,-1,32,0.35901280588226403,0.7047841441710059,strawberry,False,True,out_of_distribution,coco_stuff_negatives,field_test
573,-1,0,0.5240597352779934,0.8609765785237373,tomato,False,True,out_of_distribution,coco_stuff_negatives,field_test
573,-1,11,0.6295488176819157,0.8225566112111692,cucumber,False,True,out_of_distribution,coco_stuff_negatives,field_test
573,-1,22,0.5188551693734799,0.8938875757138995,pepper,False,True,out_of_distribution,coco_stuff_negatives,field_test
573,-1,26,0.31766610506708903,0.8577368992830582,eggplant,False,True,out_of_distribution,coco_stuff_negatives,field_test
573,-1,33,0.5571792585493393,0.8099891774079224,strawberry,False,True,out_of_distribution,coco_stuff_negatives,field_test
574,-1,0,0.0,,tomato,False,False,camera_obscured,coco_stuff_negatives,field_test
574,-1,0,0.0,,cucumber,False,False,camera_obscured,coco_stuff_negatives,field_test
574,-1,0,0.0,,pepper,False,False,camera_obscured,coco_stuff_negatives,field_test
574,-1,0,0.0,,eggplant,False,False,camera_obscured,coco_stuff_negatives,field_test
574,-1,0,0.0,,strawberry,False,False,camera_obscured,coco_stuff_negatives,field_test
575,-1,6,0.31891496980852996,0.833868367274742,tomato,False,True,out_of_distribution,coco_stuff_negatives,field_test
575,-1,16,0.40630115477275414,0.8673839235455647,cucumber,False,True,out_of_distribution,coco_stuff_negatives,field_test
575,-1,19,0.541503158997315,0.9304837013324914,pepper,False,True,out_of_distribution,coco_stuff_negatives,field_test
575,-1,31,0.48177908048947915,0.8497733313671204,eggplant,False,True,out_of_distribution,coco_stuff_negatives,field_test
575,-1,32,0.44706532699877916,0.8940812825476753,strawberry,False,True,out_of_distribution,coco_stuff_negatives,field_test
576,-1,0,0.9037593963575391,0.6337765972590153,tomato,False,True,out_of_distribution,coco_stuff_negatives,field_test
576,-1,11,0.41901846732007725,0.7182920600300486,cucumber,False,True,out_of_distribution,coco_stuff_negatives,field_test
576,-1,19,0.966856137045917,0.6068018229177428,pepper,False,True,out_of_distribution,coco_stuff_negatives,field_test
576,-1,25,0.48186400922502437,0.7044395529861325,eggplant,False,True,out_of_distribution,coco_stuff_negatives,field_test
576,-1,32,0.7228359576847311,0.6913765878334239,strawberry,False,True,out_of_distribution,coco_stuff_negatives,field_test
577,-1,1,0.28693343870008164,0.8801300242508361,tomato,False,True,out_of_distribution,coco_stuff_negatives,field_test
577,-1,11,0.18884567449116324,0.8422566269839055,cucumber,False,True,out_of_distribution,coco_stuff_negatives,field_test
577,-1,19,0.4566223929302858,0.9160346330930282,pepper,False,True,out_of_distribution,coco_stuff_negatives,field_test
577,-1,25,0.22322003708549734,0.9662323599612719,eggplant,False,True,out_of_distribution,coco_stuff_negatives,field_test
577,-1,38,0.6230230046543103,0.7994403664753078,strawberry,False,True,out_of_distribution,coco_stuff_negatives,field_test
578,-1,6,0.20492054500950263,0.8753435004702542,tomato,False,True,out_of_distribution,coco_stuff_negatives,field_test
578,-1,17,0.21527342947932815,1.0167600726724235,cucumber,False,True,out_of_distribution,coco_stuff_negatives,field_test
578,-1,22,0.5708067340121464,0.7772255321551178,pepper,False,True,out_of_distribution,coco_stuff_negatives,field_test
578,-1,27,0.29926892049462045,0.9459257813565954,eggplant,False,True,out_of_distribution,coco_stuff_negatives,field_test
578,-1,32,0.39764815885525834,0.9034128547977287,strawberry,False,True,out_of_distribution,coco_stuff_negatives,field_test
579,-1,6,0.3527736668731083,0.8099262963914453,tomato,False,True,out_of_distribution,coco_stuff_negatives,field_test
579,-1,16,0.31658882638050173,0.9334089759043636,cucumber,False,True,out_of_distribution,coco_stuff_negatives,field_test
579,-1,21,0.39363074503191836,0.9291528408963502,pepper,False,True,out_of_distribution,coco_stuff_negatives,field_test
579,-1,26,0.32665983575818164,0.8902952635631045,eggplant,False,True,out_of_distribution,coco_stuff_negatives,field_test
579,-1,34,0.4720820968081509,0.8654889150523112,strawberry,False,True,out_of_distribution,coco_stuff_negatives,field_test
580,-1,0,0.6894280958610085,0.724214247944139,tomato,False,True,out_of_distribution,coco_stuff_negatives,field_test
580,-1,15,0.5392287895835511,0.7595328267197614,cucumber,False,True,out_of_distribution,coco_stuff_negatives,field_test
580,-1,22,0.7025669404816093,0.7958671406453982,pepper,False,True,out_of_distribution,coco_stuff_negatives,field_test
580,-1,31,0.3914590737626444,0.8340564275790345,eggplant,False,True,out_of_distribution,coco_stuff_negatives,field_test
580,-1,32,0.6657153494020137,0.6986182450687697,strawberry,False,True,out_of_distribution,coco_stuff_negatives,field_test
581,-1,0,0.2732759847160842,0.9700459011959708,tomato,False,True,out_of_distribution,coco_stuff_negatives,field_test
581,-1,13,0.5486260627436481,0.9187890097862867,cucumber,False,True,out_of_distribution,coco_stuff_negatives,field_test
581,-1,20,0.7046347578637766,0.8160250749200817,pepper,False,True,out_of_distribution,coco_stuff_negatives,field_test
581,-1,26,0.7857879017578435,0.8245666022519462,eggplant,False,True,out_of_distribution,coco_stuff_negatives,field_test
581,-1,33,0.5125792139427231,0.9115441277951636,strawberry,False,True,out_of_distribution,coco_stuff_negatives,field_test
582,-1,0,0.7299170828658605,0.7412030951334501,tomato,False,True,out_of_distribution,coco_stuff_negatives,field_test
582,-1,15,0.5700605405772813,0.7393024927910011,cucumber,False,True,out_of_distribution,coco_stuff_negatives,field_test
582,-1,19,0.5229368613663884,0.8465185799740178,pepper,False,True,out_of_distribution,coco_stuff_negatives,field_test
582,-1,25,0.7060936249677973,0.7202180690311079,eggplant,False,True,out_of_distribution,coco_stuff_negatives,field_test
582,-1,32,0.3865868141181892,0.8270082462378372,strawberry,False,True,out_of_distribution,coco_stuff_negatives,field_test
583,-1,0,0.5994648370498429,0.7959668657027346,tomato,False,True,out_of_distribution,coco_stuff_negatives,field_test
583,-1,13,0.6503139638297306,0.6609017824587023,cucumber,False,True,out_of_distribution,coco_stuff_negatives,field_test
583,-1,19,0.548224246013532,0.847465858700633,pepper,False,True,out_of_distribution,coco_stuff_negatives,field_test
583,-1,25,0.23687940763117163,0.9111349318711011,eggplant,False,True,out_of_distribution,coco_stuff_negatives,field_test
583,-1,32,0.7392794268274543,0.7168711557845231,strawberry,False,True,out_of_distribution,coco_stuff_negatives,field_test
584,-1,0,0.44011950553218404,0.7500704137866965,tomato,False,True,out_of_distribution,coco_stuff_negatives,field_test
584,-1,11,0.6321429078224892,0.7398899375084105,cucumber,False,True,out_of_distribution,coco_stuff_negatives,field_test
584,-1,22,0.7592490580318024,0.7268816517887275,pepper,False,True,out_of_distribution,coco_stuff_negatives,field_test
584,-1,31,0.445648648916209,0.8582495768902278,eggplant,False,True,out_of_distribution,coco_stuff_negatives,field_test
584,-1,34,0.4457304169114134,0.7979927047642541,strawberry,False,True,out_of_distribution,coco_stuff_negatives,field_test
585,-1,0,0.5976279219150165,0.828597216074582,tomato,False,True,out_of_distribution,coco_stuff_negatives,field_test
585,-1,11,0.3375745205710448,0.803226794279146,cucumber,False,True,out_of_distribution,coco_stuff_negatives,field_test
585,-1,19,0.8802604645242448,0.8011791596522984,pepper,False,True,out_of_distribution,coco_stuff_negatives,field_test
585,-1,25,0.20675627842108305,0.8793281860126196,eggplant,False,True,out_of_distribution,coco_stuff_negatives,field_test
585,-1,32,0.7710067404047363,0.7831004737332623,strawberry,False,True,out_of_distribution,coco_stuff_negatives,field_test
586,-1,0,0.23437777982699753,0.8534496415026541,tomato,False,True,out_of_distribution,coco_stuff_negatives,field_test
586,-1,13,0.3960301014063853,0.9637528567834025,cucumber,False,True,out_of_distribution,coco_stuff_negatives,field_test
586,-1,22,0.38061658515479385,0.8435090693611762,pepper,False,True,out_of_distribution,coco_stuff_negatives,field_test
586,-1,31,0.40631236423063544,0.8998720453381777,eggplant,False,True,out_of_distribution,coco_stuff_negatives,field_test
586,-1,32,0.4785011807525153,0.8500134297859051,strawberry,False,True,out_of_distribution,coco_stuff_negatives,field_test
587,-1,0,0.6036045703651262,0.6848022650961364,tomato,False,True,out_of_distribution,coco_stuff_negatives,field_test
587,-1,15,0.7759575229098884,0.6152761533450588,cucumber,False,True,out_of_distribution,coco_stuff_negatives,field_test
587,-1,19,0.6968904770544099,0.7710242618749524,pepper,False,True,out_of_distribution,coco_stuff_negatives,field_test
587,-1,31,0.3180767312468581,0.7024581447623766,eggplant,False,True,out_of_distribution,coco_stuff_negatives,field_test
587,-1,32,0.469085461669532,0.7010800205994268,strawberry,False,True,out_of_distribution,coco_stuff_negatives,field_test
588,-1,0,0.0,,tomato,False,False,image_too_blurry,coco_stuff_negatives,field_test
588,-1,0,0.0,,cucumber,False,False,image_too_blurry,coco_stuff_negatives,field_test
588,-1,0,0.0,,pepper,False,False,image_too_blurry,coco_stuff_negatives,field_test
588,-1,0,0.0,,eggplant,False,False,image_too_blurry,coco_stuff_negatives,field_test
588,-1,0,0.0,,strawberry,False,False,image_too_blurry,coco_stuff_negatives,field_test
589,-1,0,0.2303961311632392,0.8478799855546394,tomato,False,True,out_of_distribution,coco_stuff_negatives,field_test
589,-1,12,0.3513692511857746,0.8999941599916668,cucumber,False,True,out_of_distribution,coco_stuff_negatives,field_test
589,-1,23,0.3786616211721738,0.8308477361878234,pepper,False,True,out_of_distribution,coco_stuff_negatives,field_test
589,-1,27,0.6263655259105418,0.868199098771149,eggplant,False,True,out_of_distribution,coco_stuff_negatives,field_test
589,-1,33,0.6751842360832457,0.8595349764198033,strawberry,False,True,out_of_distribution,coco_stuff_negatives,field_test
590,-1,0,0.3083616578635147,0.81645719614722,tomato,False,True,out_of_distribution,coco_stuff_negatives,field_test
590,-1,11,0.7027870108547649,0.7921337676539645,cucumber,False,True,out_of_distribution,coco_stuff_negatives,field_test
590,-1,19,0.7043194537966612,0.815908612368097,pepper,False,True,out_of_distribution,coco_stuff_negatives,field_test
590,-1,26,0.31734949919238997,0.9065143286501331,eggplant,False,True,out_of_distribution,coco_stuff_negatives,field_test
590,-1,32,0.43704515948617667,0.7630950872828837,strawberry,False,True,out_of_distribution,coco_stuff_negatives,field_test
591,-1,0,0.799303251039221,0.6951022476809783,tomato,False,True,out_of_distribution,coco_stuff_negatives,field_test
591,-1,12,0.4092154945369093,0.949489955877576,cucumber,False,True,out_of_distribution,coco_stuff_negatives,field_test
591,-1,19,0.35229695260338856,0.7682228746423108,pepper,False,True,out_of_distribution,coco_stuff_negatives,field_test
591,-1,27,0.4013760066129887,0.9597545072522646,eggplant,False,True,out_of_distribution,coco_stuff_negatives,field_test
591,-1,32,0.7003718142862627,0.6788118500325845,strawberry,False,True,out_of_distribution,coco_stuff_negatives,field_test
592,-1,1,0.2578563379446044,0.8824887835423438,tomato,False,True,out_of_distribution,coco_stuff_negatives,field_test
592,-1,15,0.4243478535835867,0.9232526386620991,cucumber,False,True,out_of_distribution,coco_stuff_negatives,field_test
592,-1,19,0.4589925701026765,0.7824154915017374,pepper,False,True,out_of_distribution,coco_stuff_negatives,field_test
592,-1,26,0.7137999397417972,0.8949820744415468,eggplant,False,True,out_of_distribution,coco_stuff_negatives,field_test
592,-1,34,0.41837447586456333,0.7909184456076237,strawberry,False,True,out_of_distribution,coco_stuff_negatives,field_test
593,-1,1,0.33596059843480686,0.8461141733360538,tomato,False,True,out_of_distribution,coco_stuff_negatives,field_test
593,-1,13,0.386084648755889,0.7462438947658431,cucumber,False,True,out_of_distribution,coco_stuff_negatives,field_test
593,-1,23,0.301575852633295,0.8173675171615385,pepper,False,True,out_of_distribution,coco_stuff_negatives,field_test
593,-1,27,0.7979178271175555,0.8019161086306184,eggplant,False,True,out_of_distribution,coco_stuff_negatives,field_test
593,-1,32,0.4182532550384047,0.805240803720598,strawberry,False,True,out_of_distribution,coco_stuff_negatives,field_test
594,-1,4,0.5121311991657823,0.8152048825430099,tomato,False,True,out_of_distribution,coco_stuff_negatives,field_test
594,-1,16,0.20527873823013373,0.9314828960042653,cucumber,False,True,out_of_distribution,coco_stuff_negatives,field_test
594,-1,20,0.3511341272614282,0.942902555505887,pepper,False,True,out_of_distribution,coco_stuff_negatives,field_test
594,-1,27,0.30877155934679457,0.9472435312219563,eggplant,False,True,out_of_distribution,coco_stuff_negatives,field_test
594,-1,37,0.2655505893582533,0.9468982548562281,strawberry,False,True,out_of_distribution,coco_stuff_negatives,field_test
595,-1,0,0.0,,tomato,False,False,camera_obscured,coco_stuff_negatives,field_test
595,-1,0,0.0,,cucumber,False,False,camera_obscured,coco_stuff_negatives,field_test
595,-1,0,0.0,,pepper,False,False,camera_obscured,coco_stuff_negatives,field_test
595,-1,0,0.0,,eggplant,False,False,camera_obscured,coco_stuff_negatives,field_test
595,-1,0,0.0,,strawberry,False,False,camera_obscured,coco_stuff_negatives,field_test
596,-1,0,0.9058616153387098,0.6574032558687646,tomato,False,True,out_of_distribution,coco_stuff_negatives,field_test
596,-1,11,0.47824020029312314,0.6400014593136056,cucumber,False,True,out_of_distribution,coco_stuff_negatives,field_test
596,-1,19,0.9099918463509643,0.6437430842840978,pepper,False,True,out_of_distribution,coco_stuff_negatives,field_test
596,-1,25,0.38338512484267473,0.7040973099237867,eggplant,False,True,out_of_distribution,coco_stuff_negatives,field_test
596,-1,32,0.7168454626631039,0.634075699317638,strawberry,False,True,out_of_distribution,coco_stuff_negatives,field_test
597,-1,0,0.3664368645391574,0.8605532724434967,tomato,False,True,out_of_distribution,coco_stuff_negatives,field_test
597,-1,12,0.2625226521055364,0.8541257494032785,cucumber,False,True,out_of_distribution,coco_stuff_negatives,field_test
597,-1,24,0.58407254396878,0.8325585552834992,pepper,False,True,out_of_distribution,coco_stuff_negatives,field_test
597,-1,27,0.6055510343001509,0.858096037885574,eggplant,False,True,out_of_distribution,coco_stuff_negatives,field_test
597,-1,32,0.702228354827496,0.7830254443749854,strawberry,False,True,out_of_distribution,coco_stuff_negatives,field_test
598,-1,0,0.2554568266874687,0.8957765156617687,tomato,False,True,out_of_distribution,coco_stuff_negatives,field_test
598,-1,18,0.2899046392722334,0.9070574870463022,cucumber,False,True,out_of_distribution,coco_stuff_negatives,field_test
598,-1,22,0.38544051279969443,0.8893769193750378,pepper,False,True,out_of_distribution,coco_stuff_negatives,field_test
598,-1,30,0.5147337525682464,0.8581486705495779,eggplant,False,True,out_of_distribution,coco_stuff_negatives,field_test
598,-1,32,0.7028526762171539,0.820151204175601,strawberry,False,True,out_of_distribution,coco_stuff_negatives,field_test
599,-1,0,0.3210958435667302,0.800632430416948,tomato,False,True,out_of_distribution,coco_stuff_negatives,field_test
599,-1,11,0.31597571078338554,0.8023467063991523,cucumber,False,True,out_of_distribution,coco_stuff_negatives,field_test
599,-1,22,0.560726178634655,0.8061543357764851,pepper,False,True,out_of_distribution,coco_stuff_negatives,field_test
599,-1,25,0.20633989710450626,0.8592423515744252,eggplant,False,True,out_of_distribution,coco_stuff_negatives,field_test
599,-1,32,0.8284123547634198,0.7331057912879072,strawberry,False,True,out_of_distribution,coco_stuff_negatives,field_test
600,-1,0,0.49014853003686965,0.7475192062039042,tomato,False,True,out_of_distribution,coco_stuff_negatives,field_test
600,-1,11,0.3817728796331209,0.7487897614633491,cucumber,False,True,out_of_distribution,coco_stuff_negatives,field_test
600,-1,22,0.8003292967270155,0.7431404311796697,pepper,False,True,out_of_distribution,coco_stuff_negatives,field_test
600,-1,25,0.43637648716314303,0.7891843529048227,eggplant,False,True,out_of_distribution,coco_stuff_negatives,field_test
600,-1,32,0.37437006435627374,0.833698144010888,strawberry,False,True,out_of_distribution,coco_stuff_negatives,field_test
601,-1,6,0.5240494092040802,0.7946176956455597,tomato,False,True,out_of_distribution,coco_stuff_negatives,field_test
601,-1,14,0.27759138612609596,0.9486480192545317,cucumber,False,True,out_of_distribution,coco_stuff_negatives,field_test
601,-1,22,0.5278678572644108,0.7887850570253059,pepper,False,True,out_of_distribution,coco_stuff_negatives,field_test
601,-1,31,0.4177746371722741,0.9108425801071232,eggplant,False,True,out_of_distribution,coco_stuff_negatives,field_test
601,-1,35,0.32940770680994447,0.9023346261559277,strawberry,False,True,out_of_distribution,coco_stuff_negatives,field_test
602,-1,0,0.43381262079909144,0.8036495952371947,tomato,False,True,out_of_distribution,coco_stuff_negatives,field_test
602,-1,13,0.40106045763943465,0.8728504714327538,cucumber,False,True,out_of_distribution,coco_stuff_negatives,field_test
602,-1,22,0.8049472296037742,0.7020552130269818,pepper,False,True,out_of_distribution,coco_stuff_negatives,field_test
602,-1,31,0.45496667500248567,0.7977222415545953,eggplant,False,True,out_of_distribution,coco_stuff_negatives,field_test
602,-1,32,0.6005718968707915,0.7856333044536294,strawberry,False,True,out_of_distribution,coco_stuff_negatives,field_test
603,-1,0,0.0,,tomato,False,False,camera_obscured,coco_stuff_negatives,field_test
603,-1,0,0.0,,cucumber,False,False,camera_obscured,coco_stuff_negatives,field_test
603,-1,0,0.0,,pepper,False,False,camera_obscured,coco_stuff_negatives,field_test
603,-1,0,0.0,,eggplant,False,False,camera_obscured,coco_stuff_negatives,field_test
603,-1,0,0.0,,strawberry,False,False,camera_obscured,coco_stuff_negatives,field_test
604,-1,0,0.0,,tomato,False,False,camera_obscured,coco_stuff_negatives,field_test
604,-1,0,0.0,,cucumber,False,False,camera_obscured,coco_stuff_negatives,field_test
604,-1,0,0.0,,pepper,False,False,camera_obscured,coco_stuff_negatives,field_test
604,-1,0,0.0,,eggplant,False,False,camera_obscured,coco_stuff_negatives,field_test
604,-1,0,0.0,,strawberry,False,False,camera_obscured,coco_stuff_negatives,field_test
605,-1,0,0.49865798336931416,0.7467519303104536,tomato,False,True,out_of_distribution,coco_stuff_negatives,field_test
605,-1,15,0.40458463773236303,0.8031659264870283,cucumber,False,True,out_of_distribution,coco_stuff_negatives,field_test
605,-1,20,0.5210615993640546,0.8388388529933632,pepper,False,True,out_of_distribution,coco_stuff_negatives,field_test
605,-1,31,0.31279120361329743,0.9128725652188019,eggplant,False,True,out_of_distribution,coco_stuff_negatives,field_test
605,-1,32,0.41584329713679125,0.7738651025517262,strawberry,False,True,out_of_distribution,coco_stuff_negatives,field_test
606,-1,6,0.6052199302073398,0.8504852659863494,tomato,False,True,out_of_distribution,coco_stuff_negatives,field_test
606,-1,18,0.3772165771598575,0.8473862994945525,cucumber,False,True,out_of_distribution,coco_stuff_negatives,field_test
606,-1,19,0.40442331161964684,0.8716267262274152,pepper,False,True,out_of_distribution,coco_stuff_negatives,field_test
606,-1,26,0.2608962511352954,0.9449055217276245,eggplant,False,True,out_of_distribution,coco_stuff_negatives,field_test
606,-1,34,0.3488597843574599,0.7948486908019687,strawberry,False,True,out_of_distribution,coco_stuff_negatives,field_test
607,-1,0,0.6504353198872,0.6588966360413266,tomato,False,True,out_of_distribution,coco_stuff_negatives,field_test
607,-1,11,0.529602463987762,0.6596576808599236,cucumber,False,True,out_of_distribution,coco_stuff_negatives,field_test
607,-1,22,0.4111903459522474,0.974618597762316,pepper,False,True,out_of_distribution,coco_stuff_negatives,field_test
607,-1,25,0.417610896545033,0.7430346828368563,eggplant,False,True,out_of_distribution,coco_stuff_negatives,field_test
607,-1,32,0.49522593069223764,0.6954311914820336,strawberry,False,True,out_of_distribution,coco_stuff_negatives,field_test
608,-1,0,0.7952374208519463,0.7687424797373801,tomato,False,True,out_of_distribution,coco_stuff_negatives,field_test
608,-1,13,0.3082267602519939,0.8946488290176547,cucumber,False,True,out_of_distribution,coco_stuff_negatives,field_test
608,-1,22,0.49470455245118217,0.8587362323849751,pepper,False,True,out_of_distribution,coco_stuff_negatives,field_test
608,-1,31,0.6635062467211142,0.8695857180071809,eggplant,False,True,out_of_distribution,coco_stuff_negatives,field_test
608,-1,32,0.40187921874404753,0.7971469588424904,strawberry,False,True,out_of_distribution,coco_stuff_negatives,field_test
609,-1,4,0.27962095181027835,0.9334896038398733,tomato,False,True,out_of_distribution,coco_stuff_negatives,field_test
609,-1,11,0.2776714545768235,0.875081113760549,cucumber,False,True,out_of_distribution,coco_stuff_negatives,field_test
609,-1,20,0.419595133229123,0.836569703337459,pepper,False,True,out_of_distribution,coco_stuff_negatives,field_test
609,-1,27,0.3777337747013421,0.9035618861163383,eggplant,False,True,out_of_distribution,coco_stuff_negatives,field_test
609,-1,37,0.2589421913708952,0.8199617601060152,strawberry,False,True,out_of_distribution,coco_stuff_negatives,field_test
610,-1,3,0.45827243674513307,0.742212774566581,tomato,False,True,out_of_distribution,coco_stuff_negatives,field_test
610,-1,15,0.34126982621127155,0.8180102619432807,cucumber,False,True,out_of_distribution,coco_stuff_negatives,field_test
610,-1,24,0.3779211635677299,0.8686813621852472,pepper,False,True,out_of_distribution,coco_stuff_negatives,field_test
610,-1,31,0.6225683805985832,0.7982873456412447,eggplant,False,True,out_of_distribution,coco_stuff_negatives,field_test
610,-1,37,0.25333405685332594,0.8558209489849521,strawberry,False,True,out_of_distribution,coco_stuff_negatives,field_test
611,-1,6,0.3115712291176478,0.8426153568768215,tomato,False,True,out_of_distribution,coco_stuff_negatives,field_test
611,-1,11,0.29815160078029246,0.7821767852346065,cucumber,False,True,out_of_distribution,coco_stuff_negatives,field_test
611,-1,23,0.5429815063490224,0.82690965969485,pepper,False,True,out_of_distribution,coco_stuff_negatives,field_test
611,-1,27,0.5947393769826252,0.8621398451321773,eggplant,False,True,out_of_distribution,coco_stuff_negatives,field_test
611,-1,32,0.48024442884635726,0.8188479434951688,strawberry,False,True,out_of_distribution,coco_stuff_negatives,field_test
612,-1,3,0.3647889350842079,0.9656047346595065,tomato,False,True,out_of_distribution,coco_stuff_negatives,field_test
612,-1,12,0.29508850673876585,0.822068442109579,cucumber,False,True,out_of_distribution,coco_stuff_negatives,field_test
612,-1,20,0.6588614449568047,0.8616078301222643,pepper,False,True,out_of_distribution,coco_stuff_negatives,field_test
612,-1,27,0.6148281377426337,0.7911225149764525,eggplant,False,True,out_of_distribution,coco_stuff_negatives,field_test
612,-1,32,0.30194289059507773,0.9391032135913787,strawberry,False,True,out_of_distribution,coco_stuff_negatives,field_test
613,-1,0,0.504912706107258,0.7074340079726986,tomato,False,True,out_of_distribution,coco_stuff_negatives,field_test
613,-1,15,0.27491013668545033,0.8855443053261216,cucumber,False,True,out_of_distribution,coco_stuff_negatives,field_test
613,-1,21,0.30559549827519183,0.9954647910699036,pepper,False,True,out_of_distribution,coco_stuff_negatives,field_test
613,-1,31,0.5134381712647051,0.8523871852940437,eggplant,False,True,out_of_distribution,coco_stuff_negatives,field_test
613,-1,32,0.4592898207222305,0.7509938622588832,strawberry,False,True,out_of_distribution,coco_stuff_negatives,field_test
614,-1,0,0.31156951231451796,0.8211560475387192,tomato,False,True,out_of_distribution,coco_stuff_negatives,field_test
614,-1,12,0.2796702796595267,0.8584646068349013,cucumber,False,True,out_of_distribution,coco_stuff_negatives,field_test
614,-1,19,0.6516664940798994,0.9250582689534474,pepper,False,True,out_of_distribution,coco_stuff_negatives,field_test
614,-1,25,0.2927790464553026,0.8602367445473009,eggplant,False,True,out_of_distribution,coco_stuff_negatives,field_test
614,-1,32,0.5186078549873493,0.769791691540075,strawberry,False,True,out_of_distribution,coco_stuff_negatives,field_test
615,-1,0,0.4678504567411489,0.8323668101078692,tomato,False,True,out_of_distribution,coco_stuff_negatives,field_test
615,-1,11,0.18113137086869693,0.8322770960364194,cucumber,False,True,out_of_distribution,coco_stuff_negatives,field_test
615,-1,21,0.6342927704902565,0.9157674720076522,pepper,False,True,out_of_distribution,coco_stuff_negatives,field_test
615,-1,26,0.4672138834805057,0.9001385988180215,eggplant,False,True,out_of_distribution,coco_stuff_negatives,field_test
615,-1,32,0.3976669757162793,0.811735413954709,strawberry,False,True,out_of_distribution,coco_stuff_negatives,field_test
616,-1,0,0.7838854706368803,0.7767567240398071,tomato,False,True,out_of_distribution,coco_stuff_negatives,field_test
616,-1,11,0.3882240560859637,0.8673271821868446,cucumber,False,True,out_of_distribution,coco_stuff_negatives,field_test
616,-1,19,0.296016329827495,0.8246194720983129,pepper,False,True,out_of_distribution,coco_stuff_negatives,field_test
616,-1,25,0.318992187024953,0.8006916149194828,eggplant,False,True,out_of_distribution,coco_stuff_negatives,field_test
616,-1,32,0.5927888976001998,0.7884726278395314,strawberry,False,True,out_of_distribution,coco_stuff_negatives,field_test
617,-1,0,0.9416721772149538,0.6253146067315996,tomato,False,True,out_of_distribution,coco_stuff_negatives,field_test
617,-1,11,0.6672901072444629,0.6306109027550898,cucumber,False,True,out_of_distribution,coco_stuff_negatives,field_test
617,-1,19,0.8745556641142158,0.7140872446954095,pepper,False,True,out_of_distribution,coco_stuff_negatives,field_test
617,-1,25,0.30781377784884545,0.6719496653726499,eggplant,False,True,out_of_distribution,coco_stuff_negatives,field_test
617,-1,32,0.8477540805779776,0.6515907567252486,strawberry,False,True,out_of_distribution,coco_stuff_negatives,field_test
618,-1,0,0.47654771493488,0.849753245516801,tomato,False,True,out_of_distribution,coco_stuff_negatives,field_test
618,-1,15,0.33695387084192907,0.7354824790638963,cucumber,False,True,out_of_distribution,coco_stuff_negatives,field_test
618,-1,22,0.4399792886169655,0.8979181404540673,pepper,False,True,out_of_distribution,coco_stuff_negatives,field_test
618,-1,31,0.8736698674949314,0.7639768567302798,eggplant,False,True,out_of_distribution,coco_stuff_negatives,field_test
618,-1,32,0.638336257204329,0.8166927113081458,strawberry,False,True,out_of_distribution,coco_stuff_negatives,field_test
619,-1,0,0.3555909797102131,0.8766355404928501,tomato,False,True,out_of_distribution,coco_stuff_negatives,field_test
619,-1,13,0.903066579846214,0.6279199674276179,cucumber,False,True,out_of_distribution,coco_stuff_negatives,field_test
619,-1,19,0.5142069632871488,0.9138870707679563,pepper,False,True,out_of_distribution,coco_stuff_negatives,field_test
619,-1,27,0.3218194900946179,0.952104961264145,eggplant,False,True,out_of_distribution,coco_stuff_negatives,field_test
619,-1,32,0.4834986279738619,0.7735199252901903,strawberry,False,True,out_of_distribution,coco_stuff_negatives,field_test
620,-1,0,0.48025224746501044,0.8484662679575399,tomato,False,True,out_of_distribution,coco_stuff_negatives,field_test
620,-1,13,0.446425554546014,0.828924715824367,cucumber,False,True,out_of_distribution,coco_stuff_negatives,field_test
620,-1,19,0.5467174246580696,0.8547526562842633,pepper,False,True,out_of_distribution,coco_stuff_negatives,field_test
620,-1,27,0.5088178981790802,0.9262552483450616,eggplant,False,True,out_of_distribution,coco_stuff_negatives,field_test
620,-1,32,0.6690614523163224,0.7329148197446473,strawberry,False,True,out_of_distribution,coco_stuff_negatives,field_test
621,-1,0,0.4017394989305585,0.8542939081430238,tomato,False,True,out_of_distribution,coco_stuff_negatives,field_test
621,-1,11,0.3511240675830311,0.8162363547456473,cucumber,False,True,out_of_distribution,coco_stuff_negatives,field_test
621,-1,22,0.8579598311427141,0.6934240318187186,pepper,False,True,out_of_distribution,coco_stuff_negatives,field_test
621,-1,31,0.23098724145454208,0.8848594672283004,eggplant,False,True,out_of_distribution,coco_stuff_negatives,field_test
621,-1,32,0.3773574244627599,0.8419237585882948,strawberry,False,True,out_of_distribution,coco_stuff_negatives,field_test
622,-1,6,0.32302079402555656,0.9207990877059341,tomato,False,True,out_of_distribution,coco_stuff_negatives,field_test
622,-1,13,0.42747269322945813,0.8057912407982517,cucumber,False,True,out_of_distribution,coco_stuff_negatives,field_test
622,-1,24,0.7298931709834278,0.8426844583006604,pepper,False,True,out_of_distribution,coco_stuff_negatives,field_test
622,-1,27,0.38713163425443836,0.8767157063486852,eggplant,False,True,out_of_distribution,coco_stuff_negatives,field_test
622,-1,35,0.35249464309234285,0.842118963036684,strawberry,False,True,out_of_distribution,coco_stuff_negatives,field_test
623,-1,0,0.651639580694974,0.7589620360074977,tomato,False,True,out_of_distribution,coco_stuff_negatives,field_test
623,-1,11,0.4585303869954228,0.8153180598305879,cucumber,False,True,out_of_distribution,coco_stuff_negatives,field_test
623,-1,19,0.9449133645352422,0.6547016270822823,pepper,False,True,out_of_distribution,coco_stuff_negatives,field_test
623,-1,26,0.5496486183514204,0.7641107269889718,eggplant,False,True,out_of_distribution,coco_stuff_negatives,field_test
623,-1,32,0.7454929719350994,0.7258048111937181,strawberry,False,True,out_of_distribution,coco_stuff_negatives,field_test
624,-1,0,0.45112819478286315,0.9031531523023292,tomato,False,True,out_of_distribution,coco_stuff_negatives,field_test
624,-1,12,0.39542824583697134,0.8603847190797447,cucumber,False,True,out_of_distribution,coco_stuff_negatives,field_test
624,-1,22,0.732243664310036,0.7650259079626649,pepper,False,True,out_of_distribution,coco_stuff_negatives,field_test
624,-1,31,0.46909224861950716,1.003398406999494,eggplant,False,True,out_of_distribution,coco_stuff_negatives,field_test
624,-1,38,0.3454384988074831,0.8996036141129098,strawberry,False,True,out_of_distribution,coco_stuff_negatives,field_test
625,-1,1,0.2432547078098061,0.9469488625525806,tomato,False,True,out_of_distribution,coco_stuff_negatives,field_test
625,-1,15,0.29196209746390334,0.907905213848941,cucumber,False,True,out_of_distribution,coco_stuff_negatives,field_test
625,-1,21,0.4408853383807119,0.9543305645372452,pepper,False,True,out_of_distribution,coco_stuff_negatives,field_test
625,-1,28,0.3581118069471556,1.05024549898446,eggplant,False,True,out_of_distribution,coco_stuff_negatives,field_test
625,-1,35,0.28464044666191557,0.9158168439571065,strawberry,False,True,out_of_distribution,coco_stuff_negatives,field_test
626,-1,6,0.35463098357846223,0.882580592319317,tomato,False,True,out_of_distribution,coco_stuff_negatives,field_test
626,-1,14,0.32226719040500634,0.9556317743100531,cucumber,False,True,out_of_distribution,coco_stuff_negatives,field_test
626,-1,21,0.3730085403248605,0.9452477013079305,pepper,False,True,out_of_distribution,coco_stuff_negatives,field_test
626,-1,25,0.37251881258863917,0.9357525876690217,eggplant,False,True,out_of_distribution,coco_stuff_negatives,field_test
626,-1,33,0.16863588480266878,0.9753454105542858,strawberry,False,True,out_of_distribution,coco_stuff_negatives,field_test
627,-1,0,0.5968347612071915,0.8083462594262283,tomato,False,True,out_of_distribution,coco_stuff_negatives,field_test
627,-1,11,0.3570009778443856,0.8083316346504834,cucumber,False,True,out_of_distribution,coco_stuff_negatives,field_test
627,-1,22,0.3790469291375046,0.8576803949864447,pepper,False,True,out_of_distribution,coco_stuff_negatives,field_test
627,-1,26,0.2638439168870542,0.9276889225921506,eggplant,False,True,out_of_distribution,coco_stuff_negatives,field_test
627,-1,32,0.6623280100820834,0.7067016297508072,strawberry,False,True,out_of_distribution,coco_stuff_negatives,field_test
628,-1,0,0.6033693015916682,0.7761230298219622,tomato,False,True,out_of_distribution,coco_stuff_negatives,field_test
628,-1,12,0.38780247715091787,0.7836137256598181,cucumber,False,True,out_of_distribution,coco_stuff_negatives,field_test
628,-1,19,0.2300315973277661,0.7949523373429994,pepper,False,True,out_of_distribution,coco_stuff_negatives,field_test
628,-1,25,0.49747358791692137,0.7714251436524413,eggplant,False,True,out_of_distribution,coco_stuff_negatives,field_test
628,-1,37,0.36603811531593605,0.8331889422139653,strawberry,False,True,out_of_distribution,coco_stuff_negatives,field_test
629,-1,3,0.18938965574423763,0.9339548886923368,tomato,False,True,out_of_distribution,coco_stuff_negatives,field_test
629,-1,12,0.2471298097537727,0.8387246483590007,cucumber,False,True,out_of_distribution,coco_stuff_negatives,field_test
629,-1,20,0.39000156637194555,0.9019991722097772,pepper,False,True,out_of_distribution,coco_stuff_negatives,field_test
629,-1,25,0.2100849840561354,0.9729490986512741,eggplant,False,True,out_of_distribution,coco_stuff_negatives,field_test
629,-1,34,0.3250201967048256,0.8959588782369687,strawberry,False,True,out_of_distribution,coco_stuff_negatives,field_test
630,-1,3,0.41770593782139537,0.7461106367850667,tomato,False,True,out_of_distribution,coco_stuff_negatives,field_test
630,-1,15,0.24067498072094046,0.9213983334712653,cucumber,False,True,out_of_distribution,coco_stuff_negatives,field_test
630,-1,22,0.45803069194007134,0.8506572743933949,pepper,False,True,out_of_distribution,coco_stuff_negatives,field_test
630,-1,31,0.5081779737421231,0.7782048632394988,eggplant,False,True,out_of_distribution,coco_stuff_negatives,field_test
630,-1,35,0.3937966175780115,0.8049613871070048,strawberry,False,True,out_of_distribution,coco_stuff_negatives,field_test
631,-1,6,0.6036040126601996,0.7537404903104732,tomato,False,True,out_of_distribution,coco_stuff_negatives,field_test
631,-1,15,0.18611771680240544,0.9954382142791748,cucumber,False,True,out_of_distribution,coco_stuff_negatives,field_test
631,-1,23,0.7029582930964949,0.7403392010036611,pepper,False,True,out_of_distribution,coco_stuff_negatives,field_test
631,-1,26,0.26530336256018644,0.9342343098527994,eggplant,False,True,out_of_distribution,coco_stuff_negatives,field_test
631,-1,34,0.44373988276377396,0.8491680086625978,strawberry,False,True,out_of_distribution,coco_stuff_negatives,field_test
632,-1,1,0.6837775909804801,0.8754441788519505,tomato,False,True,out_of_distribution,coco_stuff_negatives,field_test
632,-1,16,0.17720666680741645,1.0363923697557254,cucumber,False,True,out_of_distribution,coco_stuff_negatives,field_test
632,-1,19,0.6831453219824203,0.7250699342533989,pepper,False,True,out_of_distribution,coco_stuff_negatives,field_test
632,-1,30,0.32351753669840183,0.8856929138878069,eggplant,False,True,out_of_distribution,coco_stuff_negatives,field_test
632,-1,37,0.27556399523681396,0.8843354968781535,strawberry,False,True,out_of_distribution,coco_stuff_negatives,field_test
633,-1,0,0.3708409306296861,0.8823591207029904,tomato,False,True,out_of_distribution,coco_stuff_negatives,field_test
633,-1,14,0.22013004865048863,0.9938675371900995,cucumber,False,True,out_of_distribution,coco_stuff_negatives,field_test
633,-1,21,0.5269716355624434,0.8466653804324924,pepper,False,True,out_of_distribution,coco_stuff_negatives,field_test
633,-1,31,0.3238033587155377,0.9175795297494012,eggplant,False,True,out_of_distribution,coco_stuff_negatives,field_test
633,-1,32,0.5425258680650116,0.8429570084761984,strawberry,False,True,out_of_distribution,coco_stuff_negatives,field_test
634,-1,6,0.6634423941014638,0.6616891734508188,tomato,False,True,out_of_distribution,coco_stuff_negatives,field_test
634,-1,17,0.2860853030188265,0.893617507151866,cucumber,False,True,out_of_distribution,coco_stuff_negatives,field_test
634,-1,22,0.29124870056871216,0.8270889093034346,pepper,False,True,out_of_distribution,coco_stuff_negatives,field_test
634,-1,26,0.3364986969623362,0.9620905720717051,eggplant,False,True,out_of_distribution,coco_stuff_negatives,field_test
634,-1,32,0.5509981451574041,0.8938666353806214,strawberry,False,True,out_of_distribution,coco_stuff_negatives,field_test
635,-1,8,0.251070716594466,0.8738674322867952,tomato,False,True,out_of_distribution,coco_stuff_negatives,field_test
635,-1,13,0.30990432789357336,0.7711231101465355,cucumber,False,True,out_of_distribution,coco_stuff_negatives,field_test
635,-1,19,0.2950057424480397,0.9486478589220231,pepper,False,True,out_of_distribution,coco_stuff_negatives,field_test
635,-1,27,0.5423512530437689,0.8808874777212286,eggplant,False,True,out_of_distribution,coco_stuff_negatives,field_test
635,-1,32,0.6317248640457197,0.765239543389352,strawberry,False,True,out_of_distribution,coco_stuff_negatives,field_test
636,-1,0,0.41785306350917784,0.8076639344215149,tomato,False,True,out_of_distribution,coco_stuff_negatives,field_test
636,-1,11,0.293524899508601,0.8457657554189221,cucumber,False,True,out_of_distribution,coco_stuff_negatives,field_test
636,-1,22,0.5119102560471497,0.8407368339151823,pepper,False,True,out_of_distribution,coco_stuff_negatives,field_test
636,-1,30,0.29337278778260534,0.8792036503993815,eggplant,False,True,out_of_distribution,coco_stuff_negatives,field_test
636,-1,32,0.2912228964696224,0.8433359045904445,strawberry,False,True,out_of_distribution,coco_stuff_negatives,field_test
637,-1,0,0.2778238263400606,0.8538201895796582,tomato,False,True,out_of_distribution,coco_stuff_negatives,field_test
637,-1,13,0.5495870000855296,0.9109747812007638,cucumber,False,True,out_of_distribution,coco_stuff_negatives,field_test
637,-1,20,0.4435738227417499,0.8619231073982073,pepper,False,True,out_of_distribution,coco_stuff_negatives,field_test
637,-1,27,0.3005882884818347,1.006034313488517,eggplant,False,True,out_of_distribution,coco_stuff_negatives,field_test
637,-1,32,0.4194453330111439,0.8268353341335445,strawberry,False,True,out_of_distribution,coco_stuff_negatives,field_test
638,-1,7,0.33719856414711746,0.8782709224938842,tomato,False,True,out_of_distribution,coco_stuff_negatives,field_test
638,-1,16,0.33533015701368624,0.8430582186348492,cucumber,False,True,out_of_distribution,coco_stuff_negatives,field_test
638,-1,22,0.7978440317123786,0.7695979582875945,pepper,False,True,out_of_distribution,coco_stuff_negatives,field_test
638,-1,28,0.5842973253904336,0.8909431407926549,eggplant,False,True,out_of_distribution,coco_stuff_negatives,field_test
638,-1,34,0.4244250954780692,0.8844804659463,strawberry,False,True,out_of_distribution,coco_stuff_negatives,field_test
639,-1,0,0.0,,tomato,False,False,camera_obscured,coco_stuff_negatives,field_test
639,-1,0,0.0,,cucumber,False,False,camera_obscured,coco_stuff_negatives,field_test
639,-1,0,0.0,,pepper,False,False,camera_obscured,coco_stuff_negatives,field_test
639,-1,0,0.0,,eggplant,False,False,camera_obscured,coco_stuff_negatives,field_test
639,-1,0,0.0,,strawberry,False,False,camera_obscured,coco_stuff_negatives,field_test
640,-1,0,0.2493692584328831,0.8946026196140149,tomato,False,True,out_of_distribution,coco_stuff_negatives,field_test
640,-1,11,0.2865254611567721,0.9116711712679365,cucumber,False,True,out_of_distribution,coco_stuff_negatives,field_test
640,-1,20,0.29819464531248624,0.934632520664418,pepper,False,True,out_of_distribution,coco_stuff_negatives,field_test
640,-1,31,0.35987180200974095,0.9763220829987765,eggplant,False,True,out_of_distribution,coco_stuff_negatives,field_test
640,-1,37,0.23823199973146114,0.9599494568809901,strawberry,False,True,out_of_distribution,coco_stuff_negatives,field_test
641,-1,0,0.0,,tomato,False,False,camera_obscured,coco_stuff_negatives,field_test
641,-1,0,0.0,,cucumber,False,False,camera_obscured,coco_stuff_negatives,field_test
641,-1,0,0.0,,pepper,False,False,camera_obscured,coco_stuff_negatives,field_test
641,-1,0,0.0,,eggplant,False,False,camera_obscured,coco_stuff_negatives,field_test
641,-1,0,0.0,,strawberry,False,False,camera_obscured,coco_stuff_negatives,field_test
642,-1,0,0.9322718606297051,0.665557674706668,tomato,False,True,out_of_distribution,coco_stuff_negatives,field_test
642,-1,11,0.40028377708515384,0.8736931110301134,cucumber,False,True,out_of_distribution,coco_stuff_negatives,field_test
642,-1,20,0.7720329127746449,0.6926527354444709,pepper,False,True,out_of_distribution,coco_stuff_negatives,field_test
642,-1,26,0.5763574039164866,0.6924827858698491,eggplant,False,True,out_of_distribution,coco_stuff_negatives,field_test
642,-1,32,0.5895917502046258,0.7384334936349384,strawberry,False,True,out_of_distribution,coco_stuff_negatives,field_test
643,-1,0,0.48504734895286783,0.8035210194637856,tomato,False,True,out_of_distribution,coco_stuff_negatives,field_test
643,-1,13,0.389563997293611,0.8673173506070215,cucumber,False,True,out_of_distribution,coco_stuff_negatives,field_test
643,-1,23,0.4715055058630018,0.8154973506842466,pepper,False,True,out_of_distribution,coco_stuff_negatives,field_test
643,-1,27,0.23733081841559106,0.8876988175298631,eggplant,False,True,out_of_distribution,coco_stuff_negatives,field_test
643,-1,32,0.4331486239197327,0.8004907831591431,strawberry,False,True,out_of_distribution,coco_stuff_negatives,field_test
644,-1,0,0.21835476806334547,0.9166029059114275,tomato,False,True,out_of_distribution,coco_stuff_negatives,field_test
644,-1,12,0.47471325214387494,0.8141332348886501,cucumber,False,True,out_of_distribution,coco_stuff_negatives,field_test
644,-1,22,0.6810156020212746,0.8303277328432213,pepper,False,True,out_of_distribution,coco_stuff_negatives,field_test
644,-1,31,0.35616693061157184,1.0229672708214712,eggplant,False,True,out_of_distribution,coco_stuff_negatives,field_test
644,-1,33,0.44679297571466364,0.8576639420621346,strawberry,False,True,out_of_distribution,coco_stuff_negatives,field_test
645,-1,0,0.3442174789778648,0.8360027074820969,tomato,False,True,out_of_distribution,coco_stuff_negatives,field_test
645,-1,13,0.5150492542544918,0.9092171409534122,cucumber,False,True,out_of_distribution,coco_stuff_negatives,field_test
645,-1,21,0.4981070296410302,0.8758816247136966,pepper,False,True,out_of_distribution,coco_stuff_negatives,field_test
645,-1,31,0.25767328252397226,1.0022571546428631,eggplant,False,True,out_of_distribution,coco_stuff_negatives,field_test
645,-1,32,0.2897903650559328,0.7776916500339791,strawberry,False,True,out_of_distribution,coco_stuff_negatives,field_test
646,-1,0,0.3592048365606191,0.901891744693377,tomato,False,True,out_of_distribution,coco_stuff_negatives,field_test
646,-1,17,0.31382477645040513,0.8822624163259363,cucumber,False,True,out_of_distribution,coco_stuff_negatives,field_test
646,-1,19,0.4299562901421091,0.7972415005833698,pepper,False,True,out_of_distribution,coco_stuff_negatives,field_test
646,-1,27,0.4906967520960858,0.9184696775894665,eggplant,False,True,out_of_distribution,coco_stuff_negatives,field_test
646,-1,32,0.4915407483668178,0.8765090796004127,strawberry,False,True,out_of_distribution,coco_stuff_negatives,field_test
647,-1,0,0.0,,tomato,False,False,camera_obscured,coco_stuff_negatives,field_test
647,-1,0,0.0,,cucumber,False,False,camera_obscured,coco_stuff_negatives,field_test
647,-1,0,0.0,,pepper,False,False,camera_obscured,coco_stuff_negatives,field_test
647,-1,0,0.0,,eggplant,False,False,camera_obscured,coco_stuff_negatives,field_test
647,-1,0,0.0,,strawberry,False,False,camera_obscured,coco_stuff_negatives,field_test
648,-1,0,0.5976684594904161,0.7693986021609442,tomato,False,True,out_of_distribution,coco_stuff_negatives,field_test
648,-1,16,0.2913414444769428,0.9809680516241565,cucumber,False,True,out_of_distribution,coco_stuff_negatives,field_test
648,-1,19,0.2885355642059916,0.877881480125219,pepper,False,True,out_of_distribution,coco_stuff_negatives,field_test
648,-1,31,0.7366127126296036,0.7612906059791483,eggplant,False,True,out_of_distribution,coco_stuff_negatives,field_test
648,-1,32,0.446082627002919,0.796901084851476,strawberry,False,True,out_of_distribution,coco_stuff_negatives,field_test
649,-1,4,0.3285445594310455,0.8703047881216676,tomato,False,True,out_of_distribution,coco_stuff_negatives,field_test
649,-1,11,0.6180241395367518,0.8402171538900722,cucumber,False,True,out_of_distribution,coco_stuff_negatives,field_test
649,-1,20,0.4551470738777012,0.8841814158070551,pepper,False,True,out_of_distribution,coco_stuff_negatives,field_test
649,-1,31,0.35020251436946914,0.8692790788565798,eggplant,False,True,out_of_distribution,coco_stuff_negatives,field_test
649,-1,33,0.4593517100050414,0.8229422655798883,strawberry,False,True,out_of_distribution,coco_stuff_negatives,field_test
650,-1,6,0.2651404808602851,0.9342218733821782,tomato,False,True,out_of_distribution,coco_stuff_negatives,field_test
650,-1,18,0.27805354585751907,0.9687754666576762,cucumber,False,True,out_of_distribution,coco_stuff_negatives,field_test
650,-1,20,0.44789450853823604,0.8485085472712087,pepper,False,True,out_of_distribution,coco_stuff_negatives,field_test
650,-1,26,0.2602042447245949,0.9607171634692643,eggplant,False,True,out_of_distribution,coco_stuff_negatives,field_test
650,-1,35,0.2343656053714992,0.9832738403192927,strawberry,False,True,out_of_distribution,coco_stuff_negatives,field_test
651,-1,6,0.43033458775568567,0.7914768641810754,tomato,False,True,out_of_distribution,coco_stuff_negatives,field_test
651,-1,13,0.39117347452537665,0.9013942470520712,cucumber,False,True,out_of_distribution,coco_stuff_negatives,field_test
651,-1,22,0.9053161146192177,0.7270135005144833,pepper,False,True,out_of_distribution,coco_stuff_negatives,field_test
651,-1,26,0.287912301053367,0.922855249821627,eggplant,False,True,out_of_distribution,coco_stuff_negatives,field_test
651,-1,32,0.29605861027469826,0.9095184778764608,strawberry,False,True,out_of_distribution,coco_stuff_negatives,field_test
652,-1,0,0.6270933374309116,0.8982304653116107,tomato,False,True,out_of_distribution,coco_stuff_negatives,field_test
652,-1,12,0.3443250517788046,0.859549012485399,cucumber,False,True,out_of_distribution,coco_stuff_negatives,field_test
652,-1,22,0.805558531018765,0.7832667755341473,pepper,False,True,out_of_distribution,coco_stuff_negatives,field_test
652,-1,27,0.3023982448041113,0.9706704172293177,eggplant,False,True,out_of_distribution,coco_stuff_negatives,field_test
652,-1,34,0.3288398480015679,0.8585376076818108,strawberry,False,True,out_of_distribution,coco_stuff_negatives,field_test
653,-1,0,0.28589288244371475,0.9382978145592129,tomato,False,True,out_of_distribution,coco_stuff_negatives,field_test
653,-1,13,0.4093124265343727,0.7955650544377957,cucumber,False,True,out_of_distribution,coco_stuff_negatives,field_test
653,-1,22,0.2809310664780212,0.9655390181044339,pepper,False,True,out_of_distribution,coco_stuff_negatives,field_test
653,-1,27,0.32404922583065043,0.956128116776269,eggplant,False,True,out_of_distribution,coco_stuff_negatives,field_test
653,-1,32,0.6942740821511684,0.7918313534642327,strawberry,False,True,out_of_distribution,coco_stuff_negatives,field_test
654,-1,3,0.3647190550798402,0.8962544529441967,tomato,False,True,out_of_distribution,coco_stuff_negatives,field_test
654,-1,11,0.21692696243456502,0.8858280322518577,cucumber,False,True,out_of_distribution,coco_stuff_negatives,field_test
654,-1,22,0.47858579131157486,0.8256312747897677,pepper,False,True,out_of_distribution,coco_stuff_negatives,field_test
654,-1,31,0.5412598332145193,0.9104379385598667,eggplant,False,True,out_of_distribution,coco_stuff_negatives,field_test
654,-1,32,0.3841915364721635,0.934705759980796,strawberry,False,True,out_of_distribution,coco_stuff_negatives,field_test
655,-1,5,0.3521173490979938,0.8386934136801587,tomato,False,True,out_of_distribution,coco_stuff_negatives,field_test
655,-1,11,0.382892196308752,0.8716580988361412,cucumber,False,True,out_of_distribution,coco_stuff_negatives,field_test
655,-1,20,0.5833235836126535,0.8037982551284069,pepper,False,True,out_of_distribution,coco_stuff_negatives,field_test
655,-1,26,0.35991147745940305,0.8623184891133975,eggplant,False,True,out_of_distribution,coco_stuff_negatives,field_test
655,-1,37,0.2575596442152948,0.9173173931485739,strawberry,False,True,out_of_distribution,coco_stuff_negatives,field_test
656,-1,0,0.0,,tomato,False,False,camera_obscured,coco_stuff_negatives,field_test
656,-1,0,0.0,,cucumber,False,False,camera_obscured,coco_stuff_negatives,field_test
656,-1,0,0.0,,pepper,False,False,camera_obscured,coco_stuff_negatives,field_test
656,-1,0,0.0,,eggplant,False,False,camera_obscured,coco_stuff_negatives,field_test
656,-1,0,0.0,,strawberry,False,False,camera_obscured,coco_stuff_negatives,field_test
657,-1,0,0.3088584762809534,0.8559365414191518,tomato,False,True,out_of_distribution,coco_stuff_negatives,field_test
657,-1,11,0.38397996341920815,0.8425560185889298,cucumber,False,True,out_of_distribution,coco_stuff_negatives,field_test
657,-1,22,0.4806340697353504,0.8754582263120871,pepper,False,True,out_of_distribution,coco_stuff_negatives,field_test
657,-1,25,0.33677228124122077,0.8986665001737546,eggplant,False,True,out_of_distribution,coco_stuff_negatives,field_test
657,-1,38,0.41507485407036493,0.7665683815049051,strawberry,False,True,out_of_distribution,coco_stuff_negatives,field_test
658,-1,0,0.43259797182043025,0.8603077813950727,tomato,False,True,out_of_distribution,coco_stuff_negatives,field_test
658,-1,11,0.2834795185614979,0.8094896745352382,cucumber,False,True,out_of_distribution,coco_stuff_negatives,field_test
658,-1,22,0.6168175705455132,0.8758835697828398,pepper,False,True,out_of_distribution,coco_stuff_negatives,field_test
658,-1,31,0.4683440479204392,0.8343125351934135,eggplant,False,True,out_of_distribution,coco_stuff_negatives,field_test
658,-1,32,0.37041433992609685,0.8562634001753144,strawberry,False,True,out_of_distribution,coco_stuff_negatives,field_test
659,-1,4,0.3374064020093569,0.8637703839033903,tomato,False,True,out_of_distribution,coco_stuff_negatives,field_test
659,-1,12,0.24090095458803568,0.9475383877177381,cucumber,False,True,out_of_distribution,coco_stuff_negatives,field_test
659,-1,21,0.4363359194817047,0.965951784595929,pepper,False,True,out_of_distribution,coco_stuff_negatives,field_test
659,-1,31,0.34713498253100583,0.9314435390167329,eggplant,False,True,out_of_distribution,coco_stuff_negatives,field_test
659,-1,33,0.5431397591770647,0.8089727402773601,strawberry,False,True,out_of_distribution,coco_stuff_negatives,field_test
660,-1,0,0.5366787075958517,0.8173798721945509,tomato,False,True,out_of_distribution,coco_stuff_negatives,field_test
660,-1,12,0.4177247450797271,0.9218160695709599,cucumber,False,True,out_of_distribution,coco_stuff_negatives,field_test
660,-1,20,0.447383205508217,0.9121569566408575,pepper,False,True,out_of_distribution,coco_stuff_negatives,field_test
660,-1,27,0.406216443356889,0.9448643540668673,eggplant,False,True,out_of_distribution,coco_stuff_negatives,field_test
660,-1,32,0.6308812100001508,0.7526571314949984,strawberry,False,True,out_of_distribution,coco_stuff_negatives,field_test
661,-1,0,0.5532862973829993,0.8089392507792594,tomato,False,True,out_of_distribution,coco_stuff_negatives,field_test
661,-1,11,0.4206456889508924,0.8472128123211309,cucumber,False,True,out_of_distribution,coco_stuff_negatives,field_test
661,-1,24,0.6204175623249841,0.7450344050055258,pepper,False,True,out_of_distribution,coco_stuff_negatives,field_test
661,-1,31,0.5668573499285332,0.8477636929236545,eggplant,False,True,out_of_distribution,coco_stuff_negatives,field_test
661,-1,38,0.24953964050874008,0.9017549319009666,strawberry,False,True,out_of_distribution,coco_stuff_negatives,field_test
662,-1,3,0.40432666698267367,0.7979479557719871,tomato,False,True,out_of_distribution,coco_stuff_negatives,field_test
662,-1,18,0.33088045130197186,0.9187078259603695,cucumber,False,True,out_of_distribution,coco_stuff_negatives,field_test
662,-1,22,0.6085651718337929,0.769421047791824,pepper,False,True,out_of_distribution,coco_stuff_negatives,field_test
662,-1,31,0.41798383774324455,0.8384988120482186,eggplant,False,True,out_of_distribution,coco_stuff_negatives,field_test
662,-1,32,0.24993353243981864,0.9267863828128127,strawberry,False,True,out_of_distribution,coco_stuff_negatives,field_test
663,-1,7,0.26735057798037853,0.9046456686482329,tomato,False,True,out_of_distribution,coco_stuff_negatives,field_test
663,-1,11,0.4927575304893905,0.8540520720071859,cucumber,False,True,out_of_distribution,coco_stuff_negatives,field_test
663,-1,22,0.5826622409916864,0.7792838682853701,pepper,False,True,out_of_distribution,coco_stuff_negatives,field_test
663,-1,29,0.2755972437826947,0.9673756742813806,eggplant,False,True,out_of_distribution,coco_stuff_negatives,field_test
663,-1,34,0.29054555071564686,0.862844912932368,strawberry,False,True,out_of_distribution,coco_stuff_negatives,field_test
664,-1,6,0.35317520841468036,0.7419442013007711,tomato,False,True,out_of_distribution,coco_stuff_negatives,field_test
664,-1,18,0.2795325476786929,0.9641407981342588,cucumber,False,True,out_of_distribution,coco_stuff_negatives,field_test
664,-1,21,0.2695619747316318,1.0042991979377078,pepper,False,True,out_of_distribution,coco_stuff_negatives,field_test
664,-1,31,0.31345970857702793,0.9207670262977059,eggplant,False,True,out_of_distribution,coco_stuff_negatives,field_test
664,-1,32,0.393533611987201,0.8613362859461784,strawberry,False,True,out_of_distribution,coco_stuff_negatives,field_test
665,-1,8,0.3119932865138488,0.8172043461765034,tomato,False,True,out_of_distribution,coco_stuff_negatives,field_test
665,-1,17,0.34648025552483624,0.7954058124704972,cucumber,False,True,out_of_distribution,coco_stuff_negatives,field_test
665,-1,22,0.4897423423764552,0.8612088296714342,pepper,False,True,out_of_distribution,coco_stuff_negatives,field_test
665,-1,25,0.28968329691392164,0.9870937496969924,eggplant,False,True,out_of_distribution,coco_stuff_negatives,field_test
665,-1,38,0.27989481009454553,0.9248447200611811,strawberry,False,True,out_of_distribution,coco_stuff_negatives,field_test
666,-1,7,0.15574437339527802,0.8896633047948805,tomato,False,True,out_of_distribution,coco_stuff_negatives,field_test
666,-1,15,0.48317342765414395,0.8271575673431932,cucumber,False,True,out_of_distribution,coco_stuff_negatives,field_test
666,-1,19,0.4728786458955913,0.8727713512271967,pepper,False,True,out_of_distribution,coco_stuff_negatives,field_test
666,-1,31,0.42122300422256853,0.884272118353199,eggplant,False,True,out_of_distribution,coco_stuff_negatives,field_test
666,-1,37,0.29792918054618484,0.9518265385360771,strawberry,False,True,out_of_distribution,coco_stuff_negatives,field_test
667,-1,0,0.4624415482525112,0.7622395790861123,tomato,False,True,out_of_distribution,coco_stuff_negatives,field_test
667,-1,14,0.4300462241312484,0.87396384923785,cucumber,False,True,out_of_distribution,coco_stuff_negatives,field_test
667,-1,22,0.3010008501230551,0.8453047405267315,pepper,False,True,out_of_distribution,coco_stuff_negatives,field_test
667,-1,26,0.3420252915590236,0.932574594843202,eggplant,False,True,out_of_distribution,coco_stuff_negatives,field_test
667,-1,32,0.5103658792286956,0.8056091828053402,strawberry,False,True,out_of_distribution,coco_stuff_negatives,field_test
668,-1,8,0.20418070783319822,0.7884373338679933,tomato,False,True,out_of_distribution,coco_stuff_negatives,field_test
668,-1,13,0.6072744620347492,0.6289064047928825,cucumber,False,True,out_of_distribution,coco_stuff_negatives,field_test
668,-1,23,0.26470814030033596,0.9138838199964125,pepper,False,True,out_of_distribution,coco_stuff_negatives,field_test
668,-1,27,0.40073869484304425,0.8600748248086093,eggplant,False,True,out_of_distribution,coco_stuff_negatives,field_test
668,-1,32,0.24442661623377607,0.8794842019915342,strawberry,False,True,out_of_distribution,coco_stuff_negatives,field_test
669,-1,0,0.633326935855823,0.8730009525190059,tomato,False,True,out_of_distribution,coco_stuff_negatives,field_test
669,-1,18,0.3038923177489478,0.9630344935540384,cucumber,False,True,out_of_distribution,coco_stuff_negatives,field_test
669,-1,23,0.4691067354750375,0.9189151779384338,pepper,False,True,out_of_distribution,coco_stuff_negatives,field_test
669,-1,29,0.39457913852063786,0.8441631213109246,eggplant,False,True,out_of_distribution,coco_stuff_negatives,field_test
669,-1,35,0.5837037286071922,0.7778209246970245,strawberry,False,True,out_of_distribution,coco_stuff_negatives,field_test
670,-1,0,0.7159142516256068,0.8257099535452482,tomato,False,True,out_of_distribution,coco_stuff_negatives,field_test
670,-1,12,0.3241797025612786,0.789624379017497,cucumber,False,True,out_of_distribution,coco_stuff_negatives,field_test
670,-1,22,0.5473893264414079,0.9074093461638011,pepper,False,True,out_of_distribution,coco_stuff_negatives,field_test
670,-1,27,0.3326444999243972,0.8812263862268442,eggplant,False,True,out_of_distribution,coco_stuff_negatives,field_test
670,-1,32,0.5323518210816367,0.8027946138889077,strawberry,False,True,out_of_distribution,coco_stuff_negatives,field_test
671,-1,0,0.28571254529190115,0.7810570680241824,tomato,False,True,out_of_distribution,coco_stuff_negatives,field_test
671,-1,11,0.6597354844849123,0.6895974577879977,cucumber,False,True,out_of_distribution,coco_stuff_negatives,field_test
671,-1,19,0.5310082635196133,0.8306461619275618,pepper,False,True,out_of_distribution,coco_stuff_negatives,field_test
671,-1,25,0.39194391149504565,0.764059674966811,eggplant,False,True,out_of_distribution,coco_stuff_negatives,field_test
671,-1,32,0.39507994958118214,0.8107570101963602,strawberry,False,True,out_of_distribution,coco_stuff_negatives,field_test
672,-1,0,0.5906644886949005,0.7589013236318878,tomato,False,True,out_of_distribution,coco_stuff_negatives,field_test
672,-1,11,0.4379907389604915,0.738700102687409,cucumber,False,True,out_of_distribution,coco_stuff_negatives,field_test
672,-1,22,0.5940149296291558,0.6816315263459464,pepper,False,True,out_of_distribution,coco_stuff_negatives,field_test
672,-1,25,0.3133249644384758,0.7805522965572351,eggplant,False,True,out_of_distribution,coco_stuff_negatives,field_test
672,-1,37,0.4928690078019729,0.806389427826432,strawberry,False,True,out_of_distribution,coco_stuff_negatives,field_test
673,-1,5,0.21195415784090793,0.8497188710389278,tomato,False,True,out_of_distribution,coco_stuff_negatives,field_test
673,-1,11,0.3981244933926033,0.8220853679281906,cucumber,False,True,out_of_distribution,coco_stuff_negatives,field_test
673,-1,20,0.328257625780222,0.8947135960714271,pepper,False,True,out_of_distribution,coco_stuff_negatives,field_test
673,-1,27,0.3600801884917231,0.8892445747221451,eggplant,False,True,out_of_distribution,coco_stuff_negatives,field_test
673,-1,33,0.24657421244807476,0.8651165383329209,strawberry,False,True,out_of_distribution,coco_stuff_negatives,field_test
674,-1,4,0.44146260799725134,0.8369345618250451,tomato,False,True,out_of_distribution,coco_stuff_negatives,field_test
674,-1,12,0.4640698747883745,0.9036572904889841,cucumber,False,True,out_of_distribution,coco_stuff_negatives,field_test
674,-1,19,0.5565125842472306,0.8557039754902673,pepper,False,True,out_of_distribution,coco_stuff_negatives,field_test
674,-1,31,0.4088895396583514,0.9849152053134443,eggplant,False,True,out_of_distribution,coco_stuff_negatives,field_test
674,-1,32,0.3945614573140251,0.9338458122757933,strawberry,False,True,out_of_distribution,coco_stuff_negatives,field_test
675,-1,6,0.4980320448997272,0.7786145945083311,tomato,False,True,out_of_distribution,coco_stuff_negatives,field_test
675,-1,18,0.4707034707240432,0.8346976052449869,cucumber,False,True,out_of_distribution,coco_stuff_negatives,field_test
675,-1,22,0.6642368994766938,0.7967505362715931,pepper,False,True,out_of_distribution,coco_stuff_negatives,field_test
675,-1,31,0.43049371990537544,0.8093213963500274,eggplant,False,True,out_of_distribution,coco_stuff_negatives,field_test
675,-1,35,0.5475356548303637,0.7619306544829669,strawberry,False,True,out_of_distribution,coco_stuff_negatives,field_test
676,-1,6,0.3867696304444661,0.7321649815432025,tomato,False,True,out_of_distribution,coco_stuff_negatives,field_test
676,-1,11,0.2548638840262574,0.836238873478754,cucumber,False,True,out_of_distribution,coco_stuff_negatives,field_test
676,-1,19,0.4461408566687399,0.8616788830851116,pepper,False,True,out_of_distribution,coco_stuff_negatives,field_test
676,-1,31,0.4564917358668318,0.8907022906617865,eggplant,False,True,out_of_distribution,coco_stuff_negatives,field_test
676,-1,32,0.5422421729008726,0.6885145891509861,strawberry,False,True,out_of_distribution,coco_stuff_negatives,field_test
677,-1,0,0.8371502490004219,0.5774047353132283,tomato,False,True,out_of_distribution,coco_stuff_negatives,field_test
677,-1,15,0.4177578373438008,0.8509177828691384,cucumber,False,True,out_of_distribution,coco_stuff_negatives,field_test
677,-1,19,0.6887772589578397,0.6340860608345287,pepper,False,True,out_of_distribution,coco_stuff_negatives,field_test
677,-1,25,0.8067614712671474,0.6127591709355313,eggplant,False,True,out_of_distribution,coco_stuff_negatives,field_test
677,-1,32,0.5618976019265012,0.6754529289608513,strawberry,False,True,out_of_distribution,coco_stuff_negatives,field_test
678,-1,4,0.4267494205615181,0.8956082869638881,tomato,False,True,out_of_distribution,coco_stuff_negatives,field_test
678,-1,11,0.3902523699555409,0.8743353074888278,cucumber,False,True,out_of_distribution,coco_stuff_negatives,field_test
678,-1,20,0.4749205720235764,0.8937433319024173,pepper,False,True,out_of_distribution,coco_stuff_negatives,field_test
678,-1,27,0.47102114724892413,0.869901580116013,eggplant,False,True,out_of_distribution,coco_stuff_negatives,field_test
678,-1,33,0.5570586248272158,0.8723748067365967,strawberry,False,True,out_of_distribution,coco_stuff_negatives,field_test
679,-1,4,0.372961168210448,0.9252096560299194,tomato,False,True,out_of_distribution,coco_stuff_negatives,field_test
679,-1,11,0.46923543495550313,0.7789755042399261,cucumber,False,True,out_of_distribution,coco_stuff_negatives,field_test
679,-1,20,0.3492659241100523,0.8806292842202808,pepper,False,True,out_of_distribution,coco_stuff_negatives,field_test
679,-1,26,0.5368971000933017,0.8932677472088637,eggplant,False,True,out_of_distribution,coco_stuff_negatives,field_test
679,-1,38,0.3948958456878991,0.8283263655899988,strawberry,False,True,out_of_distribution,coco_stuff_negatives,field_test
680,-1,0,0.4985488602734247,0.7230476284367386,tomato,False,True,out_of_distribution,coco_stuff_negatives,field_test
680,-1,12,0.5199945893754111,0.8992840188809266,cucumber,False,True,out_of_distribution,coco_stuff_negatives,field_test
680,-1,19,0.29289126625150286,0.7952633696111935,pepper,False,True,out_of_distribution,coco_stuff_negatives,field_test
680,-1,25,0.4338217720435563,0.7632221084804087,eggplant,False,True,out_of_distribution,coco_stuff_negatives,field_test
680,-1,32,0.31315662269443745,0.7729166082135438,strawberry,False,True,out_of_distribution,coco_stuff_negatives,field_test
681,-1,5,0.3729293525065496,0.8366086027464126,tomato,False,True,out_of_distribution,coco_stuff_negatives,field_test
681,-1,11,0.2899745492209668,0.9242887430108536,cucumber,False,True,out_of_distribution,coco_stuff_negatives,field_test
681,-1,22,0.41449678716249905,0.8637073424084821,pepper,False,True,out_of_distribution,coco_stuff_negatives,field_test
681,-1,26,0.30987402618099547,0.9031269144427674,eggplant,False,True,out_of_distribution,coco_stuff_negatives,field_test
681,-1,35,0.25882315372603265,0.9298054328370231,strawberry,False,True,out_of_distribution,coco_stuff_negatives,field_test
682,-1,6,0.37575215928235,0.8064085447125402,tomato,False,True,out_of_distribution,coco_stuff_negatives,field_test
682,-1,15,0.35791913942973236,0.9004176048634255,cucumber,False,True,out_of_distribution,coco_stuff_negatives,field_test
682,-1,19,0.3790186241128325,0.9628804829636812,pepper,False,True,out_of_distribution,coco_stuff_negatives,field_test
682,-1,25,0.38472775673567244,0.965883452609898,eggplant,False,True,out_of_distribution,coco_stuff_negatives,field_test
682,-1,34,0.2966281673626523,0.9387515830342662,strawberry,False,True,out_of_distribution,coco_stuff_negatives,field_test
683,-1,7,0.2834049460509063,0.8803882112941104,tomato,False,True,out_of_distribution,coco_stuff_negatives,field_test
683,-1,17,0.3410510516716364,0.962137096278194,cucumber,False,True,out_of_distribution,coco_stuff_negatives,field_test
683,-1,19,0.336355490840816,0.7048179487839369,pepper,False,True,out_of_distribution,coco_stuff_negatives,field_test
683,-1,31,0.30960565547987623,0.981480495394406,eggplant,False,True,out_of_distribution,coco_stuff_negatives,field_test
683,-1,35,0.24249777042601833,0.9580938078020093,strawberry,False,True,out_of_distribution,coco_stuff_negatives,field_test
684,-1,3,0.18441699963826905,0.8237109475697406,tomato,False,True,out_of_distribution,coco_stuff_negatives,field_test
684,-1,18,0.26016346417293434,0.9475916261009525,cucumber,False,True,out_of_distribution,coco_stuff_negatives,field_test
684,-1,19,0.40423457390741663,0.9072669352981905,pepper,False,True,out_of_distribution,coco_stuff_negatives,field_test
684,-1,26,0.3638708553626852,0.9536162341300101,eggplant,False,True,out_of_distribution,coco_stuff_negatives,field_test
684,-1,35,0.4334076354679983,0.7431176540806578,strawberry,False,True,out_of_distribution,coco_stuff_negatives,field_test
685,-1,1,0.49238306118226566,0.8750081761471148,tomato,False,True,out_of_distribution,coco_stuff_negatives,field_test
685,-1,11,0.362978058323437,0.8071316979796558,cucumber,False,True,out_of_distribution,coco_stuff_negatives,field_test
685,-1,19,0.8232001040195427,0.6895403786834431,pepper,False,True,out_of_distribution,coco_stuff_negatives,field_test
685,-1,26,0.5415335597579386,0.7911699575876086,eggplant,False,True,out_of_distribution,coco_stuff_negatives,field_test
685,-1,32,0.3928205577002175,0.8331256483951971,strawberry,False,True,out_of_distribution,coco_stuff_negatives,field_test
686,-1,0,0.469897985078659,0.8207064972273383,tomato,False,True,out_of_distribution,coco_stuff_negatives,field_test
686,-1,11,0.36220474091987787,0.7900383173714682,cucumber,False,True,out_of_distribution,coco_stuff_negatives,field_test
686,-1,19,0.35045483551293566,0.8769362377521475,pepper,False,True,out_of_distribution,coco_stuff_negatives,field_test
686,-1,27,0.41183378755349603,0.8855413847188996,eggplant,False,True,out_of_distribution,coco_stuff_negatives,field_test
686,-1,32,0.577021263357101,0.7378481115910209,strawberry,False,True,out_of_distribution,coco_stuff_negatives,field_test
687,-1,0,0.882089480324313,0.7196869300612696,tomato,False,True,out_of_distribution,coco_stuff_negatives,field_test
687,-1,11,0.7746588891666083,0.618317406013287,cucumber,False,True,out_of_distribution,coco_stuff_negatives,field_test
687,-1,19,0.538432684585708,0.773895966649125,pepper,False,True,out_of_distribution,coco_stuff_negatives,field_test
687,-1,25,0.5932642053674153,0.7665335441384662,eggplant,False,True,out_of_distribution,coco_stuff_negatives,field_test
687,-1,32,0.6358143956438678,0.6849602716780873,strawberry,False,True,out_of_distribution,coco_stuff_negatives,field_test
688,-1,0,0.5029744493396746,0.9232296475427554,tomato,False,True,out_of_distribution,coco_stuff_negatives,field_test
688,-1,15,0.6126904080871786,0.7265528793946581,cucumber,False,True,out_of_distribution,coco_stuff_negatives,field_test
688,-1,22,0.573863145165208,0.7405976155575646,pepper,False,True,out_of_distribution,coco_stuff_negatives,field_test
688,-1,31,0.49652163860034376,0.739618975046031,eggplant,False,True,out_of_distribution,coco_stuff_negatives,field_test
688,-1,32,0.47574461073336927,0.862565973785322,strawberry,False,True,out_of_distribution,coco_stuff_negatives,field_test
689,-1,3,0.3351343781085539,0.8694547588944619,tomato,False,True,out_of_distribution,coco_stuff_negatives,field_test
689,-1,12,0.2642231399765708,0.8929474185225513,cucumber,False,True,out_of_distribution,coco_stuff_negatives,field_test
689,-1,20,0.40774096135957083,0.8868516852575059,pepper,False,True,out_of_distribution,coco_stuff_negatives,field_test
689,-1,31,0.3612222317535707,0.9054539346210418,eggplant,False,True,out_of_distribution,coco_stuff_negatives,field_test
689,-1,35,0.6212046602874226,0.8202286795368605,strawberry,False,True,out_of_distribution,coco_stuff_negatives,field_test
690,-1,10,0.34197883955148684,0.9275055628627367,tomato,False,True,out_of_distribution,coco_stuff_negatives,field_test
690,-1,11,0.682172315054354,0.8416448653977016,cucumber,False,True,out_of_distribution,coco_stuff_negatives,field_test
690,-1,20,0.4702103327246552,0.7116660869355829,pepper,False,True,out_of_distribution,coco_stuff_negatives,field_test
690,-1,26,0.609122777793736,0.7650306247715952,eggplant,False,True,out_of_distribution,coco_stuff_negatives,field_test
690,-1,33,0.32534382430276704,0.7714310053969147,strawberry,False,True,out_of_distribution,coco_stuff_negatives,field_test
691,-1,0,0.4697952550739348,0.8417249467955663,tomato,False,True,out_of_distribution,coco_stuff_negatives,field_test
691,-1,11,0.38070052602778764,0.8275035846080159,cucumber,False,True,out_of_distribution,coco_stuff_negatives,field_test
691,-1,19,0.7721894097709331,0.8719194417250773,pepper,False,True,out_of_distribution,coco_stuff_negatives,field_test
691,-1,27,0.36242345363237,0.9152919034790457,eggplant,False,True,out_of_distribution,coco_stuff_negatives,field_test
691,-1,32,0.38554510819684606,0.8237985510678074,strawberry,False,True,out_of_distribution,coco_stuff_negatives,field_test
692,-1,0,0.8247145630777177,0.6906991635299433,tomato,False,True,out_of_distribution,coco_stuff_negatives,field_test
692,-1,11,0.38661699442928676,0.7701074591830428,cucumber,False,True,out_of_distribution,coco_stuff_negatives,field_test
692,-1,20,0.5599437177789075,0.7725109272734634,pepper,False,True,out_of_distribution,coco_stuff_negatives,field_test
692,-1,26,0.7780394545565585,0.6801300137499163,eggplant,False,True,out_of_distribution,coco_stuff_negatives,field_test
692,-1,33,0.2690367331608385,0.8549093730060237,strawberry,False,True,out_of_distribution,coco_stuff_negatives,field_test
693,-1,3,0.5578588443492292,0.8005229181017037,tomato,False,True,out_of_distribution,coco_stuff_negatives,field_test
693,-1,11,0.2549352438031491,0.8837152125499648,cucumber,False,True,out_of_distribution,coco_stuff_negatives,field_test
693,-1,22,0.6661358129755094,0.8539424210783525,pepper,False,True,out_of_distribution,coco_stuff_negatives,field_test
693,-1,31,0.2160362762888008,0.9523544529959322,eggplant,False,True,out_of_distribution,coco_stuff_negatives,field_test
693,-1,32,0.327732223128418,0.9186364200589786,strawberry,False,True,out_of_distribution,coco_stuff_negatives,field_test
694,-1,0,0.0,,tomato,False,False,camera_obscured,coco_stuff_negatives,field_test
694,-1,0,0.0,,cucumber,False,False,camera_obscured,coco_stuff_negatives,field_test
694,-1,0,0.0,,pepper,False,False,camera_obscured,coco_stuff_negatives,field_test
694,-1,0,0.0,,eggplant,False,False,camera_obscured,coco_stuff_negatives,field_test
694,-1,0,0.0,,strawberry,False,False,camera_obscured,coco_stuff_negatives,field_test
695,-1,0,0.7822432243675346,0.6589728720040522,tomato,False,True,out_of_distribution,coco_stuff_negatives,field_test
695,-1,11,0.41457781442950986,0.7017442019684039,cucumber,False,True,out_of_distribution,coco_stuff_negatives,field_test
695,-1,19,0.6366261825920487,0.6967392769120373,pepper,False,True,out_of_distribution,coco_stuff_negatives,field_test
695,-1,25,0.5253905974164563,0.7303378273548512,eggplant,False,True,out_of_distribution,coco_stuff_negatives,field_test
695,-1,32,0.8410899665850416,0.5785710859451365,strawberry,False,True,out_of_distribution,coco_stuff_negatives,field_test
696,-1,0,0.7713947080153365,0.735554423797423,tomato,False,True,out_of_distribution,coco_stuff_negatives,field_test
696,-1,11,0.22285525069395043,0.8394574123189278,cucumber,False,True,out_of_distribution,coco_stuff_negatives,field_test
696,-1,24,0.2368305087126743,0.9331832899567699,pepper,False,True,out_of_distribution,coco_stuff_negatives,field_test
696,-1,31,0.3096274229473171,0.8777266203330825,eggplant,False,True,out_of_distribution,coco_stuff_negatives,field_test
696,-1,37,0.47777740623890086,0.932769798472745,strawberry,False,True,out_of_distribution,coco_stuff_negatives,field_test
697,-1,0,0.4784259630894294,0.8062087381862929,tomato,False,True,out_of_distribution,coco_stuff_negatives,field_test
697,-1,11,0.3010456580812823,0.8416392288031863,cucumber,False,True,out_of_distribution,coco_stuff_negatives,field_test
697,-1,19,0.8205985557030092,0.7621587084881871,pepper,False,True,out_of_distribution,coco_stuff_negatives,field_test
697,-1,25,0.36553234323362943,0.8444006021686309,eggplant,False,True,out_of_distribution,coco_stuff_negatives,field_test
697,-1,32,0.4983760708943449,0.7706826723904407,strawberry,False,True,out_of_distribution,coco_stuff_negatives,field_test
698,-1,0,0.48255248512343163,0.8387351034755421,tomato,False,True,out_of_distribution,coco_stuff_negatives,field_test
698,-1,11,0.2278830411414937,0.8287581750546344,cucumber,False,True,out_of_distribution,coco_stuff_negatives,field_test
698,-1,19,0.5100750961263133,0.8452843050065186,pepper,False,True,out_of_distribution,coco_stuff_negatives,field_test
698,-1,25,0.2885916931151003,0.8729489424537249,eggplant,False,True,out_of_distribution,coco_stuff_negatives,field_test
698,-1,32,0.4919225825393055,0.8254217705002597,strawberry,False,True,out_of_distribution,coco_stuff_negatives,field_test
699,-1,0,0.611543423937805,0.7319287057496242,tomato,False,True,out_of_distribution,coco_stuff_negatives,field_test
699,-1,16,0.2015975434633214,1.0261817998140674,cucumber,False,True,out_of_distribution,coco_stuff_negatives,field_test
699,-1,19,0.6464490367514997,0.8400275768684495,pepper,False,True,out_of_distribution,coco_stuff_negatives,field_test
699,-1,29,0.2618879590885277,0.8468200223485607,eggplant,False,True,out_of_distribution,coco_stuff_negatives,field_test
699,-1,32,0.5457387739826378,0.7996434860288657,strawberry,False,True,out_of_distribution,coco_stuff_negatives,field_test
700,-1,0,0.6946796027702296,0.7446874742361912,tomato,False,True,out_of_distribution,coco_stuff_negatives,field_test
700,-1,12,0.5258932255937893,0.8422895123417627,cucumber,False,True,out_of_distribution,coco_stuff_negatives,field_test
700,-1,23,0.6758097240798295,0.7817913270859389,pepper,False,True,out_of_distribution,coco_stuff_negatives,field_test
700,-1,27,0.7640253432703483,0.8472004025926342,eggplant,False,True,out_of_distribution,coco_stuff_negatives,field_test
700,-1,32,0.5253518156644211,0.6963075992506755,strawberry,False,True,out_of_distribution,coco_stuff_negatives,field_test
701,-1,0,0.8324279470733339,0.8195208459659078,tomato,False,True,out_of_distribution,coco_stuff_negatives,field_test
701,-1,16,0.35596780503646624,0.8575766190085967,cucumber,False,True,out_of_distribution,coco_stuff_negatives,field_test
701,-1,19,0.6549435462862275,0.80076339455363,pepper,False,True,out_of_distribution,coco_stuff_negatives,field_test
701,-1,31,0.321329560902401,0.918462322973322,eggplant,False,True,out_of_distribution,coco_stuff_negatives,field_test
701,-1,32,0.7588894114225048,0.7909869727612971,strawberry,False,True,out_of_distribution,coco_stuff_negatives,field_test
702,-1,0,0.6409584074040708,0.6832171005931966,tomato,False,True,out_of_distribution,coco_stuff_negatives,field_test
702,-1,11,0.22843685289312796,0.7601849648384255,cucumber,False,True,out_of_distribution,coco_stuff_negatives,field_test
702,-1,22,0.3517343012128268,0.858230890400588,pepper,False,True,out_of_distribution,coco_stuff_negatives,field_test
702,-1,25,0.4450760324308723,0.7311660795939443,eggplant,False,True,out_of_distribution,coco_stuff_negatives,field_test
702,-1,32,0.6088855773805382,0.7287129002756759,strawberry,False,True,out_of_distribution,coco_stuff_negatives,field_test
703,-1,5,0.38985765240189085,0.8438171198436775,tomato,False,True,out_of_distribution,coco_stuff_negatives,field_test
703,-1,18,0.49989234247090214,0.833869773993385,cucumber,False,True,out_of_distribution,coco_stuff_negatives,field_test
703,-1,20,0.3447649860295158,0.8454683638806346,pepper,False,True,out_of_distribution,coco_stuff_negatives,field_test
703,-1,31,0.37588320557383503,0.905550110045219,eggplant,False,True,out_of_distribution,coco_stuff_negatives,field_test
703,-1,33,0.35121374636920477,0.8492270807440314,strawberry,False,True,out_of_distribution,coco_stuff_negatives,field_test
704,-1,0,0.27525919625662576,0.828550959078741,tomato,False,True,out_of_distribution,coco_stuff_negatives,field_test
704,-1,13,0.5350461634571322,0.7413124156652688,cucumber,False,True,out_of_distribution,coco_stuff_negatives,field_test
704,-1,19,0.43832177344643375,0.8783738722361291,pepper,False,True,out_of_distribution,coco_stuff_negatives,field_test
704,-1,27,0.4920451333810284,0.8587008386819418,eggplant,False,True,out_of_distribution,coco_stuff_negatives,field_test
704,-1,32,0.39348954866078945,0.7920834378650636,strawberry,False,True,out_of_distribution,coco_stuff_negatives,field_test
705,-1,0,0.5174901094544518,0.8309619347267622,tomato,False,True,out_of_distribution,coco_stuff_negatives,field_test
705,-1,11,0.5798129707220536,0.8151234299242998,cucumber,False,True,out_of_distribution,coco_stuff_negatives,field_test
705,-1,22,0.6732835868562224,0.8347019783484246,pepper,False,True,out_of_distribution,coco_stuff_negatives,field_test
705,-1,31,0.3520709423222799,0.9008370077165611,eggplant,False,True,out_of_distribution,coco_stuff_negatives,field_test
705,-1,32,0.25480592042335803,0.854719415758538,strawberry,False,True,out_of_distribution,coco_stuff_negatives,field_test
706,-1,3,0.3785499497162769,0.8294846813127592,tomato,False,True,out_of_distribution,coco_stuff_negatives,field_test
706,-1,15,0.2559765903456847,0.9373737251325958,cucumber,False,True,out_of_distribution,coco_stuff_negatives,field_test
706,-1,22,0.6607445747083732,0.7623927611026464,pepper,False,True,out_of_distribution,coco_stuff_negatives,field_test
706,-1,29,0.2648703387103319,0.9247194425246171,eggplant,False,True,out_of_distribution,coco_stuff_negatives,field_test
706,-1,34,0.28179114286145374,0.868977540155362,strawberry,False,True,out_of_distribution,coco_stuff_negatives,field_test
707,-1,2,0.8062831482794225,0.6642750530930819,tomato,False,True,out_of_distribution,coco_stuff_negatives,field_test
707,-1,16,0.548437875097681,0.7704479929683115,cucumber,False,True,out_of_distribution,coco_stuff_negatives,field_test
707,-1,19,0.7214310740681064,0.8343209922255806,pepper,False,True,out_of_distribution,coco_stuff_negatives,field_test
707,-1,25,0.2836436762670548,0.8981952724112247,eggplant,False,True,out_of_distribution,coco_stuff_negatives,field_test
707,-1,38,0.8889051042941649,0.5891255304727941,strawberry,False,True,out_of_distribution,coco_stuff_negatives,field_test
708,-1,0,0.0,,tomato,False,False,camera_obscured,coco_stuff_negatives,field_test
708,-1,0,0.0,,cucumber,False,False,camera_obscured,coco_stuff_negatives,field_test
708,-1,0,0.0,,pepper,False,False,camera_obscured,coco_stuff_negatives,field_test
708,-1,0,0.0,,eggplant,False,False,camera_obscured,coco_stuff_negatives,field_test
708,-1,0,0.0,,strawberry,False,False,camera_obscured,coco_stuff_negatives,field_test
709,-1,0,0.5594223473305587,0.765318406976776,tomato,False,True,out_of_distribution,coco_stuff_negatives,field_test
709,-1,11,0.6752277723388083,0.764225213294023,cucumber,False,True,out_of_distribution,coco_stuff_negatives,field_test
709,-1,19,0.5107767020086372,0.778025827231801,pepper,False,True,out_of_distribution,coco_stuff_negatives,field_test
709,-1,27,0.2956586775342659,0.9445482477025616,eggplant,False,True,out_of_distribution,coco_stuff_negatives,field_test
709,-1,33,0.3849399538292012,0.790085613251498,strawberry,False,True,out_of_distribution,coco_stuff_negatives,field_test
710,-1,5,0.2516219675486776,0.7622262642167226,tomato,False,True,out_of_distribution,coco_stuff_negatives,field_test
710,-1,11,0.7130103445091618,0.9064463730909974,cucumber,False,True,out_of_distribution,coco_stuff_negatives,field_test
710,-1,20,0.4729179398005234,0.7528148793931866,pepper,False,True,out_of_distribution,coco_stuff_negatives,field_test
710,-1,26,0.8153617071807331,0.745525237098457,eggplant,False,True,out_of_distribution,coco_stuff_negatives,field_test
710,-1,33,0.3055249327378831,0.7715282054995789,strawberry,False,True,out_of_distribution,coco_stuff_negatives,field_test
711,-1,0,0.4824989322841951,0.896004667715945,tomato,False,True,out_of_distribution,coco_stuff_negatives,field_test
711,-1,13,0.4976315990397309,0.7351909644310877,cucumber,False,True,out_of_distribution,coco_stuff_negatives,field_test
711,-1,24,0.4163850708103396,0.8155055981808016,pepper,False,True,out_of_distribution,coco_stuff_negatives,field_test
711,-1,27,0.3805741441647501,0.9277000396335014,eggplant,False,True,out_of_distribution,coco_stuff_negatives,field_test
711,-1,32,0.4211515826924187,0.779048613687852,strawberry,False,True,out_of_distribution,coco_stuff_negatives,field_test
712,-1,0,0.2793638024697351,0.8224394547826422,tomato,False,True,out_of_distribution,coco_stuff_negatives,field_test
712,-1,18,0.2961672682524947,0.9092421122456343,cucumber,False,True,out_of_distribution,coco_stuff_negatives,field_test
712,-1,22,0.5496270739293885,0.8616743962589324,pepper,False,True,out_of_distribution,coco_stuff_negatives,field_test
712,-1,25,0.43928727541221513,0.8243952158635024,eggplant,False,True,out_of_distribution,coco_stuff_negatives,field_test
712,-1,32,0.3066322415145701,0.8870628537495839,strawberry,False,True,out_of_distribution,coco_stuff_negatives,field_test
713,-1,9,0.23770140114706725,0.7993546299788559,tomato,False,True,out_of_distribution,coco_stuff_negatives,field_test
713,-1,17,0.3072610701168383,0.8324452464922124,cucumber,False,True,out_of_distribution,coco_stuff_negatives,field_test
713,-1,19,0.6685932294147517,0.868538119086796,pepper,False,True,out_of_distribution,coco_stuff_negatives,field_test
713,-1,29,0.26421064540811284,0.9197666203771029,eggplant,False,True,out_of_distribution,coco_stuff_negatives,field_test
713,-1,32,0.577378041139038,0.8835954493683816,strawberry,False,True,out_of_distribution,coco_stuff_negatives,field_test
714,-1,4,0.6090681539870586,0.749064086732078,tomato,False,True,out_of_distribution,coco_stuff_negatives,field_test
714,-1,18,0.3027758912098026,0.971513237174636,cucumber,False,True,out_of_distribution,coco_stuff_negatives,field_test
714,-1,21,0.4577119161730475,0.837900082063994,pepper,False,True,out_of_distribution,coco_stuff_negatives,field_test
714,-1,29,0.4439352983549281,0.8530944749498034,eggplant,False,True,out_of_distribution,coco_stuff_negatives,field_test
714,-1,37,0.21565031522733172,0.9488425291469826,strawberry,False,True,out_of_distribution,coco_stuff_negatives,field_test
715,-1,3,0.5158348722325635,0.7722324664294453,tomato,False,True,out_of_distribution,coco_stuff_negatives,field_test
715,-1,13,0.6843732871466184,0.7795850034661065,cucumber,False,True,out_of_distribution,coco_stuff_negatives,field_test
715,-1,24,0.8817375050346395,0.6669788639031596,pepper,False,True,out_of_distribution,coco_stuff_negatives,field_test
715,-1,31,0.5866971876677454,0.8409358733899193,eggplant,False,True,out_of_distribution,coco_stuff_negatives,field_test
715,-1,35,0.2551537506194518,0.7994930154283556,strawberry,False,True,out_of_distribution,coco_stuff_negatives,field_test
716,-1,6,0.46398644501624003,0.7735880178417356,tomato,False,True,out_of_distribution,coco_stuff_negatives,field_test
716,-1,11,0.2280699296073887,0.8592061273485586,cucumber,False,True,out_of_distribution,coco_stuff_negatives,field_test
716,-1,24,0.3569659553901841,0.9512540226811549,pepper,False,True,out_of_distribution,coco_stuff_negatives,field_test
716,-1,31,0.28750385709197157,1.007478848682751,eggplant,False,True,out_of_distribution,coco_stuff_negatives,field_test
716,-1,37,0.3280877650835645,0.9765414502835157,strawberry,False,True,out_of_distribution,coco_stuff_negatives,field_test
717,-1,0,0.2260880613378995,0.9431166150977197,tomato,False,True,out_of_distribution,coco_stuff_negatives,field_test
717,-1,17,0.4027438842256317,0.7971393482128162,cucumber,False,True,out_of_distribution,coco_stuff_negatives,field_test
717,-1,24,0.5297584374706128,0.8933578114183263,pepper,False,True,out_of_distribution,coco_stuff_negatives,field_test
717,-1,31,0.527903983845982,0.9151906210246931,eggplant,False,True,out_of_distribution,coco_stuff_negatives,field_test
717,-1,34,0.45482271728840906,0.9195726167266574,strawberry,False,True,out_of_distribution,coco_stuff_negatives,field_test
718,-1,8,0.440086838053955,0.717309770077731,tomato,False,True,out_of_distribution,coco_stuff_negatives,field_test
718,-1,13,0.8068805218632237,0.6239464549261213,cucumber,False,True,out_of_distribution,coco_stuff_negatives,field_test
718,-1,24,0.28224964163395405,0.7649087575186313,pepper,False,True,out_of_distribution,coco_stuff_negatives,field_test
718,-1,27,0.5046750534107125,0.8898258450164873,eggplant,False,True,out_of_distribution,coco_stuff_negatives,field_test
718,-1,37,0.28605220872400083,0.756510964014677,strawberry,False,True,out_of_distribution,coco_stuff_negatives,field_test
719,-1,4,0.48356037664841245,0.7324595267290257,tomato,False,True,out_of_distribution,coco_stuff_negatives,field_test
719,-1,13,0.6061378933568856,0.8128727850996047,cucumber,False,True,out_of_distribution,coco_stuff_negatives,field_test
719,-1,24,0.5260566418587157,0.8595473592845676,pepper,False,True,out_of_distribution,coco_stuff_negatives,field_test
719,-1,28,0.37418739436997167,0.8849922732398599,eggplant,False,True,out_of_distribution,coco_stuff_negatives,field_test
719,-1,32,0.5255710569118487,0.9028801893842766,strawberry,False,True,out_of_distribution,coco_stuff_negatives,field_test
720,-1,0,0.5293023308979063,0.8064962477561575,tomato,False,True,out_of_distribution,coco_stuff_negatives,field_test
720,-1,13,0.4242079117805066,0.7320821317778226,cucumber,False,True,out_of_distribution,coco_stuff_negatives,field_test
720,-1,19,0.4107536832949969,0.8276549651650901,pepper,False,True,out_of_distribution,coco_stuff_negatives,field_test
720,-1,27,0.35238338732918534,0.8723957668912505,eggplant,False,True,out_of_distribution,coco_stuff_negatives,field_test
720,-1,32,0.5622618634766916,0.7344845007355917,strawberry,False,True,out_of_distribution,coco_stuff_negatives,field_test
721,-1,0,0.4257601383533866,0.7882344354027795,tomato,False,True,out_of_distribution,coco_stuff_negatives,field_test
721,-1,16,0.2967745735699852,0.9904356271091254,cucumber,False,True,out_of_distribution,coco_stuff_negatives,field_test
721,-1,22,0.3313300060866723,0.9391943435232842,pepper,False,True,out_of_distribution,coco_stuff_negatives,field_test
721,-1,25,0.3931781930731953,0.8518574021211249,eggplant,False,True,out_of_distribution,coco_stuff_negatives,field_test
721,-1,35,0.5936491227147113,0.829706661362503,strawberry,False,True,out_of_distribution,coco_stuff_negatives,field_test
722,-1,0,0.26420135483993956,0.806176369855089,tomato,False,True,out_of_distribution,coco_stuff_negatives,field_test
722,-1,11,0.4572184295890982,0.8300994756491247,cucumber,False,True,out_of_distribution,coco_stuff_negatives,field_test
722,-1,19,0.4680824684751176,0.8391844572329554,pepper,False,True,out_of_distribution,coco_stuff_negatives,field_test
722,-1,31,0.2713274669202134,0.9554140344920308,eggplant,False,True,out_of_distribution,coco_stuff_negatives,field_test
722,-1,32,0.47058913500262906,0.7345388506972166,strawberry,False,True,out_of_distribution,coco_stuff_negatives,field_test
723,-1,0,0.541562088065202,0.8031504846197245,tomato,False,True,out_of_distribution,coco_stuff_negatives,field_test
723,-1,15,0.3151102926442097,0.8280186568665994,cucumber,False,True,out_of_distribution,coco_stuff_negatives,field_test
723,-1,22,0.5314135173058603,0.9571073020491938,pepper,False,True,out_of_distribution,coco_stuff_negatives,field_test
723,-1,31,0.36607690012870203,0.8280604113668715,eggplant,False,True,out_of_distribution,coco_stuff_negatives,field_test
723,-1,35,0.3306022970970557,0.8532869788349055,strawberry,False,True,out_of_distribution,coco_stuff_negatives,field_test
724,-1,0,0.0,,tomato,False,False,camera_obscured,coco_stuff_negatives,field_test
724,-1,0,0.0,,cucumber,False,False,camera_obscured,coco_stuff_negatives,field_test
724,-1,0,0.0,,pepper,False,False,camera_obscured,coco_stuff_negatives,field_test
724,-1,0,0.0,,eggplant,False,False,camera_obscured,coco_stuff_negatives,field_test
724,-1,0,0.0,,strawberry,False,False,camera_obscured,coco_stuff_negatives,field_test
725,-1,0,0.5506901780495281,0.9110750143836928,tomato,False,True,out_of_distribution,coco_stuff_negatives,field_test
725,-1,13,0.45683662378301026,0.7615102655488661,cucumber,False,True,out_of_distribution,coco_stuff_negatives,field_test
725,-1,19,0.538039380617365,0.893314883119233,pepper,False,True,out_of_distribution,coco_stuff_negatives,field_test
725,-1,27,0.424284696870632,0.8946958480366956,eggplant,False,True,out_of_distribution,coco_stuff_negatives,field_test
725,-1,32,0.46975685400636547,0.7671771095416522,strawberry,False,True,out_of_distribution,coco_stuff_negatives,field_test
726,-1,0,0.43021068609676216,0.889265318003852,tomato,False,True,out_of_distribution,coco_stuff_negatives,field_test
726,-1,12,0.22391379681592138,0.894322128819774,cucumber,False,True,out_of_distribution,coco_stuff_negatives,field_test
726,-1,19,0.3377434397497277,0.7786157849318195,pepper,False,True,out_of_distribution,coco_stuff_negatives,field_test
726,-1,26,0.458241486468042,0.8619916505392025,eggplant,False,True,out_of_distribution,coco_stuff_negatives,field_test
726,-1,32,0.4138883450185281,0.872671936070534,strawberry,False,True,out_of_distribution,coco_stuff_negatives,field_test
727,-1,0,0.8032499247642801,0.6649464428333713,tomato,False,True,out_of_distribution,coco_stuff_negatives,field_test
727,-1,11,0.40273659258395617,0.7672885157131744,cucumber,False,True,out_of_distribution,coco_stuff_negatives,field_test
727,-1,19,0.37030585696582413,0.7604489936132803,pepper,False,True,out_of_distribution,coco_stuff_negatives,field_test
727,-1,25,0.37290737247221745,0.7335083958466633,eggplant,False,True,out_of_distribution,coco_stuff_negatives,field_test
727,-1,32,0.7425262881409093,0.6440137628164578,strawberry,False,True,out_of_distribution,coco_stuff_negatives,field_test
728,-1,0,0.662375765637804,0.6585657448626184,tomato,False,True,out_of_distribution,coco_stuff_negatives,field_test
728,-1,13,0.2375216978464208,0.8658064740772926,cucumber,False,True,out_of_distribution,coco_stuff_negatives,field_test
728,-1,19,0.6932955700733862,0.7557258542390062,pepper,False,True,out_of_distribution,coco_stuff_negatives,field_test
728,-1,25,0.46131831312117305,0.7339106934579267,eggplant,False,True,out_of_distribution,coco_stuff_negatives,field_test
728,-1,32,0.7154301578207528,0.6570332963035516,strawberry,False,True,out_of_distribution,coco_stuff_negatives,field_test
729,-1,0,0.24261877423311498,0.825192542533749,tomato,False,True,out_of_distribution,coco_stuff_negatives,field_test
729,-1,11,0.2072157490275961,0.8261285976615635,cucumber,False,True,out_of_distribution,coco_stuff_negatives,field_test
729,-1,19,0.6819292075779765,0.8985189399321294,pepper,False,True,out_of_distribution,coco_stuff_negatives,field_test
729,-1,28,0.2931917326746439,0.9590480022390595,eggplant,False,True,out_of_distribution,coco_stuff_negatives,field_test
729,-1,32,0.44545440244432916,0.7551991728177938,strawberry,False,True,out_of_distribution,coco_stuff_negatives,field_test
730,-1,0,0.0,,tomato,False,False,camera_obscured,coco_stuff_negatives,field_test
730,-1,0,0.0,,cucumber,False,False,camera_obscured,coco_stuff_negatives,field_test
730,-1,0,0.0,,pepper,False,False,camera_obscured,coco_stuff_negatives,field_test
730,-1,0,0.0,,eggplant,False,False,camera_obscured,coco_stuff_negatives,field_test
730,-1,0,0.0,,strawberry,False,False,camera_obscured,coco_stuff_negatives,field_test
731,-1,0,0.5500355576003504,0.7512938800557648,tomato,False,True,out_of_distribution,coco_stuff_negatives,field_test
731,-1,11,0.5032271560800574,0.7303528082147179,cucumber,False,True,out_of_distribution,coco_stuff_negatives,field_test
731,-1,19,0.7145315531212663,0.7952067132704499,pepper,False,True,out_of_distribution,coco_stuff_negatives,field_test
731,-1,25,0.4941018641327548,0.7505845494098874,eggplant,False,True,out_of_distribution,coco_stuff_negatives,field_test
731,-1,32,0.5958405696008987,0.7061721597605725,strawberry,False,True,out_of_distribution,coco_stuff_negatives,field_test
732,-1,0,0.6367062295149253,0.8045130723848777,tomato,False,True,out_of_distribution,coco_stuff_negatives,field_test
732,-1,11,0.6347420110849425,0.8323860324096523,cucumber,False,True,out_of_distribution,coco_stuff_negatives,field_test
732,-1,20,0.5380572888635275,0.7474934444420445,pepper,False,True,out_of_distribution,coco_stuff_negatives,field_test
732,-1,26,0.251574465022209,0.8220218018857404,eggplant,False,True,out_of_distribution,coco_stuff_negatives,field_test
732,-1,33,0.584897521273452,0.7346941390847044,strawberry,False,True,out_of_distribution,coco_stuff_negatives,field_test
733,-1,0,0.26294648055345676,0.7544483029298481,tomato,False,True,out_of_distribution,coco_stuff_negatives,field_test
733,-1,11,0.3863082320695892,0.7904306454524443,cucumber,False,True,out_of_distribution,coco_stuff_negatives,field_test
733,-1,19,0.7361918539125157,0.8657085013481874,pepper,False,True,out_of_distribution,coco_stuff_negatives,field_test
733,-1,25,0.31090982926570865,0.8459863156678015,eggplant,False,True,out_of_distribution,coco_stuff_negatives,field_test
733,-1,32,0.3246370033241857,0.7470252867801268,strawberry,False,True,out_of_distribution,coco_stuff_negatives,field_test
734,-1,0,0.5618863000248395,0.7690957607658115,tomato,False,True,out_of_distribution,coco_stuff_negatives,field_test
734,-1,11,0.32280066659386125,0.8070316935742237,cucumber,False,True,out_of_distribution,coco_stuff_negatives,field_test
734,-1,19,0.5117895679651951,0.7937134659821321,pepper,False,True,out_of_distribution,coco_stuff_negatives,field_test
734,-1,25,0.396528992801226,0.7894569338112122,eggplant,False,True,out_of_distribution,coco_stuff_negatives,field_test
734,-1,37,0.32433681068127973,0.851047855301367,strawberry,False,True,out_of_distribution,coco_stuff_negatives,field_test
735,-1,0,0.0,,tomato,False,False,camera_obscured,coco_stuff_negatives,field_test
735,-1,0,0.0,,cucumber,False,False,camera_obscured,coco_stuff_negatives,field_test
735,-1,0,0.0,,pepper,False,False,camera_obscured,coco_stuff_negatives,field_test
735,-1,0,0.0,,eggplant,False,False,camera_obscured,coco_stuff_negatives,field_test
735,-1,0,0.0,,strawberry,False,False,camera_obscured,coco_stuff_negatives,field_test
736,-1,6,0.6584592145763605,0.7193189860550567,tomato,False,True,out_of_distribution,coco_stuff_negatives,field_test
736,-1,18,0.41795210109563563,0.9596524834261887,cucumber,False,True,out_of_distribution,coco_stuff_negatives,field_test
736,-1,22,0.5593612198911428,0.8027467340717164,pepper,False,True,out_of_distribution,coco_stuff_negatives,field_test
736,-1,29,0.44923491005451743,0.9113196175929398,eggplant,False,True,out_of_distribution,coco_stuff_negatives,field_test
736,-1,34,0.4097040458336407,0.8539679994937329,strawberry,False,True,out_of_distribution,coco_stuff_negatives,field_test
737,-1,0,0.5325355082894687,0.8805488529361329,tomato,False,True,out_of_distribution,coco_stuff_negatives,field_test
737,-1,13,0.729160744686606,0.7103245050332554,cucumber,False,True,out_of_distribution,coco_stuff_negatives,field_test
737,-1,19,0.32972866276011237,0.9386981824025282,pepper,False,True,out_of_distribution,coco_stuff_negatives,field_test
737,-1,27,0.3392229762983519,0.8850651036591752,eggplant,False,True,out_of_distribution,coco_stuff_negatives,field_test
737,-1,32,0.7351945844579466,0.7685810227762223,strawberry,False,True,out_of_distribution,coco_stuff_negatives,field_test
738,-1,3,0.4161337408541755,0.7827488152954896,tomato,False,True,out_of_distribution,coco_stuff_negatives,field_test
738,-1,11,0.3847161120865289,0.8953486187682477,cucumber,False,True,out_of_distribution,coco_stuff_negatives,field_test
738,-1,21,0.357723748741818,0.9480173568468627,pepper,False,True,out_of_distribution,coco_stuff_negatives,field_test
738,-1,31,0.29161055987581586,0.88172049708726,eggplant,False,True,out_of_distribution,coco_stuff_negatives,field_test
738,-1,37,0.2675041510723618,0.92655758323442,strawberry,False,True,out_of_distribution,coco_stuff_negatives,field_test
739,-1,9,0.20341717991958996,0.9906254789474506,tomato,False,True,out_of_distribution,coco_stuff_negatives,field_test
739,-1,13,0.37168596693950057,0.9024633317724583,cucumber,False,True,out_of_distribution,coco_stuff_negatives,field_test
739,-1,22,0.38722975028309364,0.9444855037360738,pepper,False,True,out_of_distribution,coco_stuff_negatives,field_test
739,-1,31,0.3866406520416428,0.8797814553350911,eggplant,False,True,out_of_distribution,coco_stuff_negatives,field_test
739,-1,36,0.5193638954874094,0.7820363345786845,strawberry,False,True,out_of_distribution,coco_stuff_negatives,field_test
740,-1,9,0.3171701454806339,0.8309998388223021,tomato,False,True,out_of_distribution,coco_stuff_negatives,field_test
740,-1,12,0.37326386773359777,0.9151264426287609,cucumber,False,True,out_of_distribution,coco_stuff_negatives,field_test
740,-1,19,0.5712494542839662,0.8255477896926776,pepper,False,True,out_of_distribution,coco_stuff_negatives,field_test
740,-1,26,0.2394558219836462,0.8927360986981222,eggplant,False,True,out_of_distribution,coco_stuff_negatives,field_test
740,-1,32,0.5305425059766758,0.8958041947477638,strawberry,False,True,out_of_distribution,coco_stuff_negatives,field_test
741,-1,0,0.3189100961200275,0.8340688191375398,tomato,False,True,out_of_distribution,coco_stuff_negatives,field_test
741,-1,13,0.4357753942019919,0.7703412933390901,cucumber,False,True,out_of_distribution,coco_stuff_negatives,field_test
741,-1,24,0.882995011141584,0.6859308977332803,pepper,False,True,out_of_distribution,coco_stuff_negatives,field_test
741,-1,28,0.23206993781134455,0.9880342618490534,eggplant,False,True,out_of_distribution,coco_stuff_negatives,field_test
741,-1,32,0.5943285393323691,0.7573750315370208,strawberry,False,True,out_of_distribution,coco_stuff_negatives,field_test
742,-1,0,0.4447892564755701,0.7889776349902715,tomato,False,True,out_of_distribution,coco_stuff_negatives,field_test
742,-1,15,0.5103707115083358,0.7288218333625472,cucumber,False,True,out_of_distribution,coco_stuff_negatives,field_test
742,-1,19,0.4286888615418349,0.7924532600465729,pepper,False,True,out_of_distribution,coco_stuff_negatives,field_test
742,-1,31,0.5357302291386531,0.7211986708039231,eggplant,False,True,out_of_distribution,coco_stuff_negatives,field_test
742,-1,32,0.4944231660173588,0.7671560901047754,strawberry,False,True,out_of_distribution,coco_stuff_negatives,field_test
743,-1,0,0.22981161601147762,0.8632986302273546,tomato,False,True,out_of_distribution,coco_stuff_negatives,field_test
743,-1,11,0.23721411785395916,0.8481559303357653,cucumber,False,True,out_of_distribution,coco_stuff_negatives,field_test
743,-1,22,0.35663830827028536,0.835553818503667,pepper,False,True,out_of_distribution,coco_stuff_negatives,field_test
743,-1,26,0.5476427692915168,0.772751717021235,eggplant,False,True,out_of_distribution,coco_stuff_negatives,field_test
743,-1,32,0.4477563753691508,0.8559092892714222,strawberry,False,True,out_of_distribution,coco_stuff_negatives,field_test
744,-1,0,0.28548477731563376,0.853147714108898,tomato,False,True,out_of_distribution,coco_stuff_negatives,field_test
744,-1,11,0.3470733560108346,0.8366237160960034,cucumber,False,True,out_of_distribution,coco_stuff_negatives,field_test
744,-1,23,0.2686114632270925,0.9583456504854759,pepper,False,True,out_of_distribution,coco_stuff_negatives,field_test
744,-1,27,0.41024341607306275,0.9725411176673273,eggplant,False,True,out_of_distribution,coco_stuff_negatives,field_test
744,-1,32,0.6063233857050921,0.7259018690053225,strawberry,False,True,out_of_distribution,coco_stuff_negatives,field_test
745,-1,0,0.5295534893702349,0.7861723990749596,tomato,False,True,out_of_distribution,coco_stuff_negatives,field_test
745,-1,11,0.7231706969862067,0.7282665411911984,cucumber,False,True,out_of_distribution,coco_stuff_negatives,field_test
745,-1,19,0.49344669678784436,0.7167361814192434,pepper,False,True,out_of_distribution,coco_stuff_negatives,field_test
745,-1,26,0.4821258863550975,0.8188675901429368,eggplant,False,True,out_of_distribution,coco_stuff_negatives,field_test
745,-1,32,0.6861636916742557,0.727664039564027,strawberry,False,True,out_of_distribution,coco_stuff_negatives,field_test
746,-1,0,0.41138086228519355,0.8767601549935701,tomato,False,True,out_of_distribution,coco_stuff_negatives,field_test
746,-1,13,0.3228604158966088,0.9211839290110237,cucumber,False,True,out_of_distribution,coco_stuff_negatives,field_test
746,-1,20,0.25493836000669373,0.9282759468465459,pepper,False,True,out_of_distribution,coco_stuff_negatives,field_test
746,-1,27,0.5271466947460626,0.8889057189338827,eggplant,False,True,out_of_distribution,coco_stuff_negatives,field_test
746,-1,32,0.2396248571560146,0.8539572143523761,strawberry,False,True,out_of_distribution,coco_stuff_negatives,field_test
747,-1,6,0.4238185768691709,0.7620538170379267,tomato,False,True,out_of_distribution,coco_stuff_negatives,field_test
747,-1,15,0.34062720218552145,0.8455114448328088,cucumber,False,True,out_of_distribution,coco_stuff_negatives,field_test
747,-1,22,0.6113842129453845,0.7339806500135271,pepper,False,True,out_of_distribution,coco_stuff_negatives,field_test
747,-1,29,0.31805284918891025,1.017415197960177,eggplant,False,True,out_of_distribution,coco_stuff_negatives,field_test
747,-1,34,0.5683531155006729,0.7986267074788018,strawberry,False,True,out_of_distribution,coco_stuff_negatives,field_test
748,-1,0,0.8246126819309422,0.7788493874610565,tomato,False,True,out_of_distribution,coco_stuff_negatives,field_test
748,-1,15,0.4423342410949079,0.7998393215083202,cucumber,False,True,out_of_distribution,coco_stuff_negatives,field_test
748,-1,19,0.4495697723077359,0.7909999450062937,pepper,False,True,out_of_distribution,coco_stuff_negatives,field_test
748,-1,31,0.4635568240936505,0.7556810865535822,eggplant,False,True,out_of_distribution,coco_stuff_negatives,field_test
748,-1,32,0.6351651472534703,0.7165299319360294,strawberry,False,True,out_of_distribution,coco_stuff_negatives,field_test
749,-1,0,0.29049636461073164,0.874265802883668,tomato,False,True,out_of_distribution,coco_stuff_negatives,field_test
749,-1,13,0.4159497232736212,0.785116421397171,cucumber,False,True,out_of_distribution,coco_stuff_negatives,field_test
749,-1,19,0.6805213366482986,0.7559934600021743,pepper,False,True,out_of_distribution,coco_stuff_negatives,field_test
749,-1,27,0.5341569272505722,0.8620901690275166,eggplant,False,True,out_of_distribution,coco_stuff_negatives,field_test
749,-1,32,0.7344544498438985,0.7074202851525355,strawberry,False,True,out_of_distribution,coco_stuff_negatives,field_test
750,-1,0,0.30916257850106604,0.9175095675594624,tomato,False,True,out_of_distribution,coco_stuff_negatives,field_test
750,-1,12,0.5037707964911212,0.8293025890282889,cucumber,False,True,out_of_distribution,coco_stuff_negatives,field_test
750,-1,20,0.45413384254780437,0.84889794366416,pepper,False,True,out_of_distribution,coco_stuff_negatives,field_test
750,-1,27,0.2819263304998732,0.8114467469823681,eggplant,False,True,out_of_distribution,coco_stuff_negatives,field_test
750,-1,32,0.27625984016201083,0.8751581469791465,strawberry,False,True,out_of_distribution,coco_stuff_negatives,field_test
751,-1,0,0.6443138823239375,0.7187516999728945,tomato,False,True,out_of_distribution,coco_stuff_negatives,field_test
751,-1,12,0.43263190866007717,0.8859612802563734,cucumber,False,True,out_of_distribution,coco_stuff_negatives,field_test
751,-1,19,0.4584714504650307,0.8015377400736273,pepper,False,True,out_of_distribution,coco_stuff_negatives,field_test
751,-1,26,0.37039089998178976,0.832355000007666,eggplant,False,True,out_of_distribution,coco_stuff_negatives,field_test
751,-1,32,0.5188750594558472,0.7372886340660258,strawberry,False,True,out_of_distribution,coco_stuff_negatives,field_test
752,-1,7,0.30805210121749443,0.8637195940388902,tomato,False,True,out_of_distribution,coco_stuff_negatives,field_test
752,-1,18,0.28372823752192994,0.9111158455732107,cucumber,False,True,out_of_distribution,coco_stuff_negatives,field_test
752,-1,22,0.7606576099451078,0.7255878405330034,pepper,False,True,out_of_distribution,coco_stuff_negatives,field_test
752,-1,26,0.4031262592698834,0.9747169044956401,eggplant,False,True,out_of_distribution,coco_stuff_negatives,field_test
752,-1,32,0.44896715417259925,0.8583682740988932,strawberry,False,True,out_of_distribution,coco_stuff_negatives,field_test
753,-1,3,0.3800175133824557,0.8318354118543321,tomato,False,True,out_of_distribution,coco_stuff_negatives,field_test
753,-1,15,0.5024974906108941,0.9214971652813142,cucumber,False,True,out_of_distribution,coco_stuff_negatives,field_test
753,-1,20,0.4295282348259071,0.8665724520482937,pepper,False,True,out_of_distribution,coco_stuff_negatives,field_test
753,-1,26,0.38447607794244565,0.9605998989419103,eggplant,False,True,out_of_distribution,coco_stuff_negatives,field_test
753,-1,33,0.36552592444698756,0.901403718339508,strawberry,False,True,out_of_distribution,coco_stuff_negatives,field_test
754,-1,2,0.5066151690935375,0.795836634191279,tomato,False,True,out_of_distribution,coco_stuff_negatives,field_test
754,-1,13,0.17332482327037166,0.9908465660991016,cucumber,False,True,out_of_distribution,coco_stuff_negatives,field_test
754,-1,19,0.30843114594338783,0.8223861548030689,pepper,False,True,out_of_distribution,coco_stuff_negatives,field_test
754,-1,30,0.261997994309333,0.974888021281686,eggplant,False,True,out_of_distribution,coco_stuff_negatives,field_test
754,-1,36,0.28445211822118655,0.8590953674644997,strawberry,False,True,out_of_distribution,coco_stuff_negatives,field_test
755,-1,2,0.32018362723070015,0.8231764274536184,tomato,False,True,out_of_distribution,coco_stuff_negatives,field_test
755,-1,11,0.5663968587027876,0.832474452612863,cucumber,False,True,out_of_distribution,coco_stuff_negatives,field_test
755,-1,20,0.34721462486201854,0.8955146029926198,pepper,False,True,out_of_distribution,coco_stuff_negatives,field_test
755,-1,26,0.38358135480055433,0.8384967404490042,eggplant,False,True,out_of_distribution,coco_stuff_negatives,field_test
755,-1,33,0.4084731496556353,0.8727537871581055,strawberry,False,True,out_of_distribution,coco_stuff_negatives,field_test
756,-1,6,0.2852037312031816,0.8762516026668437,tomato,False,True,out_of_distribution,coco_stuff_negatives,field_test
756,-1,11,0.4748411018259224,0.8633170574838691,cucumber,False,True,out_of_distribution,coco_stuff_negatives,field_test
756,-1,20,0.6257906922057619,0.8181460956074114,pepper,False,True,out_of_distribution,coco_stuff_negatives,field_test
756,-1,26,0.4758229784424927,0.8287344741993586,eggplant,False,True,out_of_distribution,coco_stuff_negatives,field_test
756,-1,32,0.5415004747164778,0.8903270719018691,strawberry,False,True,out_of_distribution,coco_stuff_negatives,field_test
757,-1,0,0.40006462831303374,0.8256742717646284,tomato,False,True,out_of_distribution,coco_stuff_negatives,field_test
757,-1,12,0.33176368618005175,0.9294549742667046,cucumber,False,True,out_of_distribution,coco_stuff_negatives,field_test
757,-1,21,0.6737937572923794,0.9136621950526078,pepper,False,True,out_of_distribution,coco_stuff_negatives,field_test
757,-1,27,0.3385183756656279,0.9578538225518076,eggplant,False,True,out_of_distribution,coco_stuff_negatives,field_test
757,-1,33,0.4416751102940144,0.8037394167389518,strawberry,False,True,out_of_distribution,coco_stuff_negatives,field_test
758,-1,0,0.43246359604274004,0.8041044268517138,tomato,False,True,out_of_distribution,coco_stuff_negatives,field_test
758,-1,17,0.2671298079776432,1.0033113867430763,cucumber,False,True,out_of_distribution,coco_stuff_negatives,field_test
758,-1,21,0.6630055997952863,0.7469584652815533,pepper,False,True,out_of_distribution,coco_stuff_negatives,field_test
758,-1,31,0.36957496481315294,0.8773756425841459,eggplant,False,True,out_of_distribution,coco_stuff_negatives,field_test
758,-1,32,0.6124098088682659,0.8666738836167546,strawberry,False,True,out_of_distribution,coco_stuff_negatives,field_test
759,-1,0,0.7332700988406913,0.7877142048220973,tomato,False,True,out_of_distribution,coco_stuff_negatives,field_test
759,-1,11,0.480962765547481,0.748640159359886,cucumber,False,True,out_of_distribution,coco_stuff_negatives,field_test
759,-1,22,0.44615860568620486,0.8212333153039848,pepper,False,True,out_of_distribution,coco_stuff_negatives,field_test
759,-1,27,0.31924812349991855,0.8313535087589772,eggplant,False,True,out_of_distribution,coco_stuff_negatives,field_test
759,-1,32,0.35808018800362795,0.8552503250669071,strawberry,False,True,out_of_distribution,coco_stuff_negatives,field_test
760,-1,6,0.3323636567527127,0.7589052714779027,tomato,False,True,out_of_distribution,coco_stuff_negatives,field_test
760,-1,18,0.5262873374677891,0.7901877347271298,cucumber,False,True,out_of_distribution,coco_stuff_negatives,field_test
760,-1,22,0.45079396456314913,0.8770331364783943,pepper,False,True,out_of_distribution,coco_stuff_negatives,field_test
760,-1,25,0.38718166042416086,0.9899921831928885,eggplant,False,True,out_of_distribution,coco_stuff_negatives,field_test
760,-1,35,0.45255371711943504,0.7651494817282567,strawberry,False,True,out_of_distribution,coco_stuff_negatives,field_test
761,-1,0,0.0,,tomato,False,False,camera_obscured,coco_stuff_negatives,field_test
761,-1,0,0.0,,cucumber,False,False,camera_obscured,coco_stuff_negatives,field_test
761,-1,0,0.0,,pepper,False,False,camera_obscured,coco_stuff_negatives,field_test
761,-1,0,0.0,,eggplant,False,False,camera_obscured,coco_stuff_negatives,field_test
761,-1,0,0.0,,strawberry,False,False,camera_obscured,coco_stuff_negatives,field_test
762,-1,0,0.4983300921744036,0.7675537478158818,tomato,False,True,out_of_distribution,coco_stuff_negatives,field_test
762,-1,16,0.315689714496923,0.9808203078350055,cucumber,False,True,out_of_distribution,coco_stuff_negatives,field_test
762,-1,19,0.4096410024755909,0.8148011517406581,pepper,False,True,out_of_distribution,coco_stuff_negatives,field_test
762,-1,29,0.5013954068286118,0.8499782231337398,eggplant,False,True,out_of_distribution,coco_stuff_negatives,field_test
762,-1,32,0.49369618626995876,0.8028877126253273,strawberry,False,True,out_of_distribution,coco_stuff_negatives,field_test
763,-1,0,0.9092499147972716,0.6601165594873999,tomato,False,True,out_of_distribution,coco_stuff_negatives,field_test
763,-1,11,0.21609308994446036,0.8233211504133586,cucumber,False,True,out_of_distribution,coco_stuff_negatives,field_test
763,-1,19,0.6172022309855515,0.6519824370471308,pepper,False,True,out_of_distribution,coco_stuff_negatives,field_test
763,-1,27,0.30685224473345146,0.9851735769816369,eggplant,False,True,out_of_distribution,coco_stuff_negatives,field_test
763,-1,32,0.8468391936287545,0.6609607354105835,strawberry,False,True,out_of_distribution,coco_stuff_negatives,field_test
764,-1,0,0.0,,tomato,False,False,camera_obscured,coco_stuff_negatives,field_test
764,-1,0,0.0,,cucumber,False,False,camera_obscured,coco_stuff_negatives,field_test
764,-1,0,0.0,,pepper,False,False,camera_obscured,coco_stuff_negatives,field_test
764,-1,0,0.0,,eggplant,False,False,camera_obscured,coco_stuff_negatives,field_test
764,-1,0,0.0,,strawberry,False,False,camera_obscured,coco_stuff_negatives,field_test
765,-1,6,0.24529371563484764,0.789429788676148,tomato,False,True,out_of_distribution,coco_stuff_negatives,field_test
765,-1,17,0.2638085342565602,0.7847149737255175,cucumber,False,True,out_of_distribution,coco_stuff_negatives,field_test
765,-1,19,0.5462535391609761,0.8398916036262729,pepper,False,True,out_of_distribution,coco_stuff_negatives,field_test
765,-1,25,0.3669450202164737,0.9870861302819776,eggplant,False,True,out_of_distribution,coco_stuff_negatives,field_test
765,-1,34,0.3639602550524301,0.7872927971183842,strawberry,False,True,out_of_distribution,coco_stuff_negatives,field_test
766,-1,0,0.38895770576808886,0.932311693981981,tomato,False,True,out_of_distribution,coco_stuff_negatives,field_test
766,-1,12,0.2806782215885225,0.9827974393888962,cucumber,False,True,out_of_distribution,coco_stuff_negatives,field_test
766,-1,19,0.4707030248795399,0.8876277283449077,pepper,False,True,out_of_distribution,coco_stuff_negatives,field_test
766,-1,26,0.4140748219004726,0.8370956189333418,eggplant,False,True,out_of_distribution,coco_stuff_negatives,field_test
766,-1,32,0.49914101471075173,0.9096946237365645,strawberry,False,True,out_of_distribution,coco_stuff_negatives,field_test
767,-1,0,0.8783849705036094,0.6486856325620559,tomato,False,True,out_of_distribution,coco_stuff_negatives,field_test
767,-1,15,0.6177725523589982,0.7917486904489968,cucumber,False,True,out_of_distribution,coco_stuff_negatives,field_test
767,-1,19,0.6960379497547476,0.6790391986623742,pepper,False,True,out_of_distribution,coco_stuff_negatives,field_test
767,-1,25,0.5180042130692627,0.6398680118624098,eggplant,False,True,out_of_distribution,coco_stuff_negatives,field_test
767,-1,32,0.6124812455033407,0.6971956334739011,strawberry,False,True,out_of_distribution,coco_stuff_negatives,field_test
768,-1,3,0.3201211388331629,0.8703533713884871,tomato,False,True,out_of_distribution,coco_stuff_negatives,field_test
768,-1,17,0.4612486631668988,0.7283042100603173,cucumber,False,True,out_of_distribution,coco_stuff_negatives,field_test
768,-1,24,0.5872638925373445,0.7400574181819943,pepper,False,True,out_of_distribution,coco_stuff_negatives,field_test
768,-1,26,0.37138768652666515,0.8788049505068802,eggplant,False,True,out_of_distribution,coco_stuff_negatives,field_test
768,-1,35,0.7113547967544931,0.6903031792531975,strawberry,False,True,out_of_distribution,coco_stuff_negatives,field_test
769,-1,0,0.41584793262393,0.8453424580090259,tomato,False,True,out_of_distribution,coco_stuff_negatives,field_test
769,-1,13,0.28982093895247857,0.827110367002131,cucumber,False,True,out_of_distribution,coco_stuff_negatives,field_test
769,-1,22,0.4135841833221001,0.8839675996623679,pepper,False,True,out_of_distribution,coco_stuff_negatives,field_test
769,-1,30,0.39588437018050315,0.8626125542996792,eggplant,False,True,out_of_distribution,coco_stuff_negatives,field_test
769,-1,37,0.5394761633306531,0.8134116774478184,strawberry,False,True,out_of_distribution,coco_stuff_negatives,field_test
770,-1,2,0.5038742344582546,0.8187149301121417,tomato,False,True,out_of_distribution,coco_stuff_negatives,field_test
770,-1,16,0.33548109109970364,0.8561487008457321,cucumber,False,True,out_of_distribution,coco_stuff_negatives,field_test
770,-1,19,0.2950424065472604,0.9330317872761046,pepper,False,True,out_of_distribution,coco_stuff_negatives,field_test
770,-1,29,0.3076867582894761,1.025148809342534,eggplant,False,True,out_of_distribution,coco_stuff_negatives,field_test
770,-1,32,0.46781329119495074,0.9451553006564253,strawberry,False,True,out_of_distribution,coco_stuff_negatives,field_test
771,-1,0,0.5153341469063764,0.8085120625441166,tomato,False,True,out_of_distribution,coco_stuff_negatives,field_test
771,-1,11,0.3963511019964185,0.812109937153471,cucumber,False,True,out_of_distribution,coco_stuff_negatives,field_test
771,-1,19,0.5891599922032383,0.8427643410658745,pepper,False,True,out_of_distribution,coco_stuff_negatives,field_test
771,-1,25,0.35265719939996326,0.8348295002913123,eggplant,False,True,out_of_distribution,coco_stuff_negatives,field_test
771,-1,32,0.5429663395298214,0.7857434841692654,strawberry,False,True,out_of_distribution,coco_stuff_negatives,field_test
772,-1,0,0.4743389687187896,0.7380706223576379,tomato,False,True,out_of_distribution,coco_stuff_negatives,field_test
772,-1,11,0.35258755574353945,0.7923085678988169,cucumber,False,True,out_of_distribution,coco_stuff_negatives,field_test
772,-1,22,0.37520165353979135,0.9031281699248979,pepper,False,True,out_of_distribution,coco_stuff_negatives,field_test
772,-1,26,0.3846362385177244,0.8210351452339981,eggplant,False,True,out_of_distribution,coco_stuff_negatives,field_test
772,-1,32,0.47983004188183465,0.7601994098423146,strawberry,False,True,out_of_distribution,coco_stuff_negatives,field_test
773,-1,0,0.7818361811244915,0.7427877190964436,tomato,False,True,out_of_distribution,coco_stuff_negatives,field_test
773,-1,11,0.5861209217234559,0.8196364988192143,cucumber,False,True,out_of_distribution,coco_stuff_negatives,field_test
773,-1,19,0.8825352015524103,0.7398982052694792,pepper,False,True,out_of_distribution,coco_stuff_negatives,field_test
773,-1,26,0.6293855728976854,0.7680655952499923,eggplant,False,True,out_of_distribution,coco_stuff_negatives,field_test
773,-1,32,0.7227337426167881,0.7470703448658921,strawberry,False,True,out_of_distribution,coco_stuff_negatives,field_test
774,-1,0,0.5466026336382168,0.8527612667336252,tomato,False,True,out_of_distribution,coco_stuff_negatives,field_test
774,-1,13,0.3553708780369659,0.7759145906204818,cucumber,False,True,out_of_distribution,coco_stuff_negatives,field_test
774,-1,19,0.6199314297562114,0.8647558394198561,pepper,False,True,out_of_distribution,coco_stuff_negatives,field_test
774,-1,27,0.3152722680709834,0.8952018619669578,eggplant,False,True,out_of_distribution,coco_stuff_negatives,field_test
774,-1,32,0.614934406550991,0.7563668286700524,strawberry,False,True,out_of_distribution,coco_stuff_negatives,field_test
775,-1,3,0.5108975489343981,0.7974382130499007,tomato,False,True,out_of_distribution,coco_stuff_negatives,field_test
775,-1,11,0.37317763086293965,0.6896515180209359,cucumber,False,True,out_of_distribution,coco_stuff_negatives,field_test
775,-1,22,0.4813758710160098,0.8694821496630757,pepper,False,True,out_of_distribution,coco_stuff_negatives,field_test
775,-1,25,0.5022589808453622,0.7514414667214727,eggplant,False,True,out_of_distribution,coco_stuff_negatives,field_test
775,-1,32,0.38605915680851904,0.7177232120884343,strawberry,False,True,out_of_distribution,coco_stuff_negatives,field_test
776,-1,0,0.8115180551532889,0.6832237029708851,tomato,False,True,out_of_distribution,coco_stuff_negatives,field_test
776,-1,11,0.4295787147469163,0.7721940627310309,cucumber,False,True,out_of_distribution,coco_stuff_negatives,field_test
776,-1,19,0.36753905862058583,0.7798462925242293,pepper,False,True,out_of_distribution,coco_stuff_negatives,field_test
776,-1,25,0.27913149133914894,0.7737712176000597,eggplant,False,True,out_of_distribution,coco_stuff_negatives,field_test
776,-1,32,0.4857581997645678,0.6947598476882031,strawberry,False,True,out_of_distribution,coco_stuff_negatives,field_test
777,-1,0,0.8465967370789298,0.691783681141308,tomato,False,True,out_of_distribution,coco_stuff_negatives,field_test
777,-1,13,0.44219917967873146,0.9129797975984699,cucumber,False,True,out_of_distribution,coco_stuff_negatives,field_test
777,-1,19,0.3650299193642955,0.8378625855330769,pepper,False,True,out_of_distribution,coco_stuff_negatives,field_test
777,-1,26,0.25715981717506714,0.8594691871814479,eggplant,False,True,out_of_distribution,coco_stuff_negatives,field_test
777,-1,32,0.7868582592085486,0.6343474800795672,strawberry,False,True,out_of_distribution,coco_stuff_negatives,field_test
778,-1,3,0.2806942397666938,0.8864512587178482,tomato,False,True,out_of_distribution,coco_stuff_negatives,field_test
778,-1,18,0.2222765578034956,0.9827749636865326,cucumber,False,True,out_of_distribution,coco_stuff_negatives,field_test
778,-1,24,0.30576033642322087,0.8983438424497112,pepper,False,True,out_of_distribution,coco_stuff_negatives,field_test
778,-1,27,0.33334238601469607,0.8974257794528486,eggplant,False,True,out_of_distribution,coco_stuff_negatives,field_test
778,-1,35,0.3262759992538987,0.89795214872604,strawberry,False,True,out_of_distribution,coco_stuff_negatives,field_test
779,-1,0,0.7681931239132196,0.6999854396511693,tomato,False,True,out_of_distribution,coco_stuff_negatives,field_test
779,-1,11,0.3180518689239591,0.7949854036303474,cucumber,False,True,out_of_distribution,coco_stuff_negatives,field_test
779,-1,22,0.6343145817156637,0.8563499927188651,pepper,False,True,out_of_distribution,coco_stuff_negatives,field_test
779,-1,25,0.277314647452227,0.7583681999770508,eggplant,False,True,out_of_distribution,coco_stuff_negatives,field_test
779,-1,32,0.5200115702149959,0.6861303641040846,strawberry,False,True,out_of_distribution,coco_stuff_negatives,field_test
780,-1,0,0.0,,tomato,False,False,image_too_blurry,coco_stuff_negatives,field_test
780,-1,0,0.0,,cucumber,False,False,image_too_blurry,coco_stuff_negatives,field_test
780,-1,0,0.0,,pepper,False,False,image_too_blurry,coco_stuff_negatives,field_test
780,-1,0,0.0,,eggplant,False,False,image_too_blurry,coco_stuff_negatives,field_test
780,-1,0,0.0,,strawberry,False,False,image_too_blurry,coco_stuff_negatives,field_test
781,-1,0,0.31534420849415135,0.8990859008665331,tomato,False,True,out_of_distribution,coco_stuff_negatives,field_test
781,-1,13,0.42512223023116363,0.7715219762309433,cucumber,False,True,out_of_distribution,coco_stuff_negatives,field_test
781,-1,22,0.4152224022121254,0.9372246678440171,pepper,False,True,out_of_distribution,coco_stuff_negatives,field_test
781,-1,31,0.28504864303115995,0.9952428781431975,eggplant,False,True,out_of_distribution,coco_stuff_negatives,field_test
781,-1,37,0.40304869970488943,0.941085914584149,strawberry,False,True,out_of_distribution,coco_stuff_negatives,field_test
782,-1,0,0.8156855987749466,0.7748633890146495,tomato,False,True,out_of_distribution,coco_stuff_negatives,field_test
782,-1,11,0.3066404682382278,0.7699656087231999,cucumber,False,True,out_of_distribution,coco_stuff_negatives,field_test
782,-1,23,0.4466467797961084,0.8986266428822798,pepper,False,True,out_of_distribution,coco_stuff_negatives,field_test
782,-1,31,0.36246612421929636,0.8949112529158241,eggplant,False,True,out_of_distribution,coco_stuff_negatives,field_test
782,-1,32,0.5303575977455327,0.7228908258429056,strawberry,False,True,out_of_distribution,coco_stuff_negatives,field_test
783,-1,0,0.7381720869773786,0.6450976712979775,tomato,False,True,out_of_distribution,coco_stuff_negatives,field_test
783,-1,11,0.7209975307519357,0.6655794492216818,cucumber,False,True,out_of_distribution,coco_stuff_negatives,field_test
783,-1,19,0.748777226346649,0.6402259750128235,pepper,False,True,out_of_distribution,coco_stuff_negatives,field_test
783,-1,25,0.3649848122316649,0.6826885411777728,eggplant,False,True,out_of_distribution,coco_stuff_negatives,field_test
783,-1,32,0.7166518206427644,0.620188740998953,strawberry,False,True,out_of_distribution,coco_stuff_negatives,field_test
784,-1,7,0.2607571070944106,0.9104304433122424,tomato,False,True,out_of_distribution,coco_stuff_negatives,field_test
784,-1,18,0.5522460233652873,0.8866836323631245,cucumber,False,True,out_of_distribution,coco_stuff_negatives,field_test
784,-1,24,0.32479906784868784,0.9400320082018787,pepper,False,True,out_of_distribution,coco_stuff_negatives,field_test
784,-1,28,0.34727937258020786,0.9718712013121289,eggplant,False,True,out_of_distribution,coco_stuff_negatives,field_test
784,-1,34,0.38832088446799334,0.9326707016074771,strawberry,False,True,out_of_distribution,coco_stuff_negatives,field_test
785,-1,0,0.29556227847646216,0.934857553355912,tomato,False,True,out_of_distribution,coco_stuff_negatives,field_test
785,-1,12,0.3344835805499465,0.9160063595803811,cucumber,False,True,out_of_distribution,coco_stuff_negatives,field_test
785,-1,23,0.3379593511287495,0.8617273907729068,pepper,False,True,out_of_distribution,coco_stuff_negatives,field_test
785,-1,27,0.4467172857008652,0.829547733332686,eggplant,False,True,out_of_distribution,coco_stuff_negatives,field_test
785,-1,32,0.40461176394223936,0.9030548157768545,strawberry,False,True,out_of_distribution,coco_stuff_negatives,field_test
786,-1,0,0.4345775710432782,0.7705200233743421,tomato,False,True,out_of_distribution,coco_stuff_negatives,field_test
786,-1,11,0.3357027598138721,0.7912951745987189,cucumber,False,True,out_of_distribution,coco_stuff_negatives,field_test
786,-1,19,0.46973473919776343,0.7817888626021394,pepper,False,True,out_of_distribution,coco_stuff_negatives,field_test
786,-1,25,0.47838378063408515,0.8156416846710315,eggplant,False,True,out_of_distribution,coco_stuff_negatives,field_test
786,-1,32,0.27175626578032164,0.8326140448863268,strawberry,False,True,out_of_distribution,coco_stuff_negatives,field_test
787,-1,0,0.8984603063338977,0.710130412894121,tomato,False,True,out_of_distribution,coco_stuff_negatives,field_test
787,-1,18,0.2808086324666862,1.0223382992134957,cucumber,False,True,out_of_distribution,coco_stuff_negatives,field_test
787,-1,19,0.5381144609337163,0.7735440209352561,pepper,False,True,out_of_distribution,coco_stuff_negatives,field_test
787,-1,25,0.5978596708330316,0.7600970093206668,eggplant,False,True,out_of_distribution,coco_stuff_negatives,field_test
787,-1,32,0.414214775286204,0.7310802133575587,strawberry,False,True,out_of_distribution,coco_stuff_negatives,field_test
788,-1,0,0.7858372828280099,0.7016603415195354,tomato,False,True,out_of_distribution,coco_stuff_negatives,field_test
788,-1,11,0.4864878113313428,0.7705386728416111,cucumber,False,True,out_of_distribution,coco_stuff_negatives,field_test
788,-1,19,0.7235470814531465,0.7836543919470649,pepper,False,True,out_of_distribution,coco_stuff_negatives,field_test
788,-1,25,0.44077580290133705,0.7206176661243433,eggplant,False,True,out_of_distribution,coco_stuff_negatives,field_test
788,-1,32,0.5488386019934681,0.7040750931604147,strawberry,False,True,out_of_distribution,coco_stuff_negatives,field_test
789,-1,0,0.9650983470336952,0.6146018460650022,tomato,False,True,out_of_distribution,coco_stuff_negatives,field_test
789,-1,13,0.2542716067809004,0.919814531079266,cucumber,False,True,out_of_distribution,coco_stuff_negatives,field_test
789,-1,19,0.3903353696660538,0.7485481807084986,pepper,False,True,out_of_distribution,coco_stuff_negatives,field_test
789,-1,27,0.30814725934228765,0.9688496286840961,eggplant,False,True,out_of_distribution,coco_stuff_negatives,field_test
789,-1,32,0.748830891764996,0.7060919656608424,strawberry,False,True,out_of_distribution,coco_stuff_negatives,field_test
790,-1,0,0.8659750963477472,0.7699025948267808,tomato,False,True,out_of_distribution,coco_stuff_negatives,field_test
790,-1,16,0.21346203165361838,0.9136865748018168,cucumber,False,True,out_of_distribution,coco_stuff_negatives,field_test
790,-1,20,0.5341243827601589,0.8996059548714809,pepper,False,True,out_of_distribution,coco_stuff_negatives,field_test
790,-1,26,0.4087169969674707,0.8375249684984161,eggplant,False,True,out_of_distribution,coco_stuff_negatives,field_test
790,-1,32,0.8275055097252454,0.6651483367359432,strawberry,False,True,out_of_distribution,coco_stuff_negatives,field_test
791,-1,0,0.5812562373119794,0.9257102303302298,tomato,False,True,out_of_distribution,coco_stuff_negatives,field_test
791,-1,12,0.6162024513847999,0.8068116394115095,cucumber,False,True,out_of_distribution,coco_stuff_negatives,field_test
791,-1,22,0.465520842735502,0.8481953574284397,pepper,False,True,out_of_distribution,coco_stuff_negatives,field_test
791,-1,31,0.45202982768291283,0.8682084465826296,eggplant,False,True,out_of_distribution,coco_stuff_negatives,field_test
791,-1,33,0.2783474936255374,0.9554878079465102,strawberry,False,True,out_of_distribution,coco_stuff_negatives,field_test
792,-1,4,0.24430901453720116,0.9005834074252117,tomato,False,True,out_of_distribution,coco_stuff_negatives,field_test
792,-1,17,0.25657677653562133,0.9207610252034422,cucumber,False,True,out_of_distribution,coco_stuff_negatives,field_test
792,-1,22,0.44168715394942454,0.8969829879363714,pepper,False,True,out_of_distribution,coco_stuff_negatives,field_test
792,-1,26,0.40516822377474515,0.9188639246162986,eggplant,False,True,out_of_distribution,coco_stuff_negatives,field_test
792,-1,35,0.4097894968231775,0.9112729871372977,strawberry,False,True,out_of_distribution,coco_stuff_negatives,field_test
793,-1,0,0.2549374420125649,0.9418239989528321,tomato,False,True,out_of_distribution,coco_stuff_negatives,field_test
793,-1,13,0.8231317325315778,0.6468084997660519,cucumber,False,True,out_of_distribution,coco_stuff_negatives,field_test
793,-1,19,0.26139492699070765,0.9222605759233279,pepper,False,True,out_of_distribution,coco_stuff_negatives,field_test
793,-1,27,0.4379926550984282,0.8934197597339191,eggplant,False,True,out_of_distribution,coco_stuff_negatives,field_test
793,-1,37,0.5133967250580113,0.6907232107143233,strawberry,False,True,out_of_distribution,coco_stuff_negatives,field_test
794,-1,0,0.2970853191190891,0.9317877278542583,tomato,False,True,out_of_distribution,coco_stuff_negatives,field_test
794,-1,18,0.44509874658003556,0.8876078859075214,cucumber,False,True,out_of_distribution,coco_stuff_negatives,field_test
794,-1,22,0.7418456211710032,0.8276083852409809,pepper,False,True,out_of_distribution,coco_stuff_negatives,field_test
794,-1,31,0.419422508281886,0.8830322739871312,eggplant,False,True,out_of_distribution,coco_stuff_negatives,field_test
794,-1,32,0.4046817529672294,0.9066493601551004,strawberry,False,True,out_of_distribution,coco_stuff_negatives,field_test
795,-1,2,0.6035427364645464,0.7996304982658122,tomato,False,True,out_of_distribution,coco_stuff_negatives,field_test
795,-1,17,0.35105358918370766,0.8669241714909632,cucumber,False,True,out_of_distribution,coco_stuff_negatives,field_test
795,-1,24,0.5241432972968438,0.9223988517068632,pepper,False,True,out_of_distribution,coco_stuff_negatives,field_test
795,-1,31,0.40710213893015906,0.9900601900216779,eggplant,False,True,out_of_distribution,coco_stuff_negatives,field_test
795,-1,34,0.3525573081343974,0.8352078728650829,strawberry,False,True,out_of_distribution,coco_stuff_negatives,field_test
796,-1,6,0.8029756360358584,0.580892725828992,tomato,False,True,out_of_distribution,coco_stuff_negatives,field_test
796,-1,14,0.458064060850603,0.8584542390829568,cucumber,False,True,out_of_distribution,coco_stuff_negatives,field_test
796,-1,20,0.26365741813898613,1.0427347156738396,pepper,False,True,out_of_distribution,coco_stuff_negatives,field_test
796,-1,29,0.35822180791963504,0.9836514896358672,eggplant,False,True,out_of_distribution,coco_stuff_negatives,field_test
796,-1,34,0.5946756018160663,0.7261810258588502,strawberry,False,True,out_of_distribution,coco_stuff_negatives,field_test
797,-1,0,0.6823914024343285,0.8125662889315257,tomato,False,True,out_of_distribution,coco_stuff_negatives,field_test
797,-1,11,0.5213656905586638,0.8297693862528452,cucumber,False,True,out_of_distribution,coco_stuff_negatives,field_test
797,-1,19,0.2915426565508209,0.7969930005310613,pepper,False,True,out_of_distribution,coco_stuff_negatives,field_test
797,-1,26,0.2760079933083873,0.9125596166135257,eggplant,False,True,out_of_distribution,coco_stuff_negatives,field_test
797,-1,37,0.5483905448726613,0.8778570676541488,strawberry,False,True,out_of_distribution,coco_stuff_negatives,field_test
798,-1,0,0.7124512467502873,0.7556204696467357,tomato,False,True,out_of_distribution,coco_stuff_negatives,field_test
798,-1,11,0.2838471504549202,0.8819012612511229,cucumber,False,True,out_of_distribution,coco_stuff_negatives,field_test
798,-1,19,0.6929216088328243,0.7710002578403552,pepper,False,True,out_of_distribution,coco_stuff_negatives,field_test
798,-1,26,0.22992529646082932,0.9711831880521942,eggplant,False,True,out_of_distribution,coco_stuff_negatives,field_test
798,-1,32,0.46313289665040075,0.8085400971964023,strawberry,False,True,out_of_distribution,coco_stuff_negatives,field_test
799,-1,0,0.44038070579509186,0.7514856591853974,tomato,False,True,out_of_distribution,coco_stuff_negatives,field_test
799,-1,11,0.40232123361696537,0.7941360872714045,cucumber,False,True,out_of_distribution,coco_stuff_negatives,field_test
799,-1,19,0.38713795099889065,0.8375243280849958,pepper,False,True,out_of_distribution,coco_stuff_negatives,field_test
799,-1,26,0.2839301049652702,0.9153284394924812,eggplant,False,True,out_of_distribution,coco_stuff_negatives,field_test
799,-1,32,0.6600969745559688,0.7271540011713608,strawberry,False,True,out_of_distribution,coco_stuff_negatives,field_test
800,-1,0,0.4011037920319241,0.8952385637070859,tomato,False,True,out_of_distribution,coco_stuff_negatives,field_test
800,-1,11,0.47499279521617105,0.8152918064074393,cucumber,False,True,out_of_distribution,coco_stuff_negatives,field_test
800,-1,22,0.31454376367593184,0.8213172259170929,pepper,False,True,out_of_distribution,coco_stuff_negatives,field_test
800,-1,29,0.26867264855849265,0.9772377774542763,eggplant,False,True,out_of_distribution,coco_stuff_negatives,field_test
800,-1,38,0.6785634478719115,0.7433476271970565,strawberry,False,True,out_of_distribution,coco_stuff_negatives,field_test
801,-1,1,0.4129624530028275,0.7550431339448654,tomato,False,True,out_of_distribution,coco_stuff_negatives,field_test
801,-1,18,0.39764415347573395,0.8271881310678639,cucumber,False,True,out_of_distribution,coco_stuff_negatives,field_test
801,-1,20,0.43391236979799963,0.8706517388789421,pepper,False,True,out_of_distribution,coco_stuff_negatives,field_test
801,-1,25,0.2423638548616731,0.8883072295537595,eggplant,False,True,out_of_distribution,coco_stuff_negatives,field_test
801,-1,32,0.5443581981871142,0.8470515862258616,strawberry,False,True,out_of_distribution,coco_stuff_negatives,field_test
802,-1,6,0.22224818513740857,0.862186778450037,tomato,False,True,out_of_distribution,coco_stuff_negatives,field_test
802,-1,13,0.48383426910590766,0.8578013617095157,cucumber,False,True,out_of_distribution,coco_stuff_negatives,field_test
802,-1,22,0.43365242491034156,0.863169261639279,pepper,False,True,out_of_distribution,coco_stuff_negatives,field_test
802,-1,31,0.3037448585552428,0.9590728470509036,eggplant,False,True,out_of_distribution,coco_stuff_negatives,field_test
802,-1,32,0.6477816251728714,0.7803299367443213,strawberry,False,True,out_of_distribution,coco_stuff_negatives,field_test
803,-1,2,0.3228208561924563,0.8545542612260271,tomato,False,True,out_of_distribution,coco_stuff_negatives,field_test
803,-1,16,0.23441853058318526,1.0044498730944023,cucumber,False,True,out_of_distribution,coco_stuff_negatives,field_test
803,-1,22,0.41743548418180865,0.8973690135047708,pepper,False,True,out_of_distribution,coco_stuff_negatives,field_test
803,-1,26,0.7075576670674406,0.8588478074993351,eggplant,False,True,out_of_distribution,coco_stuff_negatives,field_test
803,-1,38,0.4880241564037571,0.811335873687532,strawberry,False,True,out_of_distribution,coco_stuff_negatives,field_test
804,-1,0,0.6855878236848495,0.7687835699803888,tomato,False,True,out_of_distribution,coco_stuff_negatives,field_test
804,-1,13,0.5759716638921729,0.8062024003823091,cucumber,False,True,out_of_distribution,coco_stuff_negatives,field_test
804,-1,19,0.9022494594541953,0.7493554635190989,pepper,False,True,out_of_distribution,coco_stuff_negatives,field_test
804,-1,25,0.35726721946034545,0.8281812390120187,eggplant,False,True,out_of_distribution,coco_stuff_negatives,field_test
804,-1,32,0.4764597620545621,0.7144892227014075,strawberry,False,True,out_of_distribution,coco_stuff_negatives,field_test
805,-1,0,0.9639263576893689,0.5030324046329635,tomato,False,True,out_of_distribution,coco_stuff_negatives,field_test
805,-1,11,0.33701945361581204,0.6915029108153457,cucumber,False,True,out_of_distribution,coco_stuff_negatives,field_test
805,-1,19,0.7360852062579702,0.5962433466571163,pepper,False,True,out_of_distribution,coco_stuff_negatives,field_test
805,-1,25,0.3496540308349176,0.6211360313731207,eggplant,False,True,out_of_distribution,coco_stuff_negatives,field_test
805,-1,32,0.8674275319835648,0.5613456516682911,strawberry,False,True,out_of_distribution,coco_stuff_negatives,field_test
806,-1,2,0.47078931178039923,0.8273463409303263,tomato,False,True,out_of_distribution,coco_stuff_negatives,field_test
806,-1,17,0.23894777706422957,0.9128196426168202,cucumber,False,True,out_of_distribution,coco_stuff_negatives,field_test
806,-1,23,0.3249416506961583,0.8890407074470256,pepper,False,True,out_of_distribution,coco_stuff_negatives,field_test
806,-1,31,0.3529590532341008,1.0182052614493202,eggplant,False,True,out_of_distribution,coco_stuff_negatives,field_test
806,-1,34,0.46406899734195867,0.7733984084186999,strawberry,False,True,out_of_distribution,coco_stuff_negatives,field_test
807,-1,0,0.4748291883089837,0.8163107040709193,tomato,False,True,out_of_distribution,coco_stuff_negatives,field_test
807,-1,15,0.3821299936316991,0.8467378840349049,cucumber,False,True,out_of_distribution,coco_stuff_negatives,field_test
807,-1,22,0.47562507547879085,0.8192186937173453,pepper,False,True,out_of_distribution,coco_stuff_negatives,field_test
807,-1,31,0.49905640951985136,0.8781044964470366,eggplant,False,True,out_of_distribution,coco_stuff_negatives,field_test
807,-1,32,0.6970476733671233,0.7892237513214766,strawberry,False,True,out_of_distribution,coco_stuff_negatives,field_test
808,-1,8,0.3471401240306455,0.7522639025806873,tomato,False,True,out_of_distribution,coco_stuff_negatives,field_test
808,-1,13,0.5130305343084929,0.7039005421739803,cucumber,False,True,out_of_distribution,coco_stuff_negatives,field_test
808,-1,19,0.33031185960196874,0.9195446014583258,pepper,False,True,out_of_distribution,coco_stuff_negatives,field_test
808,-1,27,0.4017393070372591,0.9102814209960759,eggplant,False,True,out_of_distribution,coco_stuff_negatives,field_test
808,-1,32,0.4058227384077678,0.7988650085801624,strawberry,False,True,out_of_distribution,coco_stuff_negatives,field_test
809,-1,0,0.6041088215419599,0.7624715551654042,tomato,False,True,out_of_distribution,coco_stuff_negatives,field_test
809,-1,17,0.26577924228417305,0.9241187789075911,cucumber,False,True,out_of_distribution,coco_stuff_negatives,field_test
809,-1,19,0.381169945697325,0.8415850013345632,pepper,False,True,out_of_distribution,coco_stuff_negatives,field_test
809,-1,30,0.2198064948634034,0.9745640338392159,eggplant,False,True,out_of_distribution,coco_stuff_negatives,field_test
809,-1,32,0.44209021405518056,0.8217226774029663,strawberry,False,True,out_of_distribution,coco_stuff_negatives,field_test
810,-1,0,0.2291364223344726,0.8989885862919973,tomato,False,True,out_of_distribution,coco_stuff_negatives,field_test
810,-1,18,0.3481920726422403,0.928661337126711,cucumber,False,True,out_of_distribution,coco_stuff_negatives,field_test
810,-1,19,0.39458836444128936,0.8624489452319593,pepper,False,True,out_of_distribution,coco_stuff_negatives,field_test
810,-1,26,0.5166037303548234,0.8606425298069713,eggplant,False,True,out_of_distribution,coco_stuff_negatives,field_test
810,-1,32,0.31421053705558516,0.8764551214885193,strawberry,False,True,out_of_distribution,coco_stuff_negatives,field_test
811,-1,7,0.2901755951899466,0.8870675686672231,tomato,False,True,out_of_distribution,coco_stuff_negatives,field_test
811,-1,13,0.44673893849535207,0.8076894344511826,cucumber,False,True,out_of_distribution,coco_stuff_negatives,field_test
811,-1,24,0.6011620720594073,0.7692337414163579,pepper,False,True,out_of_distribution,coco_stuff_negatives,field_test
811,-1,28,0.39356669341573053,0.9087765038287703,eggplant,False,True,out_of_distribution,coco_stuff_negatives,field_test
811,-1,35,0.3384214034523973,0.8353352841853972,strawberry,False,True,out_of_distribution,coco_stuff_negatives,field_test
812,-1,0,0.5257095710171391,0.7154163990879902,tomato,False,True,out_of_distribution,coco_stuff_negatives,field_test
812,-1,16,0.2206261360411548,0.8475855280759224,cucumber,False,True,out_of_distribution,coco_stuff_negatives,field_test
812,-1,19,0.425280132410276,0.7854078711693341,pepper,False,True,out_of_distribution,coco_stuff_negatives,field_test
812,-1,26,0.27898640360853244,0.8404048361916419,eggplant,False,True,out_of_distribution,coco_stuff_negatives,field_test
812,-1,32,0.6279629394505098,0.7702043790712072,strawberry,False,True,out_of_distribution,coco_stuff_negatives,field_test
813,-1,0,0.6793585479166577,0.7621446299618311,tomato,False,True,out_of_distribution,coco_stuff_negatives,field_test
813,-1,13,0.5653503186932827,0.706608636971866,cucumber,False,True,out_of_distribution,coco_stuff_negatives,field_test
813,-1,19,0.4492661492674659,0.8401193773530353,pepper,False,True,out_of_distribution,coco_stuff_negatives,field_test
813,-1,27,0.729784606604112,0.8257930918739226,eggplant,False,True,out_of_distribution,coco_stuff_negatives,field_test
813,-1,32,0.7699468739594822,0.6811218520359039,strawberry,False,True,out_of_distribution,coco_stuff_negatives,field_test
814,-1,4,0.32940019217979505,0.9332913725930181,tomato,False,True,out_of_distribution,coco_stuff_negatives,field_test
814,-1,13,0.5314211876063684,0.9459922439810704,cucumber,False,True,out_of_distribution,coco_stuff_negatives,field_test
814,-1,23,0.48812475796494664,0.8739710603232578,pepper,False,True,out_of_distribution,coco_stuff_negatives,field_test
814,-1,26,0.33749968406525876,0.9623086706174522,eggplant,False,True,out_of_distribution,coco_stuff_negatives,field_test
814,-1,33,0.5166156595690592,0.8729236901447497,strawberry,False,True,out_of_distribution,coco_stuff_negatives,field_test
815,-1,6,0.38876853738170186,0.7522477783399527,tomato,False,True,out_of_distribution,coco_stuff_negatives,field_test
815,-1,12,0.5328732052166391,0.7941222697031589,cucumber,False,True,out_of_distribution,coco_stuff_negatives,field_test
815,-1,20,0.40822912260893696,0.9199875040415624,pepper,False,True,out_of_distribution,coco_stuff_negatives,field_test
815,-1,26,0.4492086426626703,0.9286175854646028,eggplant,False,True,out_of_distribution,coco_stuff_negatives,field_test
815,-1,34,0.4272645768868642,0.7769360441357256,strawberry,False,True,out_of_distribution,coco_stuff_negatives,field_test
816,-1,0,0.7532274498721412,0.7614843009729426,tomato,False,True,out_of_distribution,coco_stuff_negatives,field_test
816,-1,11,0.47088190647144285,0.7518651057891954,cucumber,False,True,out_of_distribution,coco_stuff_negatives,field_test
816,-1,19,0.40934754390060846,0.8804502077940258,pepper,False,True,out_of_distribution,coco_stuff_negatives,field_test
816,-1,25,0.29361404670319957,0.776245322237684,eggplant,False,True,out_of_distribution,coco_stuff_negatives,field_test
816,-1,32,0.5552294624255751,0.715863501002112,strawberry,False,True,out_of_distribution,coco_stuff_negatives,field_test
817,-1,0,0.0,,tomato,False,False,camera_obscured,coco_stuff_negatives,field_test
817,-1,0,0.0,,cucumber,False,False,camera_obscured,coco_stuff_negatives,field_test
817,-1,0,0.0,,pepper,False,False,camera_obscured,coco_stuff_negatives,field_test
817,-1,0,0.0,,eggplant,False,False,camera_obscured,coco_stuff_negatives,field_test
817,-1,0,0.0,,strawberry,False,False,camera_obscured,coco_stuff_negatives,field_test
818,-1,0,0.0,,tomato,False,False,image_too_blurry,coco_stuff_negatives,field_test
818,-1,0,0.0,,cucumber,False,False,image_too_blurry,coco_stuff_negatives,field_test
818,-1,0,0.0,,pepper,False,False,image_too_blurry,coco_stuff_negatives,field_test
818,-1,0,0.0,,eggplant,False,False,image_too_blurry,coco_stuff_negatives,field_test
818,-1,0,0.0,,strawberry,False,False,image_too_blurry,coco_stuff_negatives,field_test
819,-1,6,0.6757170763308793,0.7372667445093655,tomato,False,True,out_of_distribution,coco_stuff_negatives,field_test
819,-1,14,0.24160142646620886,0.894462125247626,cucumber,False,True,out_of_distribution,coco_stuff_negatives,field_test
819,-1,22,0.47316451044597724,0.8291420207782315,pepper,False,True,out_of_distribution,coco_stuff_negatives,field_test
819,-1,31,0.32291122083012835,0.924170985893143,eggplant,False,True,out_of_distribution,coco_stuff_negatives,field_test
819,-1,32,0.292350064750824,0.9211659629833202,strawberry,False,True,out_of_distribution,coco_stuff_negatives,field_test
820,-1,3,0.33614694055733424,0.8466346143134249,tomato,False,True,out_of_distribution,coco_stuff_negatives,field_test
820,-1,18,0.7095225399350842,0.7536200701863299,cucumber,False,True,out_of_distribution,coco_stuff_negatives,field_test
820,-1,22,0.43026126478064064,0.8264260518132867,pepper,False,True,out_of_distribution,coco_stuff_negatives,field_test
820,-1,30,0.23467411004368305,0.9093323382358478,eggplant,False,True,out_of_distribution,coco_stuff_negatives,field_test
820,-1,35,0.7555247812622814,0.7013791755410639,strawberry,False,True,out_of_distribution,coco_stuff_negatives,field_test
821,-1,6,0.25810580214588796,0.9048402179194619,tomato,False,True,out_of_distribution,coco_stuff_negatives,field_test
821,-1,13,0.3298131542163675,0.8592499370595911,cucumber,False,True,out_of_distribution,coco_stuff_negatives,field_test
821,-1,24,0.5655842467021439,0.8064910456180483,pepper,False,True,out_of_distribution,coco_stuff_negatives,field_test
821,-1,31,0.6874951389188384,0.8379700415492277,eggplant,False,True,out_of_distribution,coco_stuff_negatives,field_test
821,-1,35,0.42154868412982416,0.7850401742522128,strawberry,False,True,out_of_distribution,coco_stuff_negatives,field_test
822,-1,0,0.6970287973628049,0.6792870059373766,tomato,False,True,out_of_distribution,coco_stuff_negatives,field_test
822,-1,11,0.39055558399782175,0.76501440091169,cucumber,False,True,out_of_distribution,coco_stuff_negatives,field_test
822,-1,19,0.9428572471532334,0.7170350443042952,pepper,False,True,out_of_distribution,coco_stuff_negatives,field_test
822,-1,30,0.36125911564384106,0.9110014652927596,eggplant,False,True,out_of_distribution,coco_stuff_negatives,field_test
822,-1,32,0.6435295999599002,0.7298826048362984,strawberry,False,True,out_of_distribution,coco_stuff_negatives,field_test
823,-1,10,0.3728345318540666,0.8631857141900167,tomato,False,True,out_of_distribution,coco_stuff_negatives,field_test
823,-1,11,0.40562570888076555,0.8529328687997142,cucumber,False,True,out_of_distribution,coco_stuff_negatives,field_test
823,-1,20,0.4917317976586688,0.8171839448977192,pepper,False,True,out_of_distribution,coco_stuff_negatives,field_test
823,-1,26,0.40952362552025195,0.8511161828821387,eggplant,False,True,out_of_distribution,coco_stuff_negatives,field_test
823,-1,32,0.500430332682585,0.8967356333691255,strawberry,False,True,out_of_distribution,coco_stuff_negatives,field_test
824,-1,0,0.7254365698610151,0.7430990051680224,tomato,False,True,out_of_distribution,coco_stuff_negatives,field_test
824,-1,15,0.22053167960630846,0.9062644895947197,cucumber,False,True,out_of_distribution,coco_stuff_negatives,field_test
824,-1,22,0.6426289424200841,0.8620126037066709,pepper,False,True,out_of_distribution,coco_stuff_negatives,field_test
824,-1,25,0.3248691250906192,0.7810750224688121,eggplant,False,True,out_of_distribution,coco_stuff_negatives,field_test
824,-1,33,0.3028463966373128,0.9028969952688577,strawberry,False,True,out_of_distribution,coco_stuff_negatives,field_test
825,-1,8,0.33674525594740407,0.6848862737084097,tomato,False,True,out_of_distribution,coco_stuff_negatives,field_test
825,-1,13,0.7120905730157852,0.6325283404895379,cucumber,False,True,out_of_distribution,coco_stuff_negatives,field_test
825,-1,24,0.43741095942262764,0.8365845224585622,pepper,False,True,out_of_distribution,coco_stuff_negatives,field_test
825,-1,27,0.5511733051979902,0.8518124641437548,eggplant,False,True,out_of_distribution,coco_stuff_negatives,field_test
825,-1,37,0.5859419704677467,0.6562656808066066,strawberry,False,True,out_of_distribution,coco_stuff_negatives,field_test
826,-1,0,0.7977600803574634,0.6919104300141223,tomato,False,True,out_of_distribution,coco_stuff_negatives,field_test
826,-1,12,0.49971596497212467,0.8723650349511263,cucumber,False,True,out_of_distribution,coco_stuff_negatives,field_test
826,-1,19,0.3396509146539193,0.7860461629393666,pepper,False,True,out_of_distribution,coco_stuff_negatives,field_test
826,-1,25,0.3995871390882024,0.7734269174271275,eggplant,False,True,out_of_distribution,coco_stuff_negatives,field_test
826,-1,32,0.49445610465161094,0.6766567053971045,strawberry,False,True,out_of_distribution,coco_stuff_negatives,field_test
827,-1,0,0.0,,tomato,False,False,camera_obscured,coco_stuff_negatives,field_test
827,-1,0,0.0,,cucumber,False,False,camera_obscured,coco_stuff_negatives,field_test
827,-1,0,0.0,,pepper,False,False,camera_obscured,coco_stuff_negatives,field_test
827,-1,0,0.0,,eggplant,False,False,camera_obscured,coco_stuff_negatives,field_test
827,-1,0,0.0,,strawberry,False,False,camera_obscured,coco_stuff_negatives,field_test
828,-1,0,0.4417420473310116,0.8356987516751653,tomato,False,True,out_of_distribution,coco_stuff_negatives,field_test
828,-1,15,0.4757360277741268,0.8507587694564396,cucumber,False,True,out_of_distribution,coco_stuff_negatives,field_test
828,-1,19,0.5392277284638053,0.8527527144907405,pepper,False,True,out_of_distribution,coco_stuff_negatives,field_test
828,-1,31,0.36282819613420364,0.771290887691283,eggplant,False,True,out_of_distribution,coco_stuff_negatives,field_test
828,-1,32,0.3495234006931535,0.8941605741394512,strawberry,False,True,out_of_distribution,coco_stuff_negatives,field_test
829,-1,0,0.7674184892429242,0.8001001145113342,tomato,False,True,out_of_distribution,coco_stuff_negatives,field_test
829,-1,15,0.3851857036144869,0.8835520638665345,cucumber,False,True,out_of_distribution,coco_stuff_negatives,field_test
829,-1,19,0.4451473984942257,0.8877846017352282,pepper,False,True,out_of_distribution,coco_stuff_negatives,field_test
829,-1,25,0.7035461312636258,0.7930242816361776,eggplant,False,True,out_of_distribution,coco_stuff_negatives,field_test
829,-1,38,0.3448673693397315,0.8869647536711474,strawberry,False,True,out_of_distribution,coco_stuff_negatives,field_test
830,-1,1,0.4513231456104616,0.715207723907886,tomato,False,True,out_of_distribution,coco_stuff_negatives,field_test
830,-1,11,0.4092342248534025,0.9472082483571589,cucumber,False,True,out_of_distribution,coco_stuff_negatives,field_test
830,-1,19,0.44265630085909274,0.8953839347557104,pepper,False,True,out_of_distribution,coco_stuff_negatives,field_test
830,-1,30,0.3788030799600858,0.9666130239335331,eggplant,False,True,out_of_distribution,coco_stuff_negatives,field_test
830,-1,37,0.40770728410208434,0.9968532477478269,strawberry,False,True,out_of_distribution,coco_stuff_negatives,field_test
831,-1,0,0.41948282671338194,0.8757950838081908,tomato,False,True,out_of_distribution,coco_stuff_negatives,field_test
831,-1,11,0.40574136702379676,0.9033249525629627,cucumber,False,True,out_of_distribution,coco_stuff_negatives,field_test
831,-1,22,0.6599679806817438,0.7797178026804715,pepper,False,True,out_of_distribution,coco_stuff_negatives,field_test
831,-1,26,0.38602398048383013,0.8515979854238085,eggplant,False,True,out_of_distribution,coco_stuff_negatives,field_test
831,-1,33,0.6372236868909608,0.829493339445226,strawberry,False,True,out_of_distribution,coco_stuff_negatives,field_test
832,-1,0,0.6340838626449453,0.8354300336215319,tomato,False,True,out_of_distribution,coco_stuff_negatives,field_test
832,-1,13,0.781486426210868,0.5872509875562213,cucumber,False,True,out_of_distribution,coco_stuff_negatives,field_test
832,-1,19,0.3725571784643408,0.8640816053067225,pepper,False,True,out_of_distribution,coco_stuff_negatives,field_test
832,-1,31,0.3721547541657712,0.954823601260483,eggplant,False,True,out_of_distribution,coco_stuff_negatives,field_test
832,-1,32,0.6412540915442159,0.7261855210255307,strawberry,False,True,out_of_distribution,coco_stuff_negatives,field_test
833,-1,0,0.3598692444916227,0.8180935071568802,tomato,False,True,out_of_distribution,coco_stuff_negatives,field_test
833,-1,11,0.3353692094153029,0.8593044852404468,cucumber,False,True,out_of_distribution,coco_stuff_negatives,field_test
833,-1,19,0.3930378979037901,0.8806625781124263,pepper,False,True,out_of_distribution,coco_stuff_negatives,field_test
833,-1,31,0.2692048911952202,0.9950173262473111,eggplant,False,True,out_of_distribution,coco_stuff_negatives,field_test
833,-1,32,0.5979374115649739,0.7262180520696906,strawberry,False,True,out_of_distribution,coco_stuff_negatives,field_test
834,-1,4,0.28002858479813353,0.9322049448679358,tomato,False,True,out_of_distribution,coco_stuff_negatives,field_test
834,-1,16,0.2658785763587091,0.8287686226176287,cucumber,False,True,out_of_distribution,coco_stuff_negatives,field_test
834,-1,20,0.5663149829556602,0.9592936736002801,pepper,False,True,out_of_distribution,coco_stuff_negatives,field_test
834,-1,31,0.48001357448574256,0.851150994014173,eggplant,False,True,out_of_distribution,coco_stuff_negatives,field_test
834,-1,33,0.2719160511541723,0.9853889746343699,strawberry,False,True,out_of_distribution,coco_stuff_negatives,field_test
835,-1,0,0.3154211643292144,0.9390239057835156,tomato,False,True,out_of_distribution,coco_stuff_negatives,field_test
835,-1,11,0.3165836347659242,0.926124933956355,cucumber,False,True,out_of_distribution,coco_stuff_negatives,field_test
835,-1,19,0.3032733887370464,0.9394696613706677,pepper,False,True,out_of_distribution,coco_stuff_negatives,field_test
835,-1,26,0.6529287533570539,0.8328766036925137,eggplant,False,True,out_of_distribution,coco_stuff_negatives,field_test
835,-1,37,0.29088606345349577,0.8832470612355892,strawberry,False,True,out_of_distribution,coco_stuff_negatives,field_test
836,-1,9,0.23905843359318202,0.8296420309924495,tomato,False,True,out_of_distribution,coco_stuff_negatives,field_test
836,-1,18,0.3931820785619509,0.8949785054473096,cucumber,False,True,out_of_distribution,coco_stuff_negatives,field_test
836,-1,22,0.6085767773903009,0.834717411057999,pepper,False,True,out_of_distribution,coco_stuff_negatives,field_test
836,-1,31,0.30857392461794375,0.9190864512908571,eggplant,False,True,out_of_distribution,coco_stuff_negatives,field_test
836,-1,34,0.4737686365270776,0.9117237502376,strawberry,False,True,out_of_distribution,coco_stuff_negatives,field_test
837,-1,0,0.41086533841628603,0.8781372656476472,tomato,False,True,out_of_distribution,coco_stuff_negatives,field_test
837,-1,13,0.5285391431350727,0.7606769522746377,cucumber,False,True,out_of_distribution,coco_stuff_negatives,field_test
837,-1,19,0.4194945135657377,0.9081987058852741,pepper,False,True,out_of_distribution,coco_stuff_negatives,field_test
837,-1,27,0.3517281718035182,0.9316881783264294,eggplant,False,True,out_of_distribution,coco_stuff_negatives,field_test
837,-1,32,0.49943906707626357,0.8075477017569019,strawberry,False,True,out_of_distribution,coco_stuff_negatives,field_test
838,-1,0,0.3180825606003508,0.878023531292429,tomato,False,True,out_of_distribution,coco_stuff_negatives,field_test
838,-1,11,0.24476766334688516,0.8620656339543569,cucumber,False,True,out_of_distribution,coco_stuff_negatives,field_test
838,-1,22,0.4146031492432091,0.7680146525254148,pepper,False,True,out_of_distribution,coco_stuff_negatives,field_test
838,-1,31,0.2537785444211995,0.8854110484965059,eggplant,False,True,out_of_distribution,coco_stuff_negatives,field_test
838,-1,32,0.2643403289849915,0.9169259407340217,strawberry,False,True,out_of_distribution,coco_stuff_negatives,field_test
839,-1,0,0.41135730263109976,0.8685545775859165,tomato,False,True,out_of_distribution,coco_stuff_negatives,field_test
839,-1,11,0.6386001100083859,0.8131002461880907,cucumber,False,True,out_of_distribution,coco_stuff_negatives,field_test
839,-1,22,0.3635888083162205,0.8696083860699351,pepper,False,True,out_of_distribution,coco_stuff_negatives,field_test
839,-1,26,0.23306517794543202,0.8570425234793451,eggplant,False,True,out_of_distribution,coco_stuff_negatives,field_test
839,-1,32,0.31553505788226904,0.8533294523202245,strawberry,False,True,out_of_distribution,coco_stuff_negatives,field_test
840,-1,6,0.5286206087170777,0.6953530134451688,tomato,False,True,out_of_distribution,coco_stuff_negatives,field_test
840,-1,15,0.2855424355179227,0.8137584020177981,cucumber,False,True,out_of_distribution,coco_stuff_negatives,field_test
840,-1,19,0.30620439863204724,0.8707334029575883,pepper,False,True,out_of_distribution,coco_stuff_negatives,field_test
840,-1,31,0.3043217616995108,0.9369758871824194,eggplant,False,True,out_of_distribution,coco_stuff_negatives,field_test
840,-1,32,0.47694093707432,0.7966010636210539,strawberry,False,True,out_of_distribution,coco_stuff_negatives,field_test
841,-1,3,0.6216096757706614,0.5983762302137761,tomato,False,True,out_of_distribution,coco_stuff_negatives,field_test
841,-1,15,0.7996549464020548,0.6721705027348672,cucumber,False,True,out_of_distribution,coco_stuff_negatives,field_test
841,-1,19,0.42192407193682363,0.8767208053024317,pepper,False,True,out_of_distribution,coco_stuff_negatives,field_test
841,-1,31,0.817050767832252,0.6603829837482218,eggplant,False,True,out_of_distribution,coco_stuff_negatives,field_test
841,-1,35,0.33172837220642853,0.7999705542423121,strawberry,False,True,out_of_distribution,coco_stuff_negatives,field_test
842,-1,4,0.4097163146556621,0.8753649529125948,tomato,False,True,out_of_distribution,coco_stuff_negatives,field_test
842,-1,18,0.43640993579919024,0.8632524840875253,cucumber,False,True,out_of_distribution,coco_stuff_negatives,field_test
842,-1,24,0.44419034604785534,0.9178095494109053,pepper,False,True,out_of_distribution,coco_stuff_negatives,field_test
842,-1,29,0.3077066324393145,0.9227402568932198,eggplant,False,True,out_of_distribution,coco_stuff_negatives,field_test
842,-1,34,0.4970190233983933,0.8303409191046149,strawberry,False,True,out_of_distribution,coco_stuff_negatives,field_test
843,-1,4,0.22665476103671933,0.9039939719840668,tomato,False,True,out_of_distribution,coco_stuff_negatives,field_test
843,-1,13,0.4294359849029803,0.8799545417273551,cucumber,False,True,out_of_distribution,coco_stuff_negatives,field_test
843,-1,24,0.2928531058518953,0.9007514950312188,pepper,False,True,out_of_distribution,coco_stuff_negatives,field_test
843,-1,31,0.6146539419142056,0.9039442355516952,eggplant,False,True,out_of_distribution,coco_stuff_negatives,field_test
843,-1,37,0.2971134549472558,0.9104916265023522,strawberry,False,True,out_of_distribution,coco_stuff_negatives,field_test
844,-1,2,0.40531238891407284,0.8236848849192981,tomato,False,True,out_of_distribution,coco_stuff_negatives,field_test
844,-1,15,0.6285868899809366,0.7884769541794303,cucumber,False,True,out_of_distribution,coco_stuff_negatives,field_test
844,-1,20,0.6106612977774595,0.8874853295805036,pepper,False,True,out_of_distribution,coco_stuff_negatives,field_test
844,-1,27,0.27941038019003117,1.0197850136899784,eggplant,False,True,out_of_distribution,coco_stuff_negatives,field_test
844,-1,32,0.3579510697792622,0.9425729847604315,strawberry,False,True,out_of_distribution,coco_stuff_negatives,field_test
845,-1,0,0.5839088177579327,0.8863595777038151,tomato,False,True,out_of_distribution,coco_stuff_negatives,field_test
845,-1,13,0.18297004709239528,0.9024413369936313,cucumber,False,True,out_of_distribution,coco_stuff_negatives,field_test
845,-1,20,0.4429549158719054,0.9211027641579616,pepper,False,True,out_of_distribution,coco_stuff_negatives,field_test
845,-1,27,0.34385711960026455,0.9009155812716747,eggplant,False,True,out_of_distribution,coco_stuff_negatives,field_test
845,-1,32,0.7266141089823682,0.7933801243945513,strawberry,False,True,out_of_distribution,coco_stuff_negatives,field_test
846,-1,2,0.4801454188866575,0.8360627685125444,tomato,False,True,out_of_distribution,coco_stuff_negatives,field_test
846,-1,12,0.42036323036238527,0.8119694040789868,cucumber,False,True,out_of_distribution,coco_stuff_negatives,field_test
846,-1,19,0.5868616977696074,0.8386902241785414,pepper,False,True,out_of_distribution,coco_stuff_negatives,field_test
846,-1,27,0.3493630605409497,0.8228529393312841,eggplant,False,True,out_of_distribution,coco_stuff_negatives,field_test
846,-1,32,0.5737685253700653,0.8087062475072979,strawberry,False,True,out_of_distribution,coco_stuff_negatives,field_test
847,-1,0,0.4072610985282955,0.781252534862263,tomato,False,True,out_of_distribution,coco_stuff_negatives,field_test
847,-1,14,0.253486398313663,1.0304822629386003,cucumber,False,True,out_of_distribution,coco_stuff_negatives,field_test
847,-1,19,0.6051421896301618,0.8695772927578387,pepper,False,True,out_of_distribution,coco_stuff_negatives,field_test
847,-1,25,0.41647435490889256,0.8191357027255879,eggplant,False,True,out_of_distribution,coco_stuff_negatives,field_test
847,-1,37,0.43791027161294377,0.8578084006178099,strawberry,False,True,out_of_distribution,coco_stuff_negatives,field_test
848,-1,0,0.46667697339709463,0.8185690836336849,tomato,False,True,out_of_distribution,coco_stuff_negatives,field_test
848,-1,18,0.4289996361251151,0.9502458448523886,cucumber,False,True,out_of_distribution,coco_stuff_negatives,field_test
848,-1,19,0.3322107293536052,0.8608868472638914,pepper,False,True,out_of_distribution,coco_stuff_negatives,field_test
848,-1,30,0.3323066358463108,0.9223256187124025,eggplant,False,True,out_of_distribution,coco_stuff_negatives,field_test
848,-1,33,0.3141981329443878,0.8423228836233548,strawberry,False,True,out_of_distribution,coco_stuff_negatives,field_test
849,-1,6,0.36384173740401765,0.7577979564177049,tomato,False,True,out_of_distribution,coco_stuff_negatives,field_test
849,-1,15,0.21035892386408694,0.9441864723636588,cucumber,False,True,out_of_distribution,coco_stuff_negatives,field_test
849,-1,19,0.45496132654420207,0.8642520766827106,pepper,False,True,out_of_distribution,coco_stuff_negatives,field_test
849,-1,25,0.4350214475823931,0.8418838465823449,eggplant,False,True,out_of_distribution,coco_stuff_negatives,field_test
849,-1,32,0.5228452457216709,0.7843674905740396,strawberry,False,True,out_of_distribution,coco_stuff_negatives,field_test
850,-1,0,0.39025538588904674,0.754140441949334,tomato,False,True,out_of_distribution,coco_stuff_negatives,field_test
850,-1,12,0.2668743989172796,0.8354129679913214,cucumber,False,True,out_of_distribution,coco_stuff_negatives,field_test
850,-1,19,0.3754264529140314,0.8623292054479055,pepper,False,True,out_of_distribution,coco_stuff_negatives,field_test
850,-1,31,0.5143452082140246,0.8162188612224011,eggplant,False,True,out_of_distribution,coco_stuff_negatives,field_test
850,-1,32,0.38705243864663225,0.7816612008505954,strawberry,False,True,out_of_distribution,coco_stuff_negatives,field_test
851,-1,5,0.6041131634264868,0.8077223078813225,tomato,False,True,out_of_distribution,coco_stuff_negatives,field_test
851,-1,15,0.3056411878988574,0.9028255376605104,cucumber,False,True,out_of_distribution,coco_stuff_negatives,field_test
851,-1,21,0.32719365913606674,0.9209877323958264,pepper,False,True,out_of_distribution,coco_stuff_negatives,field_test
851,-1,30,0.3469304076979695,0.9105918952807748,eggplant,False,True,out_of_distribution,coco_stuff_negatives,field_test
851,-1,35,0.3149058595599942,0.9790113254715712,strawberry,False,True,out_of_distribution,coco_stuff_negatives,field_test
852,-1,0,0.5973874946250938,0.830730201638147,tomato,False,True,out_of_distribution,coco_stuff_negatives,field_test
852,-1,11,0.34809334759906063,0.8546790584443468,cucumber,False,True,out_of_distribution,coco_stuff_negatives,field_test
852,-1,21,0.46654656438474046,0.8792901400495888,pepper,False,True,out_of_distribution,coco_stuff_negatives,field_test
852,-1,29,0.4252777625712059,0.8306040855448918,eggplant,False,True,out_of_distribution,coco_stuff_negatives,field_test
852,-1,37,0.3154874271464358,0.8809890039780885,strawberry,False,True,out_of_distribution,coco_stuff_negatives,field_test
853,-1,0,0.5452421966437814,0.8705608083604953,tomato,False,True,out_of_distribution,coco_stuff_negatives,field_test
853,-1,12,0.5678462172426141,0.7372095396573397,cucumber,False,True,out_of_distribution,coco_stuff_negatives,field_test
853,-1,20,0.4377519796349427,0.8522384419849656,pepper,False,True,out_of_distribution,coco_stuff_negatives,field_test
853,-1,27,0.47186470978815986,0.8515131430680498,eggplant,False,True,out_of_distribution,coco_stuff_negatives,field_test
853,-1,32,0.3640634648578704,0.847835371666354,strawberry,False,True,out_of_distribution,coco_stuff_negatives,field_test
854,-1,0,0.8970995612709487,0.6731198784406968,tomato,False,True,out_of_distribution,coco_stuff_negatives,field_test
854,-1,11,0.7725904806211813,0.6479419255492598,cucumber,False,True,out_of_distribution,coco_stuff_negatives,field_test
854,-1,19,0.5375262294839833,0.7908041881101693,pepper,False,True,out_of_distribution,coco_stuff_negatives,field_test
854,-1,26,0.3348032850031778,0.8396903653652009,eggplant,False,True,out_of_distribution,coco_stuff_negatives,field_test
854,-1,32,0.7267128951666197,0.6809327905321148,strawberry,False,True,out_of_distribution,coco_stuff_negatives,field_test
855,-1,0,0.6096737293211285,0.8398723710706508,tomato,False,True,out_of_distribution,coco_stuff_negatives,field_test
855,-1,11,0.3166611496234725,0.8390389127303559,cucumber,False,True,out_of_distribution,coco_stuff_negatives,field_test
855,-1,22,0.4357542415780459,0.9238864283443738,pepper,False,True,out_of_distribution,coco_stuff_negatives,field_test
855,-1,31,0.3435512195475599,0.9293004778517419,eggplant,False,True,out_of_distribution,coco_stuff_negatives,field_test
855,-1,32,0.5891610446419152,0.8075864714010219,strawberry,False,True,out_of_distribution,coco_stuff_negatives,field_test
856,-1,0,0.0,,tomato,False,False,camera_obscured,coco_stuff_negatives,field_test
856,-1,0,0.0,,cucumber,False,False,camera_obscured,coco_stuff_negatives,field_test
856,-1,0,0.0,,pepper,False,False,camera_obscured,coco_stuff_negatives,field_test
856,-1,0,0.0,,eggplant,False,False,camera_obscured,coco_stuff_negatives,field_test
856,-1,0,0.0,,strawberry,False,False,camera_obscured,coco_stuff_negatives,field_test
857,-1,3,0.25751737193713714,0.8879724747887665,tomato,False,True,out_of_distribution,coco_stuff_negatives,field_test
857,-1,11,0.3818109461894773,0.7939120114514128,cucumber,False,True,out_of_distribution,coco_stuff_negatives,field_test
857,-1,22,0.3648583065996236,0.8690072620710895,pepper,False,True,out_of_distribution,coco_stuff_negatives,field_test
857,-1,31,0.30454695203846244,0.9402336277795482,eggplant,False,True,out_of_distribution,coco_stuff_negatives,field_test
857,-1,32,0.5609578702585619,0.8273382776385554,strawberry,False,True,out_of_distribution,coco_stuff_negatives,field_test
858,-1,0,0.46724004054864704,0.7750070604885188,tomato,False,True,out_of_distribution,coco_stuff_negatives,field_test
858,-1,15,0.337508884781599,0.8302655125239664,cucumber,False,True,out_of_distribution,coco_stuff_negatives,field_test
858,-1,19,0.6849110346307561,0.7697062519778689,pepper,False,True,out_of_distribution,coco_stuff_negatives,field_test
858,-1,31,0.4667479502578702,0.7556363097799323,eggplant,False,True,out_of_distribution,coco_stuff_negatives,field_test
858,-1,32,0.7928377426527632,0.7316931318666413,strawberry,False,True,out_of_distribution,coco_stuff_negatives,field_test
859,-1,0,0.5840057566103336,0.7447953267567831,tomato,False,True,out_of_distribution,coco_stuff_negatives,field_test
859,-1,11,0.6426352787026793,0.7879373615963006,cucumber,False,True,out_of_distribution,coco_stuff_negatives,field_test
859,-1,19,0.6091503177326782,0.8075409778463435,pepper,False,True,out_of_distribution,coco_stuff_negatives,field_test
859,-1,26,0.5680989154141077,0.725287049792785,eggplant,False,True,out_of_distribution,coco_stuff_negatives,field_test
859,-1,32,0.5185274476218713,0.7950935146379019,strawberry,False,True,out_of_distribution,coco_stuff_negatives,field_test
860,-1,0,0.4580020252360106,0.8420458070629195,tomato,False,True,out_of_distribution,coco_stuff_negatives,field_test
860,-1,12,0.3732229908049477,0.8465844661336328,cucumber,False,True,out_of_distribution,coco_stuff_negatives,field_test
860,-1,19,0.420634410681406,0.8587804636584752,pepper,False,True,out_of_distribution,coco_stuff_negatives,field_test
860,-1,26,0.3767030455127836,0.9107415583818109,eggplant,False,True,out_of_distribution,coco_stuff_negatives,field_test
860,-1,32,0.4048763934140928,0.8271929570372636,strawberry,False,True,out_of_distribution,coco_stuff_negatives,field_test
861,-1,0,0.6832893536256948,0.7564962254230101,tomato,False,True,out_of_distribution,coco_stuff_negatives,field_test
861,-1,11,0.36186024279967927,0.7607551138450852,cucumber,False,True,out_of_distribution,coco_stuff_negatives,field_test
861,-1,23,0.4781663715582317,0.7788686727510689,pepper,False,True,out_of_distribution,coco_stuff_negatives,field_test
861,-1,31,0.28935345909526455,0.8025261457672831,eggplant,False,True,out_of_distribution,coco_stuff_negatives,field_test
861,-1,32,0.3477574179660275,0.7846748259195433,strawberry,False,True,out_of_distribution,coco_stuff_negatives,field_test
862,-1,0,0.26098697888010297,0.8848700993509079,tomato,False,True,out_of_distribution,coco_stuff_negatives,field_test
862,-1,15,0.3388390446959093,0.9397329963169071,cucumber,False,True,out_of_distribution,coco_stuff_negatives,field_test
862,-1,20,0.4925758724565472,0.8712013060344836,pepper,False,True,out_of_distribution,coco_stuff_negatives,field_test
862,-1,27,0.36701716590166494,0.9111454996340027,eggplant,False,True,out_of_distribution,coco_stuff_negatives,field_test
862,-1,32,0.3698996125505181,0.869700783477017,strawberry,False,True,out_of_distribution,coco_stuff_negatives,field_test
863,-1,0,0.6084759815451682,0.7990942158060945,tomato,False,True,out_of_distribution,coco_stuff_negatives,field_test
863,-1,13,0.31881741371134775,1.0024980125212195,cucumber,False,True,out_of_distribution,coco_stuff_negatives,field_test
863,-1,20,0.3511353711300974,0.86119475020051,pepper,False,True,out_of_distribution,coco_stuff_negatives,field_test
863,-1,27,0.27575128314925457,0.9540173210097166,eggplant,False,True,out_of_distribution,coco_stuff_negatives,field_test
863,-1,32,0.4302375044292547,0.8802087619506612,strawberry,False,True,out_of_distribution,coco_stuff_negatives,field_test
864,-1,0,0.2830504516123391,0.9007413985769938,tomato,False,True,out_of_distribution,coco_stuff_negatives,field_test
864,-1,11,0.4937194391083855,0.7941586294034111,cucumber,False,True,out_of_distribution,coco_stuff_negatives,field_test
864,-1,22,0.813011964701197,0.8201080586731635,pepper,False,True,out_of_distribution,coco_stuff_negatives,field_test
864,-1,31,0.24483749977193017,0.9771805622582692,eggplant,False,True,out_of_distribution,coco_stuff_negatives,field_test
864,-1,33,0.49139175036821847,0.8892934611116471,strawberry,False,True,out_of_distribution,coco_stuff_negatives,field_test
865,-1,0,0.0,,tomato,False,False,camera_obscured,coco_stuff_negatives,field_test
865,-1,0,0.0,,cucumber,False,False,camera_obscured,coco_stuff_negatives,field_test
865,-1,0,0.0,,pepper,False,False,camera_obscured,coco_stuff_negatives,field_test
865,-1,0,0.0,,eggplant,False,False,camera_obscured,coco_stuff_negatives,field_test
865,-1,0,0.0,,strawberry,False,False,camera_obscured,coco_stuff_negatives,field_test
866,-1,1,0.2777399068939793,0.9055243943882048,tomato,False,True,out_of_distribution,coco_stuff_negatives,field_test
866,-1,15,0.4852970688685705,0.8878133583060779,cucumber,False,True,out_of_distribution,coco_stuff_negatives,field_test
866,-1,22,0.23725474467122223,0.9457208127948398,pepper,False,True,out_of_distribution,coco_stuff_negatives,field_test
866,-1,31,0.28219816653530816,0.9742330083131647,eggplant,False,True,out_of_distribution,coco_stuff_negatives,field_test
866,-1,35,0.33625348500012037,0.9249636953461717,strawberry,False,True,out_of_distribution,coco_stuff_negatives,field_test
867,-1,0,0.5724617576818001,0.7549901457843596,tomato,False,True,out_of_distribution,coco_stuff_negatives,field_test
867,-1,18,0.2528447494167528,0.8961391582458893,cucumber,False,True,out_of_distribution,coco_stuff_negatives,field_test
867,-1,19,0.5745494838190621,0.8049767419261671,pepper,False,True,out_of_distribution,coco_stuff_negatives,field_test
867,-1,29,0.2377614192586664,0.9157471509252952,eggplant,False,True,out_of_distribution,coco_stuff_negatives,field_test
867,-1,32,0.5120241660176545,0.817243897274488,strawberry,False,True,out_of_distribution,coco_stuff_negatives,field_test
868,-1,0,0.863807361186294,0.7312564730827354,tomato,False,True,out_of_distribution,coco_stuff_negatives,field_test
868,-1,11,0.6442070263569905,0.7094445873809302,cucumber,False,True,out_of_distribution,coco_stuff_negatives,field_test
868,-1,19,0.6973296185739432,0.8289968830877573,pepper,False,True,out_of_distribution,coco_stuff_negatives,field_test
868,-1,29,0.4739919281939405,0.8292175477594804,eggplant,False,True,out_of_distribution,coco_stuff_negatives,field_test
868,-1,32,0.6594564581441023,0.6984180066274412,strawberry,False,True,out_of_distribution,coco_stuff_negatives,field_test
869,-1,0,0.0,,tomato,False,False,camera_obscured,coco_stuff_negatives,field_test
869,-1,0,0.0,,cucumber,False,False,camera_obscured,coco_stuff_negatives,field_test
869,-1,0,0.0,,pepper,False,False,camera_obscured,coco_stuff_negatives,field_test
869,-1,0,0.0,,eggplant,False,False,camera_obscured,coco_stuff_negatives,field_test
869,-1,0,0.0,,strawberry,False,False,camera_obscured,coco_stuff_negatives,field_test
870,-1,0,0.0,,tomato,False,False,camera_obscured,coco_stuff_negatives,field_test
870,-1,0,0.0,,cucumber,False,False,camera_obscured,coco_stuff_negatives,field_test
870,-1,0,0.0,,pepper,False,False,camera_obscured,coco_stuff_negatives,field_test
870,-1,0,0.0,,eggplant,False,False,camera_obscured,coco_stuff_negatives,field_test
870,-1,0,0.0,,strawberry,False,False,camera_obscured,coco_stuff_negatives,field_test
871,-1,0,0.8590897416876766,0.6688445722536169,tomato,False,True,out_of_distribution,coco_stuff_negatives,field_test
871,-1,11,0.4857400463982947,0.6835278388620953,cucumber,False,True,out_of_distribution,coco_stuff_negatives,field_test
871,-1,19,0.5960296013784714,0.7391767158341996,pepper,False,True,out_of_distribution,coco_stuff_negatives,field_test
871,-1,29,0.3615871120172062,0.8808454271902928,eggplant,False,True,out_of_distribution,coco_stuff_negatives,field_test
871,-1,32,0.6812019966835857,0.6522043326050467,strawberry,False,True,out_of_distribution,coco_stuff_negatives,field_test
872,-1,0,0.5255700520808625,0.8997228120664077,tomato,False,True,out_of_distribution,coco_stuff_negatives,field_test
872,-1,15,0.19416097152346176,0.8635800271256263,cucumber,False,True,out_of_distribution,coco_stuff_negatives,field_test
872,-1,22,0.40347795576055184,0.8030339229876298,pepper,False,True,out_of_distribution,coco_stuff_negatives,field_test
872,-1,29,0.34960903488511413,0.8586715091453081,eggplant,False,True,out_of_distribution,coco_stuff_negatives,field_test
872,-1,32,0.2710277039239238,0.9266504865164261,strawberry,False,True,out_of_distribution,coco_stuff_negatives,field_test
873,-1,0,0.34472528566611116,0.8805825944600756,tomato,False,True,out_of_distribution,coco_stuff_negatives,field_test
873,-1,13,0.34419245071762344,0.7675891521873711,cucumber,False,True,out_of_distribution,coco_stuff_negatives,field_test
873,-1,19,0.44196803243669774,0.8859101358384237,pepper,False,True,out_of_distribution,coco_stuff_negatives,field_test
873,-1,27,0.4236986706268941,0.8872519718264815,eggplant,False,True,out_of_distribution,coco_stuff_negatives,field_test
873,-1,32,0.5148864235668521,0.7602387802716006,strawberry,False,True,out_of_distribution,coco_stuff_negatives,field_test
874,-1,3,0.38739927366301835,0.7891371293293243,tomato,False,True,out_of_distribution,coco_stuff_negatives,field_test
874,-1,18,0.3996092732673597,0.8062924805481718,cucumber,False,True,out_of_distribution,coco_stuff_negatives,field_test
874,-1,22,0.6957787281497678,0.7971720075332376,pepper,False,True,out_of_distribution,coco_stuff_negatives,field_test
874,-1,31,0.43944186261359325,0.864078596489489,eggplant,False,True,out_of_distribution,coco_stuff_negatives,field_test
874,-1,35,0.3581823850224645,0.843064108479955,strawberry,False,True,out_of_distribution,coco_stuff_negatives,field_test
875,-1,0,0.4496256632115865,0.8792909357940033,tomato,False,True,out_of_distribution,coco_stuff_negatives,field_test
875,-1,13,0.6145884968679564,0.6927654820288368,cucumber,False,True,out_of_distribution,coco_stuff_negatives,field_test
875,-1,24,0.31590661825886884,0.8381961482870854,pepper,False,True,out_of_distribution,coco_stuff_negatives,field_test
875,-1,31,0.3191328921473488,1.009219962333663,eggplant,False,True,out_of_distribution,coco_stuff_negatives,field_test
875,-1,32,0.5161050491327565,0.7315488245799797,strawberry,False,True,out_of_distribution,coco_stuff_negatives,field_test
876,-1,0,0.0,,tomato,False,False,camera_obscured,coco_stuff_negatives,field_test
876,-1,0,0.0,,cucumber,False,False,camera_obscured,coco_stuff_negatives,field_test
876,-1,0,0.0,,pepper,False,False,camera_obscured,coco_stuff_negatives,field_test
876,-1,0,0.0,,eggplant,False,False,camera_obscured,coco_stuff_negatives,field_test
876,-1,0,0.0,,strawberry,False,False,camera_obscured,coco_stuff_negatives,field_test
877,-1,1,0.2662274093111125,0.8792563288352373,tomato,False,True,out_of_distribution,coco_stuff_negatives,field_test
877,-1,13,0.3668470343882988,0.9072534654980261,cucumber,False,True,out_of_distribution,coco_stuff_negatives,field_test
877,-1,22,0.30002164229985223,0.9319098197195567,pepper,False,True,out_of_distribution,coco_stuff_negatives,field_test
877,-1,28,0.38827547590793043,1.010846656170935,eggplant,False,True,out_of_distribution,coco_stuff_negatives,field_test
877,-1,34,0.2057676412238047,0.9507192660422329,strawberry,False,True,out_of_distribution,coco_stuff_negatives,field_test
878,-1,5,0.4193695457062885,0.9150502074314685,tomato,False,True,out_of_distribution,coco_stuff_negatives,field_test
878,-1,18,0.3334771178650736,0.7668441950981597,cucumber,False,True,out_of_distribution,coco_stuff_negatives,field_test
878,-1,23,0.2315693599239369,0.9326469431811756,pepper,False,True,out_of_distribution,coco_stuff_negatives,field_test
878,-1,26,0.4220007971033698,0.883854258883009,eggplant,False,True,out_of_distribution,coco_stuff_negatives,field_test
878,-1,34,0.5502740141657022,0.8708593777525901,strawberry,False,True,out_of_distribution,coco_stuff_negatives,field_test
879,-1,0,0.32213628357102825,0.8143243838648048,tomato,False,True,out_of_distribution,coco_stuff_negatives,field_test
879,-1,15,0.6411352873498376,0.686327480741723,cucumber,False,True,out_of_distribution,coco_stuff_negatives,field_test
879,-1,23,0.4102517152354208,0.9829955615811954,pepper,False,True,out_of_distribution,coco_stuff_negatives,field_test
879,-1,31,0.3461547901042732,0.7853069609507516,eggplant,False,True,out_of_distribution,coco_stuff_negatives,field_test
879,-1,38,0.34855096961592247,0.8346179482931373,strawberry,False,True,out_of_distribution,coco_stuff_negatives,field_test
880,-1,4,0.45128299214134265,0.924464149995616,tomato,False,True,out_of_distribution,coco_stuff_negatives,field_test
880,-1,15,0.19867816040007882,0.9105576944152637,cucumber,False,True,out_of_distribution,coco_stuff_negatives,field_test
880,-1,20,0.41247498665345167,0.9391793574224291,pepper,False,True,out_of_distribution,coco_stuff_negatives,field_test
880,-1,27,0.5340252897445431,0.8642490155514198,eggplant,False,True,out_of_distribution,coco_stuff_negatives,field_test
880,-1,33,0.36458492625359457,1.004574436297456,strawberry,False,True,out_of_distribution,coco_stuff_negatives,field_test
881,-1,0,0.2256777748107051,0.8969902609274935,tomato,False,True,out_of_distribution,coco_stuff_negatives,field_test
881,-1,16,0.2610397746513646,0.9986877618529407,cucumber,False,True,out_of_distribution,coco_stuff_negatives,field_test
881,-1,22,0.8107180398142109,0.8108097854000023,pepper,False,True,out_of_distribution,coco_stuff_negatives,field_test
881,-1,31,0.478326100893466,0.8457282341158215,eggplant,False,True,out_of_distribution,coco_stuff_negatives,field_test
881,-1,38,0.35481140682821727,0.8986729197298994,strawberry,False,True,out_of_distribution,coco_stuff_negatives,field_test
882,-1,0,0.26399831048669203,0.9244843757455788,tomato,False,True,out_of_distribution,coco_stuff_negatives,field_test
882,-1,16,0.32702225926469186,0.9787301633224827,cucumber,False,True,out_of_distribution,coco_stuff_negatives,field_test
882,-1,22,0.7508758040510394,0.7543981559276085,pepper,False,True,out_of_distribution,coco_stuff_negatives,field_test
882,-1,29,0.22802264000895964,0.9454466899783188,eggplant,False,True,out_of_distribution,coco_stuff_negatives,field_test
882,-1,34,0.24125899306697285,0.9810409569191323,strawberry,False,True,out_of_distribution,coco_stuff_negatives,field_test
883,-1,0,0.0,,tomato,False,False,camera_obscured,coco_stuff_negatives,field_test
883,-1,0,0.0,,cucumber,False,False,camera_obscured,coco_stuff_negatives,field_test
883,-1,0,0.0,,pepper,False,False,camera_obscured,coco_stuff_negatives,field_test
883,-1,0,0.0,,eggplant,False,False,camera_obscured,coco_stuff_negatives,field_test
883,-1,0,0.0,,strawberry,False,False,camera_obscured,coco_stuff_negatives,field_test
884,-1,0,0.0,,tomato,False,False,camera_obscured,coco_stuff_negatives,field_test
884,-1,0,0.0,,cucumber,False,False,camera_obscured,coco_stuff_negatives,field_test
884,-1,0,0.0,,pepper,False,False,camera_obscured,coco_stuff_negatives,field_test
884,-1,0,0.0,,eggplant,False,False,camera_obscured,coco_stuff_negatives,field_test
884,-1,0,0.0,,strawberry,False,False,camera_obscured,coco_stuff_negatives,field_test
885,-1,0,0.38815120273667436,0.8543415355889817,tomato,False,True,out_of_distribution,coco_stuff_negatives,field_test
885,-1,11,0.670825129607673,0.8300422667811513,cucumber,False,True,out_of_distribution,coco_stuff_negatives,field_test
885,-1,22,0.4202633514896509,0.9079108527823949,pepper,False,True,out_of_distribution,coco_stuff_negatives,field_test
885,-1,26,0.2944292745016883,0.7473968491919787,eggplant,False,True,out_of_distribution,coco_stuff_negatives,field_test
885,-1,33,0.3950339378107113,0.8242877617802776,strawberry,False,True,out_of_distribution,coco_stuff_negatives,field_test
886,-1,1,0.2896787655888208,0.9579322954856679,tomato,False,True,out_of_distribution,coco_stuff_negatives,field_test
886,-1,17,0.23449413480783535,0.8463676452886943,cucumber,False,True,out_of_distribution,coco_stuff_negatives,field_test
886,-1,23,0.3845173837464076,0.8688694626168764,pepper,False,True,out_of_distribution,coco_stuff_negatives,field_test
886,-1,27,0.8224086877744566,0.8281053199567551,eggplant,False,True,out_of_distribution,coco_stuff_negatives,field_test
886,-1,32,0.5053546155778847,0.7941293295445204,strawberry,False,True,out_of_distribution,coco_stuff_negatives,field_test
887,-1,0,0.8728886299266783,0.6634651218486405,tomato,False,True,out_of_distribution,coco_stuff_negatives,field_test
887,-1,11,0.27583564310118475,0.7444895528123201,cucumber,False,True,out_of_distribution,coco_stuff_negatives,field_test
887,-1,22,0.8716582701135234,0.8430219223072632,pepper,False,True,out_of_distribution,coco_stuff_negatives,field_test
887,-1,31,0.25247238115992693,0.9134131650807674,eggplant,False,True,out_of_distribution,coco_stuff_negatives,field_test
887,-1,32,0.6555734754042661,0.7276683130402037,strawberry,False,True,out_of_distribution,coco_stuff_negatives,field_test
888,-1,0,0.5565422009678874,0.8059725928416555,tomato,False,True,out_of_distribution,coco_stuff_negatives,field_test
888,-1,11,0.4065479452598082,0.7566538730543952,cucumber,False,True,out_of_distribution,coco_stuff_negatives,field_test
888,-1,19,0.35855860782818355,0.8004357973602576,pepper,False,True,out_of_distribution,coco_stuff_negatives,field_test
888,-1,25,0.37665416234031657,0.8262887689879539,eggplant,False,True,out_of_distribution,coco_stuff_negatives,field_test
888,-1,32,0.3754616592386578,0.8253055541897325,strawberry,False,True,out_of_distribution,coco_stuff_negatives,field_test
889,-1,1,0.5491495833000278,0.8873149521569974,tomato,False,True,out_of_distribution,coco_stuff_negatives,field_test
889,-1,15,0.2549502630437159,0.8750817305585565,cucumber,False,True,out_of_distribution,coco_stuff_negatives,field_test
889,-1,20,0.48843334815030326,0.9165698430696281,pepper,False,True,out_of_distribution,coco_stuff_negatives,field_test
889,-1,31,0.416879367147891,0.9311290671020139,eggplant,False,True,out_of_distribution,coco_stuff_negatives,field_test
889,-1,32,0.4011726372674873,0.8705102953205985,strawberry,False,True,out_of_distribution,coco_stuff_negatives,field_test
890,-1,1,0.2819908021942364,0.9218759533803497,tomato,False,True,out_of_distribution,coco_stuff_negatives,field_test
890,-1,11,0.38286382634570765,0.8730890954324901,cucumber,False,True,out_of_distribution,coco_stuff_negatives,field_test
890,-1,23,0.2853368664395737,0.942620829308632,pepper,False,True,out_of_distribution,coco_stuff_negatives,field_test
890,-1,30,0.22563996355049515,0.9641304334920966,eggplant,False,True,out_of_distribution,coco_stuff_negatives,field_test
890,-1,37,0.4442616697946585,1.001276807858536,strawberry,False,True,out_of_distribution,coco_stuff_negatives,field_test
891,-1,0,0.4621169027449229,0.8263764635164724,tomato,False,True,out_of_distribution,coco_stuff_negatives,field_test
891,-1,13,0.4540750465686596,0.7623289980080891,cucumber,False,True,out_of_distribution,coco_stuff_negatives,field_test
891,-1,22,0.33573007615548717,0.9221911831584979,pepper,False,True,out_of_distribution,coco_stuff_negatives,field_test
891,-1,27,0.5071422456082675,0.9079489226045875,eggplant,False,True,out_of_distribution,coco_stuff_negatives,field_test
891,-1,32,0.7685223854927177,0.7294588643258996,strawberry,False,True,out_of_distribution,coco_stuff_negatives,field_test
892,-1,3,0.3041310944441982,0.871771172446576,tomato,False,True,out_of_distribution,coco_stuff_negatives,field_test
892,-1,14,0.2587371199880023,0.9843083165919435,cucumber,False,True,out_of_distribution,coco_stuff_negatives,field_test
892,-1,21,0.41293860617270955,0.9455036833836304,pepper,False,True,out_of_distribution,coco_stuff_negatives,field_test
892,-1,25,0.31791170589145107,0.9516015796688618,eggplant,False,True,out_of_distribution,coco_stuff_negatives,field_test
892,-1,36,0.3771953889632767,0.8999355495845078,strawberry,False,True,out_of_distribution,coco_stuff_negatives,field_test
893,-1,0,0.0,,tomato,False,False,camera_obscured,coco_stuff_negatives,field_test
893,-1,0,0.0,,cucumber,False,False,camera_obscured,coco_stuff_negatives,field_test
893,-1,0,0.0,,pepper,False,False,camera_obscured,coco_stuff_negatives,field_test
893,-1,0,0.0,,eggplant,False,False,camera_obscured,coco_stuff_negatives,field_test
893,-1,0,0.0,,strawberry,False,False,camera_obscured,coco_stuff_negatives,field_test
894,-1,0,0.799956988120178,0.6728574126624514,tomato,False,True,out_of_distribution,coco_stuff_negatives,field_test
894,-1,11,0.5504635072040657,0.6308627879683318,cucumber,False,True,out_of_distribution,coco_stuff_negatives,field_test
894,-1,19,0.8053480854516298,0.6836752677179119,pepper,False,True,out_of_distribution,coco_stuff_negatives,field_test
894,-1,25,0.7345774108387066,0.6778978501082505,eggplant,False,True,out_of_distribution,coco_stuff_negatives,field_test
894,-1,32,0.8011320212247612,0.6261088937217375,strawberry,False,True,out_of_distribution,coco_stuff_negatives,field_test
895,-1,1,0.23328493364974065,0.8473145667198877,tomato,False,True,out_of_distribution,coco_stuff_negatives,field_test
895,-1,15,0.28305927660973274,0.902650507851215,cucumber,False,True,out_of_distribution,coco_stuff_negatives,field_test
895,-1,19,0.7023311674399204,0.8265972256670691,pepper,False,True,out_of_distribution,coco_stuff_negatives,field_test
895,-1,31,0.44077130784543445,0.907415967231527,eggplant,False,True,out_of_distribution,coco_stuff_negatives,field_test
895,-1,32,0.5193258029258944,0.8879503904019997,strawberry,False,True,out_of_distribution,coco_stuff_negatives,field_test
900,3,3,0.9674883194388313,0.25608795034874854,tomato,True,True,,plantvillage,field_test
903,3,3,0.992940476312775,0.29431221662645757,tomato,True,True,,plantvillage,field_test
906,3,3,0.9948325903764912,0.18600712852319568,tomato,True,True,,plantvillage,field_test
908,3,3,0.9985424816494253,0.08778248362661356,tomato,True,True,,plantvillage,field_test
910,3,3,0.9944746401853407,0.2115373301181802,tomato,True,True,,plantvillage,field_test
913,3,3,0.9702343378220637,0.3414198730681699,tomato,True,True,,plantvillage,field_test
915,3,3,0.9973974830471323,0.18118319917025327,tomato,True,True,,plantvillage,field_test
921,3,3,0.9964209168400116,0.2249527011186352,tomato,True,True,,plantvillage,field_test
922,3,3,0.9706206735098153,0.27069595928494383,tomato,True,True,,plantvillage,field_test
923,3,3,0.8874075056655422,0.37271398499919006,tomato,True,True,,plantvillage,field_test
925,3,3,0.9963034308761696,0.19133277806794846,tomato,True,True,,plantvillage,field_test
926,3,3,0.9980484823876644,0.17638281872716788,tomato,True,True,,plantvillage,field_test
938,3,3,0.99851877936879,0.15938852379146606,tomato,True,True,,plantvillage,field_test
944,3,3,0.9142041852509978,0.44659388015963564,tomato,True,True,,plantvillage,field_test
946,3,3,0.999266506856075,0.11692752045405985,tomato,True,True,,plantvillage,field_test
949,3,3,0.9517024690995424,0.37988969542569917,tomato,True,True,,plantvillage,field_test
953,3,3,0.9972502260792058,0.13054695061012112,tomato,True,True,,plantvillage,field_test
955,3,3,0.9971913520158057,0.25649492963747944,tomato,True,True,,plantvillage,field_test
957,3,3,0.7352156949948226,0.355736438300047,tomato,True,True,,plantvillage,field_test
959,3,3,0.9968669425359692,0.15969107824402562,tomato,True,True,,plantvillage,field_test
960,3,3,0.994761440914331,0.3091024864968306,tomato,True,True,,plantvillage,field_test
961,3,3,0.9484788240265845,0.2437118612857211,tomato,True,True,,plantvillage,field_test
963,3,3,0.9353596373920796,0.5550484100173316,tomato,True,True,,plantvillage,field_test
969,3,2,0.799177466849371,0.42008735352874294,tomato,True,True,,plantvillage,field_test
973,3,3,0.9957709198331868,0.18699206096132026,tomato,True,True,,plantvillage,field_test
982,3,3,0.9988995772384266,0.13128733045521224,tomato,True,True,,plantvillage,field_test
992,3,3,0.9978353603291037,0.21685203335761805,tomato,True,True,,plantvillage,field_test
996,3,3,0.9902335021835854,0.22398101958751848,tomato,True,True,,plantvillage,field_test
1000,3,3,0.9931709818655299,0.24162513705313216,tomato,True,True,,plantvillage,field_test
1004,3,3,0.9988436086752034,0.09152830327876671,tomato,True,True,,plantvillage,field_test
1005,3,3,0.9973481367617414,0.16118856726983877,tomato,True,True,,plantvillage,field_test
1007,3,3,0.7724808051752883,0.6329702590328793,tomato,True,True,,plantvillage,field_test
1014,3,3,0.9980472384441856,0.14387311075188802,tomato,True,True,,plantvillage,field_test
1017,3,3,0.9988680976020278,0.06880094363829303,tomato,True,True,,plantvillage,field_test
1021,3,3,0.9953885733545432,0.17931421527807645,tomato,True,True,,plantvillage,field_test
1027,3,3,0.9948004220706753,0.1831095301378206,tomato,True,True,,plantvillage,field_test
1030,3,3,0.895541106198099,0.33931238399778385,tomato,True,True,,plantvillage,field_test
1035,3,3,0.9853575060753141,0.3133343060452416,tomato,True,True,,plantvillage,field_test
1050,3,3,0.9903707356817758,0.3297822066739238,tomato,True,True,,plantvillage,field_test
1052,3,3,0.9950701444198619,0.13970555767941462,tomato,True,True,,plantvillage,field_test
1065,3,3,0.9598503709943227,0.5005377552601838,tomato,True,True,,plantvillage,field_test
1067,3,3,0.99920980220694,0.16250951622325804,tomato,True,True,,plantvillage,field_test
1069,3,3,0.9957173114624631,0.16821288572632476,tomato,True,True,,plantvillage,field_test
1080,3,3,0.9974484464768619,0.21144153457135006,tomato,True,True,,plantvillage,field_test
1081,3,3,0.9972697891035731,0.19768056801616507,tomato,True,True,,plantvillage,field_test
1082,3,3,0.9705383217147023,0.35529180215043943,tomato,True,True,,plantvillage,field_test
1084,3,3,0.9834829580877975,0.24104478461431778,tomato,True,True,,plantvillage,field_test
1116,3,3,0.9974029790559257,0.2615566856140622,tomato,True,True,,plantvillage,field_test
1119,3,3,0.9967335715907948,0.1612424483149869,tomato,True,True,,plantvillage,field_test
1120,3,3,0.9874245428289571,0.16624687505412916,tomato,True,True,,plantvillage,field_test
1125,3,3,0.9976868695712235,0.1631317266601603,tomato,True,True,,plantvillage,field_test
1136,3,3,0.9975398408233572,0.11255102402722328,tomato,True,True,,plantvillage,field_test
1155,2,2,0.9977659285701882,0.3123235422163402,tomato,True,True,,plantvillage,field_test
1170,2,2,0.9989366257620258,0.14012517693851312,tomato,True,True,,plantvillage,field_test
1172,2,2,0.9953007123368768,0.1755639754553241,tomato,True,True,,plantvillage,field_test
1199,2,2,0.9318528214249404,0.48054687561516907,tomato,True,True,,plantvillage,field_test
1200,2,2,0.9487982187028624,0.28857435769756845,tomato,True,True,,plantvillage,field_test
1203,2,2,0.9945177729834371,0.23355848698762915,tomato,True,True,,plantvillage,field_test
1211,2,2,0.9976175825267561,0.21289677999245293,tomato,True,True,,plantvillage,field_test
1212,2,2,0.9969632305293015,0.24472893847032595,tomato,True,True,,plantvillage,field_test
1236,2,2,0.999218543422714,0.22623322269974355,tomato,True,True,,plantvillage,field_test
1252,2,2,0.9861716549274026,0.24870177621766332,tomato,True,True,,plantvillage,field_test
1256,2,2,0.998468234981873,0.23068056850669527,tomato,True,True,,plantvillage,field_test
1257,2,2,0.9873532118677865,0.3284525716394485,tomato,True,True,,plantvillage,field_test
1267,2,2,0.9933649167724972,0.2770822071597099,tomato,True,True,,plantvillage,field_test
1283,2,2,0.8710263875837593,0.3342210741876561,tomato,True,True,,plantvillage,field_test
1284,2,2,0.9993763392380502,0.12001558454523698,tomato,True,True,,plantvillage,field_test
1294,2,5,0.7565211463045332,0.45215868069432896,tomato,True,True,,plantvillage,field_test
1302,2,2,0.9980900325332601,0.16465715363229072,tomato,True,True,,plantvillage,field_test
1316,2,2,0.9955777501352282,0.1709021261769723,tomato,True,True,,plantvillage,field_test
1319,2,2,0.9466292640038898,0.45831755581636713,tomato,True,True,,plantvillage,field_test
1333,2,2,0.9983457910209156,0.12444930643066288,tomato,True,True,,plantvillage,field_test
1340,3,3,0.9865931883376892,0.3020572793737971,tomato,True,True,,plantvillage,field_test
1349,3,3,0.9987834778208249,0.10283184044025528,tomato,True,True,,plantvillage,field_test
1352,3,3,0.9860605344360119,0.21852305303405095,tomato,True,True,,plantvillage,field_test
1353,2,0,0.0,,tomato,False,False,image_too_blurry,plantvillage,field_test
1356,3,3,0.9976904830593982,0.09173149033857497,tomato,True,True,,plantvillage,field_test
1357,3,3,0.9985360030393723,0.10094471732935051,tomato,True,True,,plantvillage,field_test
1363,3,3,0.9908875513717655,0.1924958157481108,tomato,True,True,,plantvillage,field_test
1364,3,3,0.9969295750013035,0.1890201341064357,tomato,True,True,,plantvillage,field_test
1370,3,3,0.9969718727038605,0.20833932016817447,tomato,True,True,,plantvillage,field_test
1389,3,3,0.9980112067539154,0.13379804726823064,tomato,True,True,,plantvillage,field_test
1392,3,3,0.9977097293607736,0.14878701526347915,tomato,True,True,,plantvillage,field_test
1399,3,3,0.9963705256886187,0.20221662990137335,tomato,True,True,,plantvillage,field_test
1415,2,2,0.9995101195644455,0.11404982989537693,tomato,True,True,,plantvillage,field_test
1427,2,2,0.9674842624897618,0.3618468383728224,tomato,True,True,,plantvillage,field_test
1431,2,2,0.9982090392649728,0.20781970275032513,tomato,True,True,,plantvillage,field_test
1443,2,2,0.9968008354476084,0.23440074288547852,tomato,True,True,,plantvillage,field_test
1452,2,2,0.7785207671163298,0.42856382262712533,tomato,True,True,,plantvillage,field_test
1458,3,3,0.9820744116328547,0.1887775109712584,tomato,True,True,,plantvillage,field_test
1460,3,3,0.5378738204586944,0.6462851052005185,tomato,True,True,,plantvillage,field_test
1461,3,3,0.9972097935982313,0.2117872856479045,tomato,True,True,,plantvillage,field_test
1464,3,3,0.9965133313531828,0.1836400540035562,tomato,True,True,,plantvillage,field_test
1478,2,2,0.9987198116785294,0.1336288181714762,tomato,True,True,,plantvillage,field_test
1493,3,3,0.9928724652297097,0.23432057911478588,tomato,True,True,,plantvillage,field_test
1495,3,3,0.9956303059909298,0.15162628723509441,tomato,True,True,,plantvillage,field_test
1497,3,3,0.9986000171940799,0.1647078868499462,tomato,True,True,,plantvillage,field_test
1499,3,9,0.4249083144279935,0.6097453757364473,tomato,False,True,out_of_distribution,plantvillage,field_test
1507,3,3,0.9952140905236058,0.27738051155384036,tomato,True,True,,plantvillage,field_test
1509,3,3,0.2836848472951066,0.7837871334999692,tomato,False,True,low_confidence,plantvillage,field_test
1511,3,3,0.9944721487774669,0.21127076474955842,tomato,True,True,,plantvillage,field_test
1513,3,3,0.9976316253755863,0.15160643193979095,tomato,True,True,,plantvillage,field_test
1520,3,3,0.9993046222187614,0.10876155786574238,tomato,True,True,,plantvillage,field_test
1525,3,3,0.9968386634835108,0.2394894258804977,tomato,True,True,,plantvillage,field_test
1528,3,3,0.9755323092535897,0.3042566401532447,tomato,True,True,,plantvillage,field_test
1532,3,3,0.992793104577046,0.26492172997894115,tomato,True,True,,plantvillage,field_test
1561,3,3,0.9792445678404292,0.24784072386652845,tomato,True,True,,plantvillage,field_test
1563,3,3,0.9975304543166248,0.11501818806524389,tomato,True,True,,plantvillage,field_test
1564,3,3,0.9900155934491571,0.36595753426496835,tomato,True,True,,plantvillage,field_test
1570,3,3,0.9098895088647398,0.3691357467170102,tomato,True,True,,plantvillage,field_test
1574,3,3,0.9918896774598787,0.1841523329277046,tomato,True,True,,plantvillage,field_test
1596,3,3,0.9970748394322106,0.10395521980898959,tomato,True,True,,plantvillage,field_test
1602,3,3,0.9939388476664088,0.1566766837691146,tomato,True,True,,plantvillage,field_test
1607,3,3,0.9989424384997858,0.12601753159482332,tomato,True,True,,plantvillage,field_test
1612,3,3,0.9977503110500355,0.12224209691575716,tomato,True,True,,plantvillage,field_test
1613,3,3,0.9961713283506611,0.22534987482306656,tomato,True,True,,plantvillage,field_test
1617,3,3,0.9964797935694029,0.1179695748482652,tomato,True,True,,plantvillage,field_test
1624,3,3,0.9945503254018075,0.18962697810033347,tomato,True,True,,plantvillage,field_test
1637,3,3,0.9980293740910792,0.13239888829740332,tomato,True,True,,plantvillage,field_test
1639,3,3,0.9985009078805465,0.08946292060391248,tomato,True,True,,plantvillage,field_test
1644,3,3,0.9994029904328753,0.09651876744073284,tomato,True,True,,plantvillage,field_test
1650,3,3,0.9969540627220778,0.1585687010974448,tomato,True,True,,plantvillage,field_test
1651,3,3,0.9891853432583896,0.37302907151702,tomato,True,True,,plantvillage,field_test
1680,3,3,0.9982997008084722,0.07958820918567944,tomato,True,True,,plantvillage,field_test
1685,3,3,0.9991997552154275,0.11437140314677152,tomato,True,True,,plantvillage,field_test
1686,3,3,0.9987484187384545,0.09381547400221635,tomato,True,True,,plantvillage,field_test
1698,3,3,0.9973890362158736,0.12780280579450887,tomato,True,True,,plantvillage,field_test
1709,3,3,0.9962763716969101,0.11639107007750571,tomato,True,True,,plantvillage,field_test
1714,3,3,0.9960800656647667,0.21182179035548088,tomato,True,True,,plantvillage,field_test
1715,3,3,0.9904628792134195,0.37699830022993563,tomato,True,True,,plantvillage,field_test
1726,3,2,0.8693459217885634,0.33456160074894636,tomato,True,True,,plantvillage,field_test
1727,3,3,0.8170343714913963,0.3297869095306041,tomato,True,True,,plantvillage,field_test
1733,3,3,0.9986061658521552,0.07790982724843698,tomato,True,True,,plantvillage,field_test
1735,3,3,0.5451703010517907,0.6086854659057384,tomato,True,True,,plantvillage,field_test
1738,3,3,0.9981924129196514,0.1783206380884701,tomato,True,True,,plantvillage,field_test
1743,3,3,0.9246884318784476,0.409227866843453,tomato,True,True,,plantvillage,field_test
1745,3,3,0.9553935203460804,0.3828593856005036,tomato,True,True,,plantvillage,field_test
1746,3,3,0.9983628544695812,0.19218198946777454,tomato,True,True,,plantvillage,field_test
1759,3,3,0.9977334585627846,0.11338697444211054,tomato,True,True,,plantvillage,field_test
1766,3,3,0.9842583244849057,0.30872528465739646,tomato,True,True,,plantvillage,field_test
1772,3,3,0.9963207450993924,0.20810751410997252,tomato,True,True,,plantvillage,field_test
1774,3,3,0.587877151815194,0.44746694055225333,tomato,True,True,,plantvillage,field_test
1807,3,3,0.9952588644095447,0.21345031079400822,tomato,True,True,,plantvillage,field_test
1808,3,3,0.9965945170794158,0.12516733857977225,tomato,True,True,,plantvillage,field_test
1810,3,3,0.9830259652868075,0.3767789148673455,tomato,True,True,,plantvillage,field_test
1816,3,3,0.9977770158981754,0.17696688800745453,tomato,True,True,,plantvillage,field_test
1823,3,3,0.9966251039333178,0.14106383289293578,tomato,True,True,,plantvillage,field_test
1828,3,3,0.9982225423123394,0.09644057096053993,tomato,True,True,,plantvillage,field_test
1831,3,3,0.9977201642670951,0.11724374981551988,tomato,True,True,,plantvillage,field_test
1832,3,3,0.998395375593596,0.11778939406032962,tomato,True,True,,plantvillage,field_test
1834,3,3,0.9741534459239128,0.37883031663881794,tomato,True,True,,plantvillage,field_test
1856,3,3,0.9972371937576275,0.1044076489143132,tomato,True,True,,plantvillage,field_test
1868,3,3,0.9972922906527916,0.12448061630960316,tomato,True,True,,plantvillage,field_test
1873,3,3,0.9948129592150289,0.13045050439901607,tomato,True,True,,plantvillage,field_test
1879,3,0,0.0,,tomato,False,False,image_too_dark,plantvillage,field_test
1885,3,3,0.9931874917670638,0.20969934972965154,tomato,True,True,,plantvillage,field_test
1893,3,3,0.993699909166436,0.1814377702622093,tomato,True,True,,plantvillage,field_test
1897,3,3,0.9982957008489132,0.21729322357450864,tomato,True,True,,plantvillage,field_test
1898,3,3,0.9955843815146961,0.2215937182109884,tomato,True,True,,plantvillage,field_test
1901,3,3,0.6527117118257922,0.37887441714168213,tomato,True,True,,plantvillage,field_test
1909,3,3,0.9920171757487865,0.26214751529882374,tomato,True,True,,plantvillage,field_test
1910,3,3,0.9990029279714514,0.20319480128200573,tomato,True,True,,plantvillage,field_test
1926,3,3,0.9964244340170761,0.2689487303106918,tomato,True,True,,plantvillage,field_test
1940,3,3,0.9981380857590006,0.11259112730788923,tomato,True,True,,plantvillage,field_test
1945,3,3,0.9558154205770517,0.28297810893950537,tomato,True,True,,plantvillage,field_test
1954,3,3,0.9957363514915287,0.17341848697912587,tomato,True,True,,plantvillage,field_test
1960,3,3,0.9931578381182897,0.20440730233475624,tomato,True,True,,plantvillage,field_test
1970,3,3,0.9793018115417301,0.3081700350780746,tomato,True,True,,plantvillage,field_test
1971,3,3,0.998135593391557,0.1519635580362273,tomato,True,True,,plantvillage,field_test
1972,3,3,0.9980149276381565,0.12112692712287454,tomato,True,True,,plantvillage,field_test
1982,3,3,0.9978975526924132,0.14827425879650757,tomato,True,True,,plantvillage,field_test
1984,3,3,0.8620067628102274,0.3661404682597712,tomato,True,True,,plantvillage,field_test
1991,1,1,0.983276369698123,0.2401573594443701,tomato,True,True,,plantvillage,field_test
1996,1,1,0.9971848321763115,0.12574433053419187,tomato,True,True,,plantvillage,field_test
2001,1,1,0.998104271334826,0.14609023362482576,tomato,True,True,,plantvillage,field_test
2002,1,1,0.8939610388624439,0.37696164690765,tomato,True,True,,plantvillage,field_test
2008,1,1,0.9694351537902182,0.250356417627979,tomato,True,True,,plantvillage,field_test
2011,1,1,0.9984355745022353,0.11307273073532564,tomato,True,True,,plantvillage,field_test
2016,1,1,0.8267726455249922,0.4684035660524748,tomato,True,True,,plantvillage,field_test
2021,1,1,0.9985987146301674,0.049694479364744026,tomato,True,True,,plantvillage,field_test
2023,1,1,0.9946598184971105,0.20514804440338252,tomato,True,True,,plantvillage,field_test
2025,1,1,0.9932317637565694,0.25514643040932616,tomato,True,True,,plantvillage,field_test
2030,1,1,0.9741249792726947,0.3135622222310357,tomato,True,True,,plantvillage,field_test
2034,1,1,0.9921419949984921,0.25672656779634906,tomato,True,True,,plantvillage,field_test
2053,1,1,0.9974436250190702,0.1858636173476702,tomato,True,True,,plantvillage,field_test
2060,1,1,0.9211697676566611,0.4600543708214706,tomato,True,True,,plantvillage,field_test
2063,1,1,0.5096592751126653,0.6563906807279989,tomato,True,True,,plantvillage,field_test
2065,1,1,0.9838759438738314,0.2435904926171174,tomato,True,True,,plantvillage,field_test
2067,1,1,0.9831837655210361,0.42119743833012624,tomato,True,True,,plantvillage,field_test
2074,1,0,0.6739277117483758,0.4465199718620916,tomato,True,True,,plantvillage,field_test
2083,1,1,0.9985523450203002,0.0828845370887723,tomato,True,True,,plantvillage,field_test
2087,1,1,0.982176109411989,0.24507613406844808,tomato,True,True,,plantvillage,field_test
2089,1,1,0.9697899374552571,0.18618816694270923,tomato,True,True,,plantvillage,field_test
2093,1,1,0.9928483318438143,0.2906756050805265,tomato,True,True,,plantvillage,field_test
2094,1,1,0.9974133383438483,0.06720870892317898,tomato,True,True,,plantvillage,field_test
2102,1,1,0.9957956424945044,0.17278358464681032,tomato,True,True,,plantvillage,field_test
2103,1,1,0.9315335982766019,0.34262757961885204,tomato,True,True,,plantvillage,field_test
2104,1,1,0.9779726390880775,0.32700594528183147,tomato,True,True,,plantvillage,field_test
2106,1,1,0.9959786836985165,0.14650102298053425,tomato,True,True,,plantvillage,field_test
2107,1,1,0.988041578705355,0.3336649811502287,tomato,True,True,,plantvillage,field_test
2114,1,1,0.9912085857464759,0.3185918038773722,tomato,True,True,,plantvillage,field_test
2116,1,1,0.9973464391308517,0.16776672487679323,tomato,True,True,,plantvillage,field_test
2120,1,9,0.6521189087708493,0.527516307713177,tomato,True,True,,plantvillage,field_test
2121,1,1,0.9980461988958923,0.1494284211367467,tomato,True,True,,plantvillage,field_test
2125,1,1,0.9959155815945984,0.15642545904605143,tomato,True,True,,plantvillage,field_test
2128,1,1,0.7596331734095482,0.3058041677378731,tomato,True,True,,plantvillage,field_test
2129,1,1,0.9171687583969573,0.42664878127683403,tomato,True,True,,plantvillage,field_test
2141,1,1,0.887940081079817,0.39355918808753576,tomato,True,True,,plantvillage,field_test
2142,1,1,0.9963504888011794,0.16240315222117707,tomato,True,True,,plantvillage,field_test
2161,1,1,0.9976189480558475,0.2121537166185241,tomato,True,True,,plantvillage,field_test
2164,1,1,0.998268139295136,0.12726384593541118,tomato,True,True,,plantvillage,field_test
2169,1,1,0.9976170614755439,0.10680517445431559,tomato,True,True,,plantvillage,field_test
2175,1,1,0.9904937154065256,0.19666291164053729,tomato,True,True,,plantvillage,field_test
2176,1,1,0.7884357633200512,0.40030967444655685,tomato,True,True,,plantvillage,field_test
2180,1,1,0.9993238506549864,0.07548469278643466,tomato,True,True,,plantvillage,field_test
2192,1,1,0.9981865183551926,0.13138560872834737,tomato,True,True,,plantvillage,field_test
2200,1,1,0.7397875698174635,0.6096698006377324,tomato,True,True,,plantvillage,field_test
2205,1,1,0.9643157543879093,0.287573623385194,tomato,True,True,,plantvillage,field_test
2213,1,1,0.8595230880385012,0.514605021302216,tomato,True,True,,plantvillage,field_test
2214,1,1,0.9980340288265849,0.17055636964062948,tomato,True,True,,plantvillage,field_test
2219,1,1,0.9980797571391835,0.10169548502279302,tomato,True,True,,plantvillage,field_test
2225,1,1,0.9982868748029664,0.08944513035585833,tomato,True,True,,plantvillage,field_test
2229,1,1,0.9891520318221271,0.281586725806662,tomato,True,True,,plantvillage,field_test
2237,1,1,0.9934120995928797,0.16783536214874406,tomato,True,True,,plantvillage,field_test
2241,1,1,0.9970830672633547,0.20177920919784298,tomato,True,True,,plantvillage,field_test
2245,1,1,0.6498019022390187,0.5661285008893555,tomato,True,True,,plantvillage,field_test
2275,1,1,0.9441930452581889,0.32393637228809546,tomato,True,True,,plantvillage,field_test
2278,1,1,0.9949176098180327,0.2185255900738825,tomato,True,True,,plantvillage,field_test
2280,1,1,0.9963879056042994,0.17175382746696877,tomato,True,True,,plantvillage,field_test
2285,1,1,0.978837727871023,0.28306753403237794,tomato,True,True,,plantvillage,field_test
2287,1,1,0.9944345940827679,0.1518025632477047,tomato,True,True,,plantvillage,field_test
2295,1,1,0.9768475130671712,0.3323341620132654,tomato,True,True,,plantvillage,field_test
2299,1,1,0.9936366860064024,0.13701191600562135,tomato,True,True,,plantvillage,field_test
2302,1,1,0.9983626233830506,0.07271687976579211,tomato,True,True,,plantvillage,field_test
2303,1,1,0.9962701136991455,0.15996168972497127,tomato,True,True,,plantvillage,field_test
2304,1,1,0.9945181322180073,0.19948748280364437,tomato,True,True,,plantvillage,field_test
2308,1,1,0.989953912260625,0.3097481592749203,tomato,True,True,,plantvillage,field_test
2310,1,1,0.998525262950401,0.07431113396525069,tomato,True,True,,plantvillage,field_test
2314,1,1,0.9917818555656915,0.13418764096163982,tomato,True,True,,plantvillage,field_test
2342,1,1,0.997639641094462,0.1063685344826183,tomato,True,True,,plantvillage,field_test
2359,1,1,0.9893627638591597,0.23791691101187795,tomato,True,True,,plantvillage,field_test
2366,1,1,0.9964375827515743,0.20046161687505393,tomato,True,True,,plantvillage,field_test
2375,1,1,0.9977488802193308,0.09665137561601633,tomato,True,True,,plantvillage,field_test
2378,1,1,0.9627153127903607,0.36347511548629297,tomato,True,True,,plantvillage,field_test
2379,1,1,0.9958939638846013,0.17665919211744063,tomato,True,True,,plantvillage,field_test
2380,1,1,0.9956195105845668,0.16658465187717342,tomato,True,True,,plantvillage,field_test
2381,1,1,0.96790817157465,0.30198303068418086,tomato,True,True,,plantvillage,field_test
2383,1,1,0.9976350602428312,0.1729067291377533,tomato,True,True,,plantvillage,field_test
2391,1,1,0.9940562121145047,0.22472603518261236,tomato,True,True,,plantvillage,field_test
2397,1,1,0.9935883224937859,0.15342234689642753,tomato,True,True,,plantvillage,field_test
2404,1,1,0.9868360023619787,0.2760336091583093,tomato,True,True,,plantvillage,field_test
2425,1,1,0.9931441390822728,0.17385706681328716,tomato,True,True,,plantvillage,field_test
2427,1,1,0.9989747511445889,0.06960189494075286,tomato,True,True,,plantvillage,field_test
2436,1,1,0.9692619965803687,0.34945667172045913,tomato,True,True,,plantvillage,field_test
2440,1,1,0.9863749903897235,0.37438447278450604,tomato,True,True,,plantvillage,field_test
2449,1,1,0.9919100970044551,0.21964301247518625,tomato,True,True,,plantvillage,field_test
2451,1,1,0.8538360955781931,0.48638207535832967,tomato,True,True,,plantvillage,field_test
2457,1,1,0.9989581590613604,0.08054450784485034,tomato,True,True,,plantvillage,field_test
2473,1,1,0.9968440352866271,0.2533612546470889,tomato,True,True,,plantvillage,field_test
2474,1,1,0.996527932646193,0.11465649442373727,tomato,True,True,,plantvillage,field_test
2479,1,1,0.9920876932626866,0.23845041820375235,tomato,True,True,,plantvillage,field_test
2481,1,1,0.998862810950875,0.0740546966865645,tomato,True,True,,plantvillage,field_test
2498,2,2,0.9971139837736331,0.2078216552321226,tomato,True,True,,plantvillage,field_test
2501,2,2,0.9965155078904312,0.27004323611765857,tomato,True,True,,plantvillage,field_test
2525,2,2,0.9877977819346496,0.22840138362312024,tomato,True,True,,plantvillage,field_test
2526,2,2,0.9679604744583891,0.30193299078148805,tomato,True,True,,plantvillage,field_test
2528,2,2,0.9993355021163968,0.08615488328450405,tomato,True,True,,plantvillage,field_test
2530,2,2,0.9553214749862118,0.38414656137204084,tomato,True,True,,plantvillage,field_test
2532,2,2,0.999110233996051,0.12435743828173318,tomato,True,True,,plantvillage,field_test
2535,2,2,0.9994813769851083,0.14672906486455872,tomato,True,True,,plantvillage,field_test
2548,2,2,0.9890903053502655,0.2861294083104029,tomato,True,True,,plantvillage,field_test
2550,2,2,0.9971984161657202,0.13619457719846673,tomato,True,True,,plantvillage,field_test
2553,2,2,0.9987430642596525,0.12840889595996074,tomato,True,True,,plantvillage,field_test
2558,2,2,0.995723611994938,0.2953466758251886,tomato,True,True,,plantvillage,field_test
2561,2,3,0.5127202792999115,0.4827390766477039,tomato,True,True,,plantvillage,field_test
2569,2,2,0.9596203320989534,0.3248766220029635,tomato,True,True,,plantvillage,field_test
2570,2,2,0.9987412251210094,0.14187026234939637,tomato,True,True,,plantvillage,field_test
2581,2,2,0.9863281551414395,0.2679975379927315,tomato,True,True,,plantvillage,field_test
2583,2,2,0.9944671866395364,0.21067954426502844,tomato,True,True,,plantvillage,field_test
2606,2,5,0.9106691709093755,0.3835952617208953,tomato,True,True,,plantvillage,field_test
2610,2,2,0.9980305821189697,0.18273913479103343,tomato,True,True,,plantvillage,field_test
2617,2,3,0.8429355170476843,0.35649847840896465,tomato,True,True,,plantvillage,field_test
2622,2,2,0.9972474832771872,0.18497962729744488,tomato,True,True,,plantvillage,field_test
2627,2,2,0.9985580116048434,0.1671351962492167,tomato,True,True,,plantvillage,field_test
2632,2,2,0.9856383151706237,0.2806001786383696,tomato,True,True,,plantvillage,field_test
2644,2,2,0.9786198855612015,0.2016761325089803,tomato,True,True,,plantvillage,field_test
2645,2,2,0.9956521005144634,0.16822831978846764,tomato,True,True,,plantvillage,field_test
2649,2,2,0.9985800607304655,0.15513517114094932,tomato,True,True,,plantvillage,field_test
2659,2,2,0.9965252446927136,0.13565278272480996,tomato,True,True,,plantvillage,field_test
2665,2,2,0.8875633941327753,0.4572225221630708,tomato,True,True,,plantvillage,field_test
2668,2,2,0.8293104799929573,0.41719278807766547,tomato,True,True,,plantvillage,field_test
2670,2,2,0.9988242536375036,0.17540221070760365,tomato,True,True,,plantvillage,field_test
2682,2,2,0.9311728405962043,0.41025241416733105,tomato,True,True,,plantvillage,field_test
2690,2,2,0.9993456864404435,0.12090672848342532,tomato,True,True,,plantvillage,field_test
2695,2,2,0.9990620085512136,0.12123387598621438,tomato,True,True,,plantvillage,field_test
2703,2,3,0.42429379668640094,0.6059707285494362,tomato,True,True,,plantvillage,field_test
2704,2,2,0.9967723556733723,0.16205588820570405,tomato,True,True,,plantvillage,field_test
2712,2,2,0.9994335299375475,0.13989409860064783,tomato,True,True,,plantvillage,field_test
2714,2,2,0.9968040147610714,0.3585362392110505,tomato,True,True,,plantvillage,field_test
2718,2,2,0.5861757910624236,0.46207553864928763,tomato,True,True,,plantvillage,field_test
2734,2,2,0.9947909308156305,0.19833920361561508,tomato,True,True,,plantvillage,field_test
2744,2,2,0.9837085600601312,0.3269338538000933,tomato,True,True,,plantvillage,field_test
2752,2,2,0.9951717558208701,0.21776914617633691,tomato,True,True,,plantvillage,field_test
2760,2,2,0.9826356605528369,0.2517737445390572,tomato,True,True,,plantvillage,field_test
2781,2,2,0.8866183134827047,0.3216211249789148,tomato,True,True,,plantvillage,field_test
2784,2,2,0.9979582419079265,0.21928001899251015,tomato,True,True,,plantvillage,field_test
2786,2,2,0.9807109747774195,0.26790487313956324,tomato,True,True,,plantvillage,field_test
2812,2,2,0.9973166032973558,0.08957518027713918,tomato,True,True,,plantvillage,field_test
2816,2,2,0.7097050436931102,0.40309124611708425,tomato,True,True,,plantvillage,field_test
2818,2,2,0.8945239991052768,0.4420509895823995,tomato,True,True,,plantvillage,field_test
2828,2,2,0.9977848572098788,0.1993854021725564,tomato,True,True,,plantvillage,field_test
2834,2,2,0.9929923594569288,0.3326626904773511,tomato,True,True,,plantvillage,field_test
2836,2,2,0.9946633608109305,0.21197756456127648,tomato,True,True,,plantvillage,field_test
2849,2,2,0.6727960268553181,0.35109672164881744,tomato,True,True,,plantvillage,field_test
2861,1,1,0.9905181120581205,0.24628875796917227,tomato,True,True,,plantvillage,field_test
2864,1,1,0.9734534914931013,0.2150758253802183,tomato,True,True,,plantvillage,field_test
2865,1,1,0.996892086246901,0.0908252652464756,tomato,True,True,,plantvillage,field_test
2875,1,1,0.9965263336493482,0.1142900036339638,tomato,True,True,,plantvillage,field_test
2885,1,1,0.7843247386793307,0.386054252382972,tomato,True,True,,plantvillage,field_test
2888,1,1,0.9756940910715807,0.4513575495597024,tomato,True,True,,plantvillage,field_test
2898,1,1,0.41519886206324225,0.5801698877126946,tomato,True,True,,plantvillage,field_test
2901,1,1,0.9981596066216475,0.1392405705229337,tomato,True,True,,plantvillage,field_test
2904,1,1,0.9886058795466067,0.21860345884051358,tomato,True,True,,plantvillage,field_test
2905,1,6,0.5271420909292098,0.6288507161451034,tomato,False,True,out_of_distribution,plantvillage,field_test
2906,1,1,0.9362527514938529,0.337647671906647,tomato,True,True,,plantvillage,field_test
2925,1,0,0.0,,tomato,False,False,image_too_blurry,plantvillage,field_test
2926,1,1,0.9966629256208422,0.0788166158696062,tomato,True,True,,plantvillage,field_test
2929,1,1,0.9980874244302343,0.13183573647856384,tomato,True,True,,plantvillage,field_test
2934,1,1,0.9978752923226947,0.14129474389261554,tomato,True,True,,plantvillage,field_test
2936,1,1,0.9987245047126413,0.11443153927419614,tomato,True,True,,plantvillage,field_test
2938,1,1,0.9050508646091291,0.34406770426932165,tomato,True,True,,plantvillage,field_test
2943,1,1,0.9860220016683455,0.24543604521191975,tomato,True,True,,plantvillage,field_test
2953,1,1,0.9960861722548984,0.1241820728352474,tomato,True,True,,plantvillage,field_test
2959,1,1,0.9919943018679612,0.20717774725560867,tomato,True,True,,plantvillage,field_test
2963,1,1,0.9987750851663518,0.09879348041258917,tomato,True,True,,plantvillage,field_test
2964,1,1,0.6774780611598895,0.4723520255286976,tomato,True,True,,plantvillage,field_test
2970,1,1,0.9984392359594773,0.12499949727251758,tomato,True,True,,plantvillage,field_test
2973,1,1,0.9986642883045741,0.1153207794367852,tomato,True,True,,plantvillage,field_test
2978,1,1,0.9857536145167446,0.23171345157548284,tomato,True,True,,plantvillage,field_test
2996,1,1,0.979532789698738,0.36327233746788035,tomato,True,True,,plantvillage,field_test
2997,1,1,0.7466009918339964,0.4828783121177914,tomato,True,True,,plantvillage,field_test
2998,1,1,0.9972574129858636,0.07035244627567128,tomato,True,True,,plantvillage,field_test
3002,1,1,0.9981681508193482,0.08737183455642228,tomato,True,True,,plantvillage,field_test
3004,2,2,0.9274585181014545,0.3426652732157526,tomato,True,True,,plantvillage,field_test
3015,2,2,0.99805508169654,0.15035151427119076,tomato,True,True,,plantvillage,field_test
3022,1,1,0.9984870332960237,0.11748633836943734,tomato,True,True,,plantvillage,field_test
3023,1,5,0.5885733115275377,0.4324234057505484,tomato,True,True,,plantvillage,field_test
3024,1,1,0.9965826018182804,0.1370519065670911,tomato,True,True,,plantvillage,field_test
3030,1,1,0.9991368740211141,0.06903246453892631,tomato,True,True,,plantvillage,field_test
3033,1,1,0.8231460474552239,0.640621003159063,tomato,True,True,,plantvillage,field_test
3035,1,1,0.9976483405942825,0.13925552124039076,tomato,True,True,,plantvillage,field_test
3038,1,0,0.5076693549722535,0.45473545693355477,tomato,True,True,,plantvillage,field_test
3044,1,1,0.9935500357089605,0.16957108879871607,tomato,True,True,,plantvillage,field_test
3049,1,1,0.9969596421956026,0.22640300582956852,tomato,True,True,,plantvillage,field_test
3064,1,1,0.9886969893124877,0.21712793571793343,tomato,True,True,,plantvillage,field_test
3065,1,1,0.9955718151913227,0.23428718724487774,tomato,True,True,,plantvillage,field_test
3068,1,1,0.9165915044358653,0.5322948621764937,tomato,True,True,,plantvillage,field_test
3073,1,1,0.971032742080457,0.3299398883289494,tomato,True,True,,plantvillage,field_test
3079,1,0,0.8364112872420786,0.3303130001501704,tomato,True,True,,plantvillage,field_test
3089,1,1,0.9985333337481035,0.09907939023610834,tomato,True,True,,plantvillage,field_test
3090,1,1,0.9862876984855423,0.26022320818794675,tomato,True,True,,plantvillage,field_test
3092,1,1,0.9985549983361385,0.18229553130670173,tomato,True,True,,plantvillage,field_test
3097,6,6,0.996582498708225,0.07669597582653753,tomato,True,True,,plantvillage,field_test
3098,6,6,0.9961830496816441,0.08241829585264471,tomato,True,True,,plantvillage,field_test
3105,6,6,0.9933011303606228,0.1424129500703326,tomato,True,True,,plantvillage,field_test
3106,6,6,0.9925063805677108,0.13302188474883203,tomato,True,True,,plantvillage,field_test
3107,6,6,0.9966479003392088,0.15821045096677222,tomato,True,True,,plantvillage,field_test
3112,6,0,0.0,,tomato,False,False,image_too_blurry,plantvillage,field_test
3115,6,6,0.9952997023137568,0.07800079159760243,tomato,True,True,,plantvillage,field_test
3117,6,0,0.0,,tomato,False,False,image_too_blurry,plantvillage,field_test
3118,6,6,0.9887084865709318,0.24327385008518965,tomato,True,True,,plantvillage,field_test
3119,6,6,0.992950992822094,0.11861841958422281,tomato,True,True,,plantvillage,field_test
3123,6,6,0.9969351292002845,0.076791576028445,tomato,True,True,,plantvillage,field_test
3126,6,6,0.9973427244629459,0.07032200223510643,tomato,True,True,,plantvillage,field_test
3129,6,6,0.9977617357468805,0.07472246221096523,tomato,True,True,,plantvillage,field_test
3131,6,6,0.9960489455714299,0.07607553260944366,tomato,True,True,,plantvillage,field_test
3138,6,6,0.9978101041513839,0.06706092640135564,tomato,True,True,,plantvillage,field_test
3150,6,6,0.9974768495568817,0.10752913049148183,tomato,True,True,,plantvillage,field_test
3153,6,6,0.9942207967145366,0.21656773135154983,tomato,True,True,,plantvillage,field_test
3157,6,6,0.9966321813777202,0.05352689456529991,tomato,True,True,,plantvillage,field_test
3165,6,6,0.9971429705654441,0.05658561826304087,tomato,True,True,,plantvillage,field_test
3166,6,6,0.997540911457935,0.09543605195920923,tomato,True,True,,plantvillage,field_test
3178,6,6,0.9941629297507326,0.10576517542692832,tomato,True,True,,plantvillage,field_test
3179,6,6,0.9979817442981532,0.08516483182636148,tomato,True,True,,plantvillage,field_test
3184,6,0,0.0,,tomato,False,False,image_too_blurry,plantvillage,field_test
3189,6,6,0.9835555817079695,0.34704015333930704,tomato,True,True,,plantvillage,field_test
3205,6,6,0.9148420927357066,0.6281431884061255,tomato,False,True,out_of_distribution,plantvillage,field_test
3206,6,0,0.0,,tomato,False,False,image_too_blurry,plantvillage,field_test
3208,6,6,0.9961693256310697,0.10242788688431448,tomato,True,True,,plantvillage,field_test
3211,6,6,0.9978057896616257,0.0763799698128681,tomato,True,True,,plantvillage,field_test
3218,6,6,0.9950061103688789,0.16922102780650405,tomato,True,True,,plantvillage,field_test
3219,6,6,0.9956541276104447,0.09359963957488127,tomato,True,True,,plantvillage,field_test
3225,6,6,0.9982153666574818,0.05678187548276581,tomato,True,True,,plantvillage,field_test
3227,6,0,0.0,,tomato,False,False,image_too_blurry,plantvillage,field_test
3229,6,0,0.0,,tomato,False,False,image_too_blurry,plantvillage,field_test
3232,6,6,0.9920197973593736,0.23798685082797977,tomato,True,True,,plantvillage,field_test
3234,6,6,0.9969172899498484,0.06140591854269306,tomato,True,True,,plantvillage,field_test
3236,6,6,0.997875893903173,0.0625900451523802,tomato,True,True,,plantvillage,field_test
3237,6,6,0.997613195635191,0.05505723661833528,tomato,True,True,,plantvillage,field_test
3239,6,6,0.9979915827542294,0.054725608427546035,tomato,True,True,,plantvillage,field_test
3241,6,6,0.9974856085776481,0.07371413860972797,tomato,True,True,,plantvillage,field_test
3247,6,6,0.9979694535984301,0.05045123908488769,tomato,True,True,,plantvillage,field_test
3249,6,6,0.9979744623184995,0.05721972361387462,tomato,True,True,,plantvillage,field_test
3253,6,0,0.0,,tomato,False,False,image_too_blurry,plantvillage,field_test
3255,6,6,0.9830864138928309,0.22205511119281174,tomato,True,True,,plantvillage,field_test
3256,6,6,0.9966337057250865,0.09178659252550592,tomato,True,True,,plantvillage,field_test
3257,6,6,0.9936088703067681,0.11208232845323352,tomato,True,True,,plantvillage,field_test
3260,6,6,0.9953560811499061,0.14739907648634343,tomato,True,True,,plantvillage,field_test
3283,6,6,0.9973904546558561,0.06769548123357816,tomato,True,True,,plantvillage,field_test
3288,5,5,0.9980976476520769,0.0753868711665504,tomato,True,True,,plantvillage,field_test
3302,5,5,0.9730641428986149,0.34276432566115944,tomato,True,True,,plantvillage,field_test
3303,5,5,0.9956659534917066,0.18974908956564118,tomato,True,True,,plantvillage,field_test
3305,5,5,0.9931209240473494,0.18024733736939036,tomato,True,True,,plantvillage,field_test
3306,5,5,0.9990247356828305,0.13319849166731457,tomato,True,True,,plantvillage,field_test
3307,5,5,0.9755806204219456,0.30462291070064507,tomato,True,True,,plantvillage,field_test
3311,5,5,0.9840486367156132,0.16775291418914573,tomato,True,True,,plantvillage,field_test
3312,5,5,0.9750512991419693,0.3117962327472902,tomato,True,True,,plantvillage,field_test
3323,5,5,0.984562588675357,0.296668179008826,tomato,True,True,,plantvillage,field_test
3325,5,5,0.9902319950325859,0.15322369688816218,tomato,True,True,,plantvillage,field_test
3327,5,5,0.9967891498243711,0.23192406567490642,tomato,True,True,,plantvillage,field_test
3335,5,5,0.9643878844662013,0.2873417199279551,tomato,True,True,,plantvillage,field_test
3351,5,3,0.9342013319569658,0.5628981641722035,tomato,True,True,,plantvillage,field_test
3360,5,5,0.9824153871289287,0.21228209882278226,tomato,True,True,,plantvillage,field_test
3364,5,5,0.9973460315258355,0.156813730881865,tomato,True,True,,plantvillage,field_test
3371,5,5,0.9911341110450416,0.27036012718228675,tomato,True,True,,plantvillage,field_test
3372,5,5,0.9941082699746684,0.1952681511600156,tomato,True,True,,plantvillage,field_test
3373,5,5,0.995658039035675,0.09300451838398749,tomato,True,True,,plantvillage,field_test
3376,5,5,0.991602649268035,0.27588456254524174,tomato,True,True,,plantvillage,field_test
3396,5,5,0.9960957693271539,0.1565264115649483,tomato,True,True,,plantvillage,field_test
3399,5,5,0.9984425990102309,0.08802890210056502,tomato,True,True,,plantvillage,field_test
3409,5,5,0.9988785562475165,0.08811165189547565,tomato,True,True,,plantvillage,field_test
3410,5,5,0.9714831857977013,0.3444380635659178,tomato,True,True,,plantvillage,field_test
3414,5,5,0.9964913938337582,0.12042600490210975,tomato,True,True,,plantvillage,field_test
3415,5,5,0.9971349136440438,0.12043862465909905,tomato,True,True,,plantvillage,field_test
3417,5,5,0.8536594941178548,0.33911661177912944,tomato,True,True,,plantvillage,field_test
3419,5,5,0.9982043758303571,0.08679253842906642,tomato,True,True,,plantvillage,field_test
3420,5,5,0.993797613969995,0.1821542078898617,tomato,True,True,,plantvillage,field_test
3426,6,6,0.9978365527444202,0.06063874488831478,tomato,True,True,,plantvillage,field_test
3428,6,6,0.9975667778158038,0.06981671070389162,tomato,True,True,,plantvillage,field_test
3431,5,5,0.9955104741997386,0.15109885425838288,tomato,True,True,,plantvillage,field_test
3438,5,5,0.9950870868706319,0.15142636751870353,tomato,True,True,,plantvillage,field_test
3447,5,5,0.9915588124049488,0.23042678215047463,tomato,True,True,,plantvillage,field_test
3453,6,6,0.9976468570319664,0.07884134762600659,tomato,True,True,,plantvillage,field_test
3460,6,6,0.9945190711472558,0.11742028177866959,tomato,True,True,,plantvillage,field_test
3467,5,5,0.9983784467594848,0.1107393086358347,tomato,True,True,,plantvillage,field_test
3470,5,5,0.9964665615986142,0.10656241347444617,tomato,True,True,,plantvillage,field_test
3472,5,5,0.9942143345209613,0.12185043991636468,tomato,True,True,,plantvillage,field_test
3474,5,5,0.9979284689145749,0.14688511827367268,tomato,True,True,,plantvillage,field_test
3482,5,5,0.9966357094847526,0.10715320597482614,tomato,True,True,,plantvillage,field_test
3485,5,5,0.9961394458004947,0.12545979306259758,tomato,True,True,,plantvillage,field_test
3491,5,5,0.9971564951240406,0.14384788452588726,tomato,True,True,,plantvillage,field_test
3508,5,5,0.9957434664389091,0.10343702397071852,tomato,True,True,,plantvillage,field_test
3515,5,5,0.9975509248522807,0.12185405854073517,tomato,True,True,,plantvillage,field_test
3532,6,6,0.9982891911632344,0.0663405386953293,tomato,True,True,,plantvillage,field_test
3538,6,6,0.9973639582877175,0.07376335230368769,tomato,True,True,,plantvillage,field_test
3548,6,6,0.9953501392825376,0.10976149625638576,tomato,True,True,,plantvillage,field_test
3549,6,6,0.997455955288364,0.0673747223905018,tomato,True,True,,plantvillage,field_test
3554,6,0,0.0,,tomato,False,False,image_too_blurry,plantvillage,field_test
3561,6,6,0.9971095432626903,0.06430436237510972,tomato,True,True,,plantvillage,field_test
3563,6,6,0.9981619454908477,0.03644794993717837,tomato,True,True,,plantvillage,field_test
3564,6,6,0.9958669808096631,0.08212650317760106,tomato,True,True,,plantvillage,field_test
3569,6,6,0.996856526911849,0.0671872560017166,tomato,True,True,,plantvillage,field_test
3574,6,6,0.9970540146206559,0.05378677789347952,tomato,True,True,,plantvillage,field_test
3575,6,6,0.9933074132209048,0.14798419034580068,tomato,True,True,,plantvillage,field_test
3577,6,6,0.9973625585737779,0.05098084642189349,tomato,True,True,,plantvillage,field_test
3579,6,6,0.9942897500256196,0.10178945427829766,tomato,True,True,,plantvillage,field_test
3581,6,6,0.9927668480628183,0.1270925931885054,tomato,True,True,,plantvillage,field_test
3587,6,6,0.9980086633031473,0.04454263321501428,tomato,True,True,,plantvillage,field_test
3591,6,6,0.994977955578197,0.09862388675696099,tomato,True,True,,plantvillage,field_test
3594,6,0,0.0,,tomato,False,False,image_too_blurry,plantvillage,field_test
3596,6,6,0.9983734515191567,0.11281857095880454,tomato,True,True,,plantvillage,field_test
3598,6,6,0.997574499582974,0.08416893631500066,tomato,True,True,,plantvillage,field_test
3599,6,6,0.9976195956495965,0.08322905284420279,tomato,True,True,,plantvillage,field_test
3601,6,6,0.9971345044497909,0.16209233138051693,tomato,True,True,,plantvillage,field_test
3608,6,6,0.7286142995065185,0.5837314259369244,tomato,False,True,out_of_distribution,plantvillage,field_test
3612,6,6,0.99569777226257,0.09989960451361679,tomato,True,True,,plantvillage,field_test
3620,6,6,0.9976723094166059,0.12449602198879384,tomato,True,True,,plantvillage,field_test
3623,6,6,0.9976862416154212,0.09419684448622245,tomato,True,True,,plantvillage,field_test
3633,6,6,0.9967591020783851,0.08555340226305119,tomato,True,True,,plantvillage,field_test
3634,6,6,0.9972524679116831,0.06196560030081788,tomato,True,True,,plantvillage,field_test
3636,6,6,0.9795135657290583,0.23013104557523656,tomato,True,True,,plantvillage,field_test
3640,6,6,0.9434113080790966,0.30818636436028823,tomato,True,True,,plantvillage,field_test
3642,6,6,0.9972935081068763,0.0998426941063304,tomato,True,True,,plantvillage,field_test
3644,6,0,0.0,,tomato,False,False,image_too_blurry,plantvillage,field_test
3648,6,6,0.994420918160743,0.09287154063551495,tomato,True,True,,plantvillage,field_test
3651,6,6,0.9964666059061494,0.11721230326004317,tomato,True,True,,plantvillage,field_test
3653,6,6,0.9964526117165661,0.1927304375844623,tomato,True,True,,plantvillage,field_test
3654,6,6,0.9949370424301635,0.09783219114399166,tomato,True,True,,plantvillage,field_test
3668,6,6,0.997387352018614,0.06972760587630877,tomato,True,True,,plantvillage,field_test
3669,6,6,0.9765477306223277,0.23676601012275333,tomato,True,True,,plantvillage,field_test
3670,6,6,0.9981928930135451,0.06926734310534288,tomato,True,True,,plantvillage,field_test
3671,6,0,0.0,,tomato,False,False,image_too_blurry,plantvillage,field_test
3673,6,6,0.9973917652695,0.08619202553694594,tomato,True,True,,plantvillage,field_test
3678,6,6,0.9972154218106187,0.1058219792045646,tomato,True,True,,plantvillage,field_test
3679,6,0,0.0,,tomato,False,False,image_too_blurry,plantvillage,field_test
3681,6,6,0.9964530752807532,0.10502796408281312,tomato,True,True,,plantvillage,field_test
3682,6,6,0.9973082383860722,0.06405357611753648,tomato,True,True,,plantvillage,field_test
3688,6,6,0.9973740500311924,0.08768964210174246,tomato,True,True,,plantvillage,field_test
3695,6,6,0.9965853467068936,0.09394698730212592,tomato,True,True,,plantvillage,field_test
3696,6,6,0.9916952689022642,0.13238493835765874,tomato,True,True,,plantvillage,field_test
3699,6,6,0.9969654283263063,0.08359101619420839,tomato,True,True,,plantvillage,field_test
3700,6,6,0.9976772394518312,0.09353329623639794,tomato,True,True,,plantvillage,field_test
3701,6,6,0.9968729984237997,0.08501412322838042,tomato,True,True,,plantvillage,field_test
3713,6,6,0.9964745475982711,0.07165285618684103,tomato,True,True,,plantvillage,field_test
3716,6,6,0.9971690421414078,0.14120446061104774,tomato,True,True,,plantvillage,field_test
3719,6,6,0.9980204684231868,0.07013608851772268,tomato,True,True,,plantvillage,field_test
3722,6,6,0.9973564556912508,0.06132115737431598,tomato,True,True,,plantvillage,field_test
3724,6,6,0.966087585821981,0.22184410440694657,tomato,True,True,,plantvillage,field_test
3729,6,6,0.9972562975177239,0.04347552045923542,tomato,True,True,,plantvillage,field_test
3736,6,6,0.9941251358558588,0.10928303563490549,tomato,True,True,,plantvillage,field_test
3737,6,6,0.9969072172943885,0.09519413712920122,tomato,True,True,,plantvillage,field_test
3744,6,6,0.9965663213736891,0.11003649854891884,tomato,True,True,,plantvillage,field_test
3745,6,6,0.995912391991342,0.10580234562858393,tomato,True,True,,plantvillage,field_test
3748,6,0,0.0,,tomato,False,False,image_too_blurry,plantvillage,field_test
3752,6,6,0.9979436558900018,0.06909562553838755,tomato,True,True,,plantvillage,field_test
3757,6,6,0.9975583342437149,0.08705069894669992,tomato,True,True,,plantvillage,field_test
3764,6,0,0.0,,tomato,False,False,image_too_blurry,plantvillage,field_test
3765,6,6,0.9975172865770323,0.11176592679784214,tomato,True,True,,plantvillage,field_test
3766,6,0,0.0,,tomato,False,False,image_too_blurry,plantvillage,field_test
3771,6,0,0.0,,tomato,False,False,image_too_blurry,plantvillage,field_test
3772,6,6,0.9984008959361039,0.07134520803066069,tomato,True,True,,plantvillage,field_test
3775,6,6,0.4670547481005684,0.7902371688138033,tomato,False,True,out_of_distribution,plantvillage,field_test
3789,6,6,0.9983444524022328,0.05538329826842092,tomato,True,True,,plantvillage,field_test
3791,6,6,0.9979231792271863,0.09649397738149368,tomato,True,True,,plantvillage,field_test
3794,6,6,0.9922157231700375,0.13656736838773353,tomato,True,True,,plantvillage,field_test
3796,6,6,0.9982331250907995,0.05970541061290813,tomato,True,True,,plantvillage,field_test
3799,6,6,0.9860948957616007,0.3013415723288464,tomato,True,True,,plantvillage,field_test
3804,6,6,0.9976418238337731,0.05575334869798776,tomato,True,True,,plantvillage,field_test
3809,6,6,0.9967347328342288,0.10398974555620999,tomato,True,True,,plantvillage,field_test
3810,6,6,0.9861237033706853,0.30122012932982634,tomato,True,True,,plantvillage,field_test
3818,6,5,0.6423448681191772,0.4904766052611709,tomato,True,True,,plantvillage,field_test
3820,6,6,0.9982156024476363,0.07917973979997373,tomato,True,True,,plantvillage,field_test
3823,6,6,0.9958993132123964,0.09339431881718008,tomato,True,True,,plantvillage,field_test
3828,6,6,0.9972515016739398,0.09439774013559021,tomato,True,True,,plantvillage,field_test
3831,6,6,0.9979172677170103,0.06267200866172229,tomato,True,True,,plantvillage,field_test
3832,6,6,0.9966925000828509,0.08337473048613564,tomato,True,True,,plantvillage,field_test
3835,6,6,0.9968007002777344,0.11693174295081155,tomato,True,True,,plantvillage,field_test
3843,6,6,0.9913623179563122,0.22458817016065624,tomato,True,True,,plantvillage,field_test
3847,6,6,0.9718836485083754,0.2643074386378578,tomato,True,True,,plantvillage,field_test
3850,6,6,0.9952676748968551,0.10667319673410391,tomato,True,True,,plantvillage,field_test
3859,6,6,0.9939665806672191,0.16093204639158176,tomato,True,True,,plantvillage,field_test
3860,6,6,0.9814182968571581,0.2595198974325602,tomato,True,True,,plantvillage,field_test
3862,6,6,0.996158900185886,0.14587511523565122,tomato,True,True,,plantvillage,field_test
3864,6,6,0.9972305094001596,0.060629652335103645,tomato,True,True,,plantvillage,field_test
3867,6,0,0.0,,tomato,False,False,image_too_blurry,plantvillage,field_test
3868,6,6,0.9934132870467138,0.1167745567594407,tomato,True,True,,plantvillage,field_test
3869,6,6,0.997231614299412,0.06784160049213916,tomato,True,True,,plantvillage,field_test
3873,6,6,0.9904826209198826,0.2103534396943969,tomato,True,True,,plantvillage,field_test
3876,6,6,0.9939205049759805,0.11523635795959142,tomato,True,True,,plantvillage,field_test
3877,6,6,0.9977913342367324,0.05613017844933954,tomato,True,True,,plantvillage,field_test
3879,6,6,0.9682132341232726,0.33443706494020853,tomato,True,True,,plantvillage,field_test
3881,6,6,0.992342269566296,0.1877428313002263,tomato,True,True,,plantvillage,field_test
3883,6,6,0.9946972629232723,0.11383531455063944,tomato,True,True,,plantvillage,field_test
3887,6,6,0.9975699815766141,0.05658949661440671,tomato,True,True,,plantvillage,field_test
3888,6,6,0.9939759837086838,0.1366033994184943,tomato,True,True,,plantvillage,field_test
3893,6,6,0.996701452467548,0.08182717855440114,tomato,True,True,,plantvillage,field_test
3894,6,6,0.9770355222482104,0.20627129842218062,tomato,True,True,,plantvillage,field_test
3897,4,4,0.9980242369106487,0.08763259160590509,tomato,True,True,,plantvillage,field_test
3902,4,4,0.9985320250816702,0.07919738959955636,tomato,True,True,,plantvillage,field_test
3906,4,4,0.9953633429570711,0.250883311213592,tomato,True,True,,plantvillage,field_test
3933,4,4,0.9988169979430668,0.10533294563004181,tomato,True,True,,plantvillage,field_test
3938,4,4,0.9972006516276116,0.1176362091089802,tomato,True,True,,plantvillage,field_test
3942,4,4,0.9983593714011225,0.05749046802797997,tomato,True,True,,plantvillage,field_test
3944,4,4,0.9916722604059929,0.21662586526767513,tomato,True,True,,plantvillage,field_test
3960,4,4,0.9876983236842749,0.2760125429242124,tomato,True,True,,plantvillage,field_test
3971,4,4,0.9985632418721138,0.06137806033708959,tomato,True,True,,plantvillage,field_test
3972,4,4,0.9881622087236243,0.22360495378885425,tomato,True,True,,plantvillage,field_test
3974,4,4,0.9984876023476824,0.08145144160747142,tomato,True,True,,plantvillage,field_test
3989,4,4,0.9988692644305129,0.1199506574439575,tomato,True,True,,plantvillage,field_test
3993,4,4,0.9877023344328392,0.2057789136723165,tomato,True,True,,plantvillage,field_test
3996,4,4,0.997699260422893,0.09064043404340882,tomato,True,True,,plantvillage,field_test
3999,4,4,0.9821858969377475,0.3346544123201618,tomato,True,True,,plantvillage,field_test
4001,4,4,0.9985338258739226,0.07316927550751706,tomato,True,True,,plantvillage,field_test
4008,4,4,0.98582785542059,0.26339768556108956,tomato,True,True,,plantvillage,field_test
4015,4,4,0.9988371498096509,0.03626341587832416,tomato,True,True,,plantvillage,field_test
4029,4,4,0.993652244729364,0.14602218969295944,tomato,True,True,,plantvillage,field_test
4037,4,4,0.9476566471830041,0.4890289001578071,tomato,True,True,,plantvillage,field_test
4084,4,4,0.9967450602442727,0.0981769630033118,tomato,True,True,,plantvillage,field_test
4087,5,5,0.9770426641715845,0.3211622434226624,tomato,True,True,,plantvillage,field_test
4094,5,5,0.9910743364140947,0.2698507651217745,tomato,True,True,,plantvillage,field_test
4101,5,5,0.9981587105959924,0.06801615480969203,tomato,True,True,,plantvillage,field_test
4102,5,5,0.8706212321075374,0.4489681073841514,tomato,True,True,,plantvillage,field_test
4107,5,5,0.9773271753564762,0.2969755899605542,tomato,True,True,,plantvillage,field_test
4110,5,5,0.9974169301039254,0.08671956108087642,tomato,True,True,,plantvillage,field_test
4116,5,5,0.9976104664236598,0.09276665563188902,tomato,True,True,,plantvillage,field_test
4119,5,5,0.9971317283160985,0.06061091376716643,tomato,True,True,,plantvillage,field_test
4124,5,5,0.9971795615057362,0.17869127175987187,tomato,True,True,,plantvillage,field_test
4154,5,5,0.9769863078656997,0.35255774220448144,tomato,True,True,,plantvillage,field_test
4176,4,4,0.9968506854783991,0.1224647961469898,tomato,True,True,,plantvillage,field_test
4178,4,4,0.9977449199090848,0.10916010941108101,tomato,True,True,,plantvillage,field_test
4180,4,4,0.9977377812014617,0.09897681915535028,tomato,True,True,,plantvillage,field_test
4188,4,4,0.9913085981284125,0.1995298329710724,tomato,True,True,,plantvillage,field_test
4205,4,4,0.9980304004904137,0.09753679533204518,tomato,True,True,,plantvillage,field_test
4210,4,4,0.9965294782654184,0.11998323637810993,tomato,True,True,,plantvillage,field_test
4213,5,5,0.99734570873334,0.09573279073103125,tomato,True,True,,plantvillage,field_test
4217,5,5,0.99564763399815,0.23094548495633394,tomato,True,True,,plantvillage,field_test
4218,5,5,0.996547945428064,0.07803357460069871,tomato,True,True,,plantvillage,field_test
4220,5,5,0.9926734388306542,0.21231567798509476,tomato,True,True,,plantvillage,field_test
4242,4,4,0.9987808439069725,0.08512698809179686,tomato,True,True,,plantvillage,field_test
4245,4,4,0.99472548852624,0.15752312873644048,tomato,True,True,,plantvillage,field_test
4248,4,4,0.9988122816930272,0.11789938197496985,tomato,True,True,,plantvillage,field_test
4260,4,4,0.9922112802465244,0.18562688527956506,tomato,True,True,,plantvillage,field_test
4272,4,4,0.9948732464533954,0.21429794044967576,tomato,True,True,,plantvillage,field_test
4277,4,4,0.99558775629473,0.10797997501151868,tomato,True,True,,plantvillage,field_test
4278,4,4,0.9969287492933062,0.13977436712034164,tomato,True,True,,plantvillage,field_test
4279,4,4,0.9920431712487888,0.20879006707580272,tomato,True,True,,plantvillage,field_test
4281,4,4,0.9981362694393099,0.05283088193106955,tomato,True,True,,plantvillage,field_test
4286,4,4,0.9962073977944962,0.23322579881408156,tomato,True,True,,plantvillage,field_test
4295,4,4,0.9950130330692947,0.15144213229130254,tomato,True,True,,plantvillage,field_test
4298,4,4,0.9983158980892565,0.09486078546358878,tomato,True,True,,plantvillage,field_test
4302,4,4,0.9985769612706785,0.13792972941478188,tomato,True,True,,plantvillage,field_test
4306,4,4,0.9990107895901779,0.07254734517149741,tomato,True,True,,plantvillage,field_test
4314,4,4,0.9946274978886486,0.136633272410986,tomato,True,True,,plantvillage,field_test
4325,4,4,0.9969967033212624,0.12495387912495204,tomato,True,True,,plantvillage,field_test
4341,4,4,0.9932364134000059,0.17499666897802102,tomato,True,True,,plantvillage,field_test
4347,4,4,0.9978103767394025,0.10761687514902063,tomato,True,True,,plantvillage,field_test
4369,4,4,0.9980161478985025,0.08072315881990555,tomato,True,True,,plantvillage,field_test
4373,4,4,0.8854484766535131,0.449311088227045,tomato,True,True,,plantvillage,field_test
4376,3,3,0.9803230744276393,0.3187761572996679,tomato,True,True,,plantvillage,field_test
4384,4,4,0.9990402731537815,0.03680837634773548,tomato,True,True,,plantvillage,field_test
4391,4,4,0.9957031576280156,0.1708828910918334,tomato,True,True,,plantvillage,field_test
4403,4,4,0.9988792273306577,0.06790151791892807,tomato,True,True,,plantvillage,field_test
4409,4,4,0.9987089851436558,0.0624983640997413,tomato,True,True,,plantvillage,field_test
4414,4,4,0.9873080017745832,0.24278882387079725,tomato,True,True,,plantvillage,field_test
4416,4,4,0.9990014576257391,0.06848816662598556,tomato,True,True,,plantvillage,field_test
4418,4,4,0.9984995919313109,0.05309807409076195,tomato,True,True,,plantvillage,field_test
4423,4,4,0.9979680285748342,0.2461906278927335,tomato,True,True,,plantvillage,field_test
4435,4,4,0.9965278842345514,0.12598289463419576,tomato,True,True,,plantvillage,field_test
4437,4,4,0.9988686331417292,0.060934542638241496,tomato,True,True,,plantvillage,field_test
4448,4,4,0.9978447606086995,0.09113597127484385,tomato,True,True,,plantvillage,field_test
4463,4,4,0.9975580085398564,0.10033406571981573,tomato,True,True,,plantvillage,field_test
4468,4,4,0.9987059729655776,0.061451053728079685,tomato,True,True,,plantvillage,field_test
4486,4,4,0.9977140280717757,0.09571168410047837,tomato,True,True,,plantvillage,field_test
4495,4,4,0.9945699736003812,0.19924525113143143,tomato,True,True,,plantvillage,field_test
4511,4,4,0.9975622598192838,0.08791870294732851,tomato,True,True,,plantvillage,field_test
4518,4,4,0.9969932331749948,0.134485478746887,tomato,True,True,,plantvillage,field_test
4528,4,4,0.9963118939296285,0.18687105626486922,tomato,True,True,,plantvillage,field_test
4536,4,4,0.9927237890326264,0.19178096124943544,tomato,True,True,,plantvillage,field_test
4537,4,4,0.9982402507420808,0.07501892653792164,tomato,True,True,,plantvillage,field_test
4556,4,4,0.9654758140503495,0.24574450784504265,tomato,True,True,,plantvillage,field_test
4560,4,4,0.9910515993621769,0.268075858244027,tomato,True,True,,plantvillage,field_test
4563,4,4,0.9986939880025887,0.05164092217984151,tomato,True,True,,plantvillage,field_test
4573,4,4,0.9979044428705127,0.14390462423138972,tomato,True,True,,plantvillage,field_test
4575,4,4,0.9882151911970198,0.34443398145468285,tomato,True,True,,plantvillage,field_test
4576,4,4,0.9984556598669854,0.09059364636163525,tomato,True,True,,plantvillage,field_test
4578,4,4,0.9976937731374533,0.1319948112714996,tomato,True,True,,plantvillage,field_test
4582,4,4,0.9906548313467016,0.2697945238498548,tomato,True,True,,plantvillage,field_test
4621,5,5,0.9980883594473232,0.09089812029365107,tomato,True,True,,plantvillage,field_test
4624,5,5,0.9909911552722793,0.19917830954462523,tomato,True,True,,plantvillage,field_test
4627,5,5,0.9987056549691898,0.09843941580962501,tomato,True,True,,plantvillage,field_test
4632,5,5,0.9967871815637291,0.15687939214722135,tomato,True,True,,plantvillage,field_test
4638,5,5,0.9969715681666403,0.12250445740949167,tomato,True,True,,plantvillage,field_test
4649,5,5,0.9951680202189297,0.15663968750640656,tomato,True,True,,plantvillage,field_test
4650,5,5,0.925241216217959,0.4075889687409988,tomato,True,True,,plantvillage,field_test
4652,5,5,0.9845663648922971,0.3727294545688019,tomato,True,True,,plantvillage,field_test
4680,5,5,0.9989690313314331,0.047558021634751535,tomato,True,True,,plantvillage,field_test
4681,5,5,0.9886653698195568,0.31530750490371096,tomato,True,True,,plantvillage,field_test
4687,5,5,0.996468483698414,0.13207234943211055,tomato,True,True,,plantvillage,field_test
4689,5,5,0.9761980862673212,0.3071737903187094,tomato,True,True,,plantvillage,field_test
4702,5,5,0.9964172799548183,0.14231999603658907,tomato,True,True,,plantvillage,field_test
4710,5,5,0.9963956723051963,0.14494189183446748,tomato,True,True,,plantvillage,field_test
4713,5,5,0.9657005885334957,0.4100566412776222,tomato,True,True,,plantvillage,field_test
4715,5,5,0.9982293618609704,0.06091408143945254,tomato,True,True,,plantvillage,field_test
4720,5,5,0.9981378986153623,0.1595683559711797,tomato,True,True,,plantvillage,field_test
4723,5,5,0.9937030324021137,0.14938985727597132,tomato,True,True,,plantvillage,field_test
4728,5,5,0.9728548348602306,0.3356018218034096,tomato,True,True,,plantvillage,field_test
4732,5,5,0.9967782978708412,0.2474248547083573,tomato,True,True,,plantvillage,field_test
4736,5,5,0.7029055735395645,0.5504350189028424,tomato,True,True,,plantvillage,field_test
4745,5,5,0.9598871971793742,0.5155784071210516,tomato,True,True,,plantvillage,field_test
4746,5,5,0.9968081489118664,0.1520507086916174,tomato,True,True,,plantvillage,field_test
4749,5,5,0.9127763598150409,0.34918300349070297,tomato,True,True,,plantvillage,field_test
4755,5,5,0.9448152573543049,0.30583028897712583,tomato,True,True,,plantvillage,field_test
4758,5,5,0.9945384325369074,0.17671890857891714,tomato,True,True,,plantvillage,field_test
4766,5,5,0.9820780091926797,0.27351502278369655,tomato,True,True,,plantvillage,field_test
4769,5,5,0.9641658470416431,0.3232792568607259,tomato,True,True,,plantvillage,field_test
4797,5,5,0.9801737847466905,0.19706940958045271,tomato,True,True,,plantvillage,field_test
4816,5,5,0.9952359161517862,0.11346265155038648,tomato,True,True,,plantvillage,field_test
4824,5,5,0.9877624413982304,0.21512592031303868,tomato,True,True,,plantvillage,field_test
4826,5,5,0.9968042113237195,0.14387640995741235,tomato,True,True,,plantvillage,field_test
4828,5,5,0.9979617132164077,0.07938099098511664,tomato,True,True,,plantvillage,field_test
4832,5,5,0.9983765183608716,0.10745916562370939,tomato,True,True,,plantvillage,field_test
4841,5,5,0.9985868681445309,0.11466640343779866,tomato,True,True,,plantvillage,field_test
4844,5,5,0.9952433557178455,0.1822302906033002,tomato,True,True,,plantvillage,field_test
4845,5,5,0.9929010294094442,0.17130133938880188,tomato,True,True,,plantvillage,field_test
4846,5,5,0.9977542254683839,0.09866650379042308,tomato,True,True,,plantvillage,field_test
4849,5,5,0.993537904015052,0.17910752525479878,tomato,True,True,,plantvillage,field_test
4855,5,5,0.984829571077437,0.21314418091780185,tomato,True,True,,plantvillage,field_test
4861,5,5,0.8845461317691591,0.3463815446093633,tomato,True,True,,plantvillage,field_test
4866,5,5,0.9334754792559598,0.4123715584055785,tomato,True,True,,plantvillage,field_test
4867,5,5,0.9724193042966097,0.2755618040929546,tomato,True,True,,plantvillage,field_test
4874,5,5,0.9966065271925407,0.08892986418035709,tomato,True,True,,plantvillage,field_test
4879,5,5,0.9937336066141301,0.14021049655189421,tomato,True,True,,plantvillage,field_test
4888,5,5,0.9924701753216163,0.19685703212844918,tomato,True,True,,plantvillage,field_test
4890,5,5,0.9968847584647759,0.14884299242323118,tomato,True,True,,plantvillage,field_test
4894,5,5,0.998356721903618,0.08372158638601168,tomato,True,True,,plantvillage,field_test
4896,5,5,0.9954125041873559,0.13665646466687653,tomato,True,True,,plantvillage,field_test
4898,5,5,0.9839739937783766,0.29598675249982276,tomato,True,True,,plantvillage,field_test
4899,5,5,0.9953916696039349,0.13806819777114399,tomato,True,True,,plantvillage,field_test
4907,5,5,0.9837158054446616,0.2837394862995306,tomato,True,True,,plantvillage,field_test
4910,5,5,0.971368449993375,0.24905255822250894,tomato,True,True,,plantvillage,field_test
4918,5,5,0.9970374213150887,0.09557105890413853,tomato,True,True,,plantvillage,field_test
4920,5,5,0.9887135554990584,0.22270814915281,tomato,True,True,,plantvillage,field_test
4922,5,5,0.9727294825080507,0.22967263112196745,tomato,True,True,,plantvillage,field_test
4924,5,5,0.9970649698415373,0.07606569059798007,tomato,True,True,,plantvillage,field_test
4925,5,5,0.9969733386976649,0.07515532678784342,tomato,True,True,,plantvillage,field_test
4926,5,5,0.9575745680691764,0.22782746767731843,tomato,True,True,,plantvillage,field_test
4929,5,5,0.9761859332282963,0.370820557381881,tomato,True,True,,plantvillage,field_test
4935,5,5,0.9970767256452275,0.07022231603987694,tomato,True,True,,plantvillage,field_test
4938,5,5,0.9925382695523619,0.20246706967002703,tomato,True,True,,plantvillage,field_test
4945,5,5,0.9909803080540988,0.2190487035370673,tomato,True,True,,plantvillage,field_test
4948,5,5,0.9979017570998175,0.11869700216077028,tomato,True,True,,plantvillage,field_test
4953,5,5,0.9960170604484513,0.12927757908997883,tomato,True,True,,plantvillage,field_test
4957,5,5,0.9968084591607771,0.13875688649293927,tomato,True,True,,plantvillage,field_test
4960,5,5,0.9978439766376757,0.18993390032231816,tomato,True,True,,plantvillage,field_test
4962,5,5,0.9983958334894849,0.10596591851429182,tomato,True,True,,plantvillage,field_test
4967,5,5,0.9984005661891212,0.12885354724704978,tomato,True,True,,plantvillage,field_test
4988,5,5,0.9864054803850433,0.347911597558919,tomato,True,True,,plantvillage,field_test
4998,5,5,0.9966849366440396,0.1302191588987286,tomato,True,True,,plantvillage,field_test
5003,5,5,0.998764840768946,0.10073405741854469,tomato,True,True,,plantvillage,field_test
5021,5,5,0.9968616975135679,0.1024147666265699,tomato,True,True,,plantvillage,field_test
5033,5,4,0.544917143639973,0.5270899832623326,tomato,True,True,,plantvillage,field_test
5036,5,5,0.9911692238660097,0.27253611028053437,tomato,True,True,,plantvillage,field_test
5056,5,5,0.7072708310691198,0.4205766433476673,tomato,True,True,,plantvillage,field_test
5066,5,5,0.9946956728634022,0.12315476936205538,tomato,True,True,,plantvillage,field_test
5074,5,5,0.9755496791946336,0.26159358644228115,tomato,True,True,,plantvillage,field_test
5079,5,5,0.9980566747273767,0.07681389309950659,tomato,True,True,,plantvillage,field_test
5082,5,5,0.9978707498885071,0.18018908289103652,tomato,True,True,,plantvillage,field_test
5088,5,5,0.9976407355695859,0.07247414643442851,tomato,True,True,,plantvillage,field_test
5092,5,5,0.9929276970547367,0.2782804362532938,tomato,True,True,,plantvillage,field_test
5093,5,5,0.9972013749788023,0.09953927494223258,tomato,True,True,,plantvillage,field_test
5100,5,5,0.9975431825033052,0.10515092155633254,tomato,True,True,,plantvillage,field_test
5102,5,5,0.9982790772838769,0.08019074242297553,tomato,True,True,,plantvillage,field_test
5127,5,5,0.9985556139277842,0.06286135123210368,tomato,True,True,,plantvillage,field_test
5133,5,5,0.995456934464761,0.11746128555668722,tomato,True,True,,plantvillage,field_test
5136,5,5,0.9947549995167259,0.16270922353054806,tomato,True,True,,plantvillage,field_test
5138,5,5,0.9952788063315319,0.18826706178870023,tomato,True,True,,plantvillage,field_test
5141,5,5,0.9502515745633408,0.2892837246594192,tomato,True,True,,plantvillage,field_test
5152,5,0,0.8006945086071106,0.32374340668136625,tomato,True,True,,plantvillage,field_test
5157,8,8,0.9924301960790969,0.10594631649295216,tomato,True,True,,tlid,field_test
5164,8,8,0.9979355765242992,0.0668803077727591,tomato,True,True,,tlid,field_test
5204,8,8,0.9982569268070669,0.035339868869686875,tomato,True,True,,tlid,field_test
5217,8,8,0.9976742188446236,0.05123583900035289,tomato,True,True,,tlid,field_test
5220,8,1,0.6470491904967846,0.3820195015737682,tomato,True,True,,tlid,field_test
5230,8,8,0.9495492536460488,0.3098710264572666,tomato,True,True,,tlid,field_test
5231,8,8,0.9970188945273217,0.075648519159636,tomato,True,True,,tlid,field_test
5242,8,8,0.99818581952058,0.1185310420331821,tomato,True,True,,tlid,field_test
5245,8,8,0.9607421581627994,0.26485566613219336,tomato,True,True,,tlid,field_test
5252,8,8,0.9965425477024904,0.0902895706853738,tomato,True,True,,tlid,field_test
5282,8,8,0.4817964240819545,0.45139653816817327,tomato,True,True,,tlid,field_test
5288,8,8,0.9972974514152517,0.14376631603885293,tomato,True,True,,tlid,field_test
5295,8,8,0.9959677747443255,0.296268783536649,tomato,True,True,,tlid,field_test
5298,8,10,0.7076685343449222,0.3408580266300767,tomato,True,True,,tlid,field_test
5301,8,8,0.996076771160294,0.04321217010154288,tomato,True,True,,tlid,field_test
5306,8,8,0.9912374270867285,0.20860834495226477,tomato,True,True,,tlid,field_test
5311,8,8,0.8687404741157245,0.2590802810513537,tomato,True,True,,tlid,field_test
5315,8,8,0.9970312843400446,0.06787587309498821,tomato,True,True,,tlid,field_test
5323,8,8,0.9766982971281023,0.27931750578659686,tomato,True,True,,tlid,field_test
5339,8,8,0.9949185125332761,0.06952567647186991,tomato,True,True,,tlid,field_test
5345,8,8,0.9733712342096088,0.15659292441437522,tomato,True,True,,tlid,field_test
5348,8,8,0.8849661183867362,0.31528594333058946,tomato,True,True,,tlid,field_test
5358,8,8,0.9981556689850678,0.132341950020464,tomato,True,True,,tlid,field_test
5364,8,8,0.9973230332152063,0.04809761427939563,tomato,True,True,,tlid,field_test
5378,8,8,0.9972248081545397,0.029992578258149383,tomato,True,True,,tlid,field_test
5384,8,8,0.9971267797316219,0.04247806578257496,tomato,True,True,,tlid,field_test
5394,8,8,0.995516897384771,0.15687460837401423,tomato,True,True,,tlid,field_test
5401,8,8,0.9981215859176263,0.046898456706751857,tomato,True,True,,tlid,field_test
5407,8,0,0.5052444470370786,0.43973089116750896,tomato,True,True,,tlid,field_test
5409,8,8,0.996617590201325,0.05194689371438577,tomato,True,True,,tlid,field_test
5414,8,8,0.9981577223406338,0.04284398588435323,tomato,True,True,,tlid,field_test
5422,8,8,0.9969262469228677,0.0748069338965427,tomato,True,True,,tlid,field_test
5427,8,8,0.6521744847247325,0.3732769921766046,tomato,True,True,,tlid,field_test
5436,8,8,0.9970037547347225,0.06131866836489808,tomato,True,True,,tlid,field_test
5439,8,8,0.9984061668063913,0.028092842149557873,tomato,True,True,,tlid,field_test
5468,8,8,0.9893199938173891,0.19076526629888502,tomato,True,True,,tlid,field_test
5470,8,1,0.5923388908216467,0.5168303214697337,tomato,True,True,,tlid,field_test
5481,8,8,0.9982634747369554,0.0254714871316698,tomato,True,True,,tlid,field_test
5491,8,8,0.9962938624158666,0.10592491489028732,tomato,True,True,,tlid,field_test
5498,8,8,0.941633152538969,0.2926415268703161,tomato,True,True,,tlid,field_test
5503,8,8,0.9982811416526167,0.037057203927924665,tomato,True,True,,tlid,field_test
5505,8,8,0.8202035900351032,0.4422055479949496,tomato,True,True,,tlid,field_test
5517,8,8,0.9978591055638899,0.0459639467679509,tomato,True,True,,tlid,field_test
5519,8,8,0.9952427695689834,0.10027513403873134,tomato,True,True,,tlid,field_test
5522,8,8,0.9953294518960571,0.09793451817283494,tomato,True,True,,tlid,field_test
5544,8,8,0.998417769062281,0.06459328035382372,tomato,True,True,,tlid,field_test
5573,8,8,0.9950514420670329,0.06473311916220503,tomato,True,True,,tlid,field_test
5602,1,1,0.996525762300594,0.07296588284004679,tomato,True,True,,tlid,field_test
5627,1,1,0.9955865087127057,0.14307107306782552,tomato,True,True,,tlid,field_test
5640,1,1,0.9981591806558664,0.09210477514217918,tomato,True,True,,tlid,field_test
5657,1,1,0.994377127627572,0.19155878746126498,tomato,True,True,,tlid,field_test
5670,1,1,0.9956559601082868,0.12673032158477193,tomato,True,True,,tlid,field_test
5676,1,1,0.9980870824900742,0.07113520758101022,tomato,True,True,,tlid,field_test
5681,1,1,0.9977779991350524,0.06890952171980613,tomato,True,True,,tlid,field_test
5713,1,8,0.4483687178060882,0.49629421956169795,tomato,True,True,,tlid,field_test
5722,1,1,0.9920518431779755,0.17543241205978244,tomato,True,True,,tlid,field_test
5736,1,1,0.9987207779026103,0.06069413294727988,tomato,True,True,,tlid,field_test
5740,1,0,0.9922441801351336,0.07224570502103755,tomato,True,True,,tlid,field_test
5742,1,1,0.9961358795923547,0.09810431046857748,tomato,True,True,,tlid,field_test
5758,1,1,0.9969114042775193,0.09297794372911583,tomato,True,True,,tlid,field_test
5759,1,1,0.992528369735608,0.3143086878606628,tomato,True,True,,tlid,field_test
5761,1,1,0.9958653403561512,0.08177870460468462,tomato,True,True,,tlid,field_test
5762,1,1,0.9959750040987442,0.10145894582182169,tomato,True,True,,tlid,field_test
5779,1,1,0.9981874719428494,0.11630197759434036,tomato,True,True,,tlid,field_test
5785,1,1,0.414521013052486,0.6075284760641276,tomato,True,True,,tlid,field_test
5798,1,1,0.9976323643140216,0.0652792550080965,tomato,True,True,,tlid,field_test
5809,1,1,0.9983690080772066,0.09670705795381052,tomato,True,True,,tlid,field_test
5812,1,1,0.9954140475080773,0.09612105207289179,tomato,True,True,,tlid,field_test
5822,1,1,0.9976630868689824,0.04475529743577522,tomato,True,True,,tlid,field_test
5833,1,1,0.9983390593070589,0.1344654225276345,tomato,True,True,,tlid,field_test
5840,1,1,0.9976534495210562,0.06105531604053338,tomato,True,True,,tlid,field_test
5869,1,1,0.9967280780420553,0.09401307466187303,tomato,True,True,,tlid,field_test
5891,8,8,0.9973988463895314,0.1260972876733748,tomato,True,True,,tlid,field_test
5899,8,8,0.996461140191311,0.043938473187444926,tomato,True,True,,tlid,field_test
5901,8,8,0.9977267568466622,0.031977237586893636,tomato,True,True,,tlid,field_test
5919,8,8,0.9960849999197854,0.08701341487629799,tomato,True,True,,tlid,field_test
5925,1,1,0.9980069527328167,0.0425153583847816,tomato,True,True,,tlid,field_test
5948,1,1,0.9949653931265119,0.1938479206198196,tomato,True,True,,tlid,field_test
5955,1,1,0.9964901390408663,0.1786050425632193,tomato,False,True,out_of_distribution,tlid,field_test
5956,1,1,0.7891422796850663,0.5975532504031476,tomato,True,True,,tlid,field_test
5980,1,1,0.9959822607758054,0.1258831574773035,tomato,True,True,,tlid,field_test
6006,1,1,0.9851895320698015,0.2873861664827636,tomato,True,True,,tlid,field_test
6013,1,1,0.9982777513703358,0.046414251345290536,tomato,True,True,,tlid,field_test
6016,1,1,0.9922728760307592,0.18510346103833486,tomato,True,True,,tlid,field_test
6024,1,1,0.9987832626448025,0.05455806841645894,tomato,True,True,,tlid,field_test
6039,1,1,0.9980068873030942,0.044941184364317266,tomato,True,True,,tlid,field_test
6047,1,1,0.998048533741063,0.04301156307472387,tomato,True,True,,tlid,field_test
6049,1,1,0.9979405034221557,0.09181914720035644,tomato,True,True,,tlid,field_test
6051,1,1,0.9967966881198763,0.07945545323112202,tomato,True,True,,tlid,field_test
6069,8,8,0.9960100892557767,0.14495711143415335,tomato,True,True,,tlid,field_test
6090,8,8,0.9983220889093443,0.06035015844629266,tomato,True,True,,tlid,field_test
6096,8,8,0.9982197066041906,0.07141713796268734,tomato,True,True,,tlid,field_test
6112,8,8,0.9966156687909747,0.09638508643874266,tomato,True,True,,tlid,field_test
6127,8,10,0.3668360661837964,0.6907198166277895,tomato,True,True,,tlid,field_test
6132,8,8,0.991982020065918,0.13012822205444308,tomato,True,True,,tlid,field_test
6133,8,0,0.9653638987116618,0.149052965430025,tomato,True,True,,tlid,field_test
6162,8,8,0.9956235803778695,0.08768456073865338,tomato,True,True,,tlid,field_test
6167,8,8,0.9977339800432593,0.09667996403607759,tomato,True,True,,tlid,field_test
6183,8,8,0.9979087243296433,0.13609518289848677,tomato,True,True,,tlid,field_test
6201,8,8,0.9985604622409737,0.03264312192997698,tomato,True,True,,tlid,field_test
6245,8,8,0.9938164526887487,0.3264888549930294,tomato,True,True,,tlid,field_test
6250,8,8,0.9961799768342099,0.11075833633061916,tomato,True,True,,tlid,field_test
6254,8,8,0.9960532816451838,0.09595285201472925,tomato,True,True,,tlid,field_test
6255,8,8,0.9958538201143949,0.044842139121488045,tomato,True,True,,tlid,field_test
6257,8,8,0.9983275673813978,0.06810386365102117,tomato,True,True,,tlid,field_test
6274,8,1,0.8884986736002003,0.4125382294811848,tomato,True,True,,tlid,field_test
6283,8,8,0.9980165392353851,0.07646992830644073,tomato,True,True,,tlid,field_test
6317,10,10,0.9432831752833042,0.294913821790434,tomato,True,True,,tlid,field_test
6318,10,10,0.9946546742400789,0.0761320306344555,tomato,True,True,,tlid,field_test
6323,8,8,0.9934781223971346,0.13690473033199402,tomato,True,True,,tlid,field_test
6332,10,10,0.9957237807520111,0.05643285036290946,tomato,True,True,,tlid,field_test
6353,10,10,0.9946638053097947,0.0720901602503714,tomato,True,True,,tlid,field_test
6356,10,10,0.9926068652594144,0.07656263319035805,tomato,True,True,,tlid,field_test
6364,10,8,0.995651568533862,0.054773823358237994,tomato,True,True,,tlid,field_test
6366,10,10,0.9956932086146749,0.1087400040429195,tomato,True,True,,tlid,field_test
6369,10,10,0.9952786228520663,0.06545809626413757,tomato,True,True,,tlid,field_test
6411,8,8,0.9975741317939627,0.06321377029511799,tomato,True,True,,tlid,field_test
6420,8,8,0.9970356954104415,0.05245363159278449,tomato,True,True,,tlid,field_test
6421,8,8,0.9971521834569935,0.15014156822292823,tomato,True,True,,tlid,field_test
6430,8,8,0.9974333944686159,0.14186536180178932,tomato,True,True,,tlid,field_test
6443,8,8,0.8972170174008915,0.2782151902651431,tomato,True,True,,tlid,field_test
6453,8,8,0.9970015008223534,0.07274773340246232,tomato,True,True,,tlid,field_test
6461,8,8,0.9781337284596725,0.1966594917695199,tomato,True,True,,tlid,field_test
6463,8,8,0.9977086784515006,0.06809101079106727,tomato,True,True,,tlid,field_test
6468,8,8,0.9970830543504497,0.0917963271475224,tomato,True,True,,tlid,field_test
6482,8,8,0.9973540314476828,0.0330872744040851,tomato,True,True,,tlid,field_test
6485,8,8,0.9971984677178864,0.07340362987529492,tomato,True,True,,tlid,field_test
6490,8,0,0.9826230846678345,0.27073251047564084,tomato,True,True,,tlid,field_test
6498,8,8,0.9962221984432185,0.09344132196229604,tomato,True,True,,tlid,field_test
6507,8,8,0.9923299947062619,0.08453601608246131,tomato,True,True,,tlid,field_test
6537,8,8,0.9813390084612128,0.12996288157865976,tomato,True,True,,tlid,field_test
6550,8,8,0.9975713735079368,0.11180663047279527,tomato,True,True,,tlid,field_test
6557,8,8,0.6974539751316143,0.3155613589162224,tomato,True,True,,tlid,field_test
6560,8,8,0.9979825691440272,0.039151254070689534,tomato,True,True,,tlid,field_test
6580,8,8,0.9971597275686649,0.23646987886960014,tomato,True,True,,tlid,field_test
6587,8,8,0.9959634935635227,0.06245592299631375,tomato,True,True,,tlid,field_test
6588,8,8,0.9981636290183065,0.04508400491283093,tomato,True,True,,tlid,field_test
6589,8,0,0.8718806128505127,0.32516839379191276,tomato,True,True,,tlid,field_test
6592,8,8,0.9969368374230321,0.1022714234503157,tomato,True,True,,tlid,field_test
6609,8,8,0.9893769653727558,0.20549039022069127,tomato,True,True,,tlid,field_test
6624,8,8,0.9973609879628774,0.039095026470139516,tomato,True,True,,tlid,field_test
6627,8,8,0.9931049686501817,0.19727716974738596,tomato,True,True,,tlid,field_test
6630,8,8,0.9983113412856846,0.03386213123345927,tomato,True,True,,tlid,field_test
6631,8,8,0.9953690936212424,0.12134543728481417,tomato,True,True,,tlid,field_test
6660,8,8,0.9982598882647329,0.03815851593309716,tomato,True,True,,tlid,field_test
6670,8,8,0.9943797024028933,0.13059255538441628,tomato,True,True,,tlid,field_test
6671,8,8,0.8303123055307443,0.45992904052255534,tomato,True,True,,tlid,field_test
6690,8,8,0.9967353773997188,0.09275439745992065,tomato,True,True,,tlid,field_test
6706,8,8,0.994429027150286,0.08411136183824275,tomato,True,True,,tlid,field_test
6707,8,8,0.9965453533193174,0.10996338962833507,tomato,True,True,,tlid,field_test
6726,8,8,0.9969576007844325,0.037094897839876295,tomato,True,True,,tlid,field_test
6734,8,8,0.9988888531140714,0.061831659783899484,tomato,True,True,,tlid,field_test
6744,8,8,0.9662068388915727,0.2290475313053686,tomato,True,True,,tlid,field_test
6745,8,8,0.9990710961352004,0.06142210665975323,tomato,True,True,,tlid,field_test
6766,8,8,0.9851965928388284,0.15349948126565627,tomato,True,True,,tlid,field_test
6775,8,8,0.9914148221954098,0.095478738255524,tomato,True,True,,tlid,field_test
6785,8,8,0.9984817099485991,0.09023720073857033,tomato,True,True,,tlid,field_test
6806,8,8,0.986066199461554,0.09701405241119121,tomato,True,True,,tlid,field_test
6813,8,8,0.9985462938670003,0.0600715371210816,tomato,True,True,,tlid,field_test
6832,8,8,0.9864604334508763,0.1170264974448445,tomato,True,True,,tlid,field_test
6840,8,8,0.9962888948233948,0.09118907114437325,tomato,True,True,,tlid,field_test
6860,8,8,0.997400824812959,0.03469777962638565,tomato,True,True,,tlid,field_test
6865,8,8,0.9966559545833541,0.14683626850408338,tomato,True,True,,tlid,field_test
6876,8,8,0.9939650155768419,0.06421519602352133,tomato,True,True,,tlid,field_test
6892,8,8,0.9786727335800357,0.22651051561340085,tomato,True,True,,tlid,field_test
6893,8,8,0.9973942805078614,0.12594393113017743,tomato,True,True,,tlid,field_test
6903,8,8,0.9979309640074742,0.09228843173617562,tomato,True,True,,tlid,field_test
6906,8,8,0.9922532666475844,0.1270917952725863,tomato,True,True,,tlid,field_test
6911,8,0,0.6882908010575838,0.24845888740922661,tomato,True,True,,tlid,field_test
6927,8,8,0.997587695777908,0.041548387717949886,tomato,True,True,,tlid,field_test
6953,8,8,0.9948950750855636,0.05263346572023597,tomato,True,True,,tlid,field_test
6957,8,8,0.9969209117702886,0.09634387963899038,tomato,True,True,,tlid,field_test
6967,8,10,0.32328960651618077,0.6426368601149811,tomato,False,True,low_confidence,tlid,field_test
6973,1,1,0.9900285823865689,0.1699529052494032,tomato,True,True,,tlid,field_test
6999,1,1,0.9968835307326658,0.12279339619773988,tomato,True,True,,tlid,field_test
7000,1,1,0.9917708704054243,0.3397545968407665,tomato,True,True,,tlid,field_test
7002,1,1,0.9974665261163477,0.07345947722725699,tomato,True,True,,tlid,field_test
7009,1,1,0.9766555066216941,0.19801035521245736,tomato,True,True,,tlid,field_test
7017,1,1,0.9975338322909865,0.09017745653622788,tomato,True,True,,tlid,field_test
7032,1,1,0.9921812697483812,0.1560328434973004,tomato,True,True,,tlid,field_test
7051,1,1,0.9969490441498482,0.07173179435334509,tomato,True,True,,tlid,field_test
7059,1,1,0.9983298449858077,0.06805373713849183,tomato,True,True,,tlid,field_test
7061,1,1,0.9980669902239702,0.09005400970082555,tomato,True,True,,tlid,field_test
7073,1,1,0.9983050522323379,0.07019024732822232,tomato,True,True,,tlid,field_test
7078,1,1,0.9975255826374068,0.06651120180448844,tomato,True,True,,tlid,field_test
7085,1,1,0.995668582388318,0.10605010883951493,tomato,True,True,,tlid,field_test
7097,1,1,0.9967878949934028,0.1445883659303362,tomato,True,True,,tlid,field_test
7100,1,1,0.9964733410907316,0.05325003144158713,tomato,True,True,,tlid,field_test
7102,1,1,0.9972220835679282,0.07339623450656063,tomato,True,True,,tlid,field_test
7137,1,1,0.9964372855744694,0.08133649140590027,tomato,True,True,,tlid,field_test
7150,1,1,0.9982839784459315,0.0920515526646728,tomato,True,True,,tlid,field_test
7152,1,1,0.9958626341492282,0.0789002480994726,tomato,True,True,,tlid,field_test
7158,1,1,0.9979333852437189,0.12578629543401276,tomato,True,True,,tlid,field_test
7161,1,9,0.6882495273285134,0.40756786891036023,tomato,True,True,,tlid,field_test
7162,1,1,0.9979616702530489,0.0644410116627907,tomato,True,True,,tlid,field_test
7171,1,1,0.9953420235908085,0.1250815777872647,tomato,True,True,,tlid,field_test
7178,1,1,0.996952017801485,0.08630977796428463,tomato,True,True,,tlid,field_test
7191,1,1,0.9970822718347272,0.08916927857669377,tomato,True,True,,tlid,field_test
7193,1,1,0.9963366966082662,0.12938322034691785,tomato,True,True,,tlid,field_test
7198,1,1,0.9978013510517083,0.05641582022836755,tomato,True,True,,tlid,field_test
7204,1,1,0.9921276542155467,0.19040983100465647,tomato,True,True,,tlid,field_test
7217,1,1,0.9977559193906002,0.055350632322507254,tomato,True,True,,tlid,field_test
7230,1,1,0.997260923945235,0.07494866754093477,tomato,True,True,,tlid,field_test
7236,1,1,0.997162505748594,0.06999198140166252,tomato,True,True,,tlid,field_test
7254,1,1,0.99336886958587,0.33653870023378296,tomato,True,True,,tlid,field_test
7269,1,1,0.9739178978620208,0.28072317356070176,tomato,True,True,,tlid,field_test
7278,1,1,0.9935705871705287,0.4127818418999952,tomato,True,True,,tlid,field_test
7314,1,1,0.9969387114614288,0.1131359941836454,tomato,True,True,,tlid,field_test
7315,1,1,0.9968194884169944,0.09517622540669168,tomato,True,True,,tlid,field_test
7322,1,1,0.9967638926721827,0.10476880100471408,tomato,True,True,,tlid,field_test
7323,1,1,0.9971119911295011,0.11080921663415999,tomato,True,True,,tlid,field_test
7342,1,1,0.9967565766195986,0.14710369952634794,tomato,True,True,,tlid,field_test
7352,1,1,0.9904895946931486,0.1614605114490597,tomato,True,True,,tlid,field_test
7354,1,1,0.9978278042259056,0.07136290419007807,tomato,True,True,,tlid,field_test
7356,1,1,0.9942525317615876,0.1055389645332021,tomato,True,True,,tlid,field_test
7357,1,1,0.998772169400165,0.15194066689001762,tomato,True,True,,tlid,field_test
7358,1,1,0.9979913182519643,0.06755469965914374,tomato,True,True,,tlid,field_test
7360,1,1,0.9978452418635659,0.0612281339819184,tomato,True,True,,tlid,field_test
7362,1,1,0.9978565703828821,0.049369443506424915,tomato,True,True,,tlid,field_test
7371,1,1,0.9964914851788805,0.11048636985786786,tomato,True,True,,tlid,field_test
7385,1,1,0.9966807737073559,0.13380748680217924,tomato,True,True,,tlid,field_test
7398,1,1,0.9968981296456332,0.14972257589409488,tomato,True,True,,tlid,field_test
7425,1,1,0.9972059580099114,0.0755077945566287,tomato,True,True,,tlid,field_test
7426,1,1,0.9980112356375488,0.05396380135774659,tomato,True,True,,tlid,field_test
7432,1,1,0.7913435588403724,0.7772249621933387,tomato,True,True,,tlid,field_test
7436,1,1,0.9972473774345008,0.04360891466992767,tomato,True,True,,tlid,field_test
7437,1,0,0.8174013779423528,0.2222977056451234,tomato,True,True,,tlid,field_test
7439,1,1,0.9983054746401522,0.040959851315759965,tomato,True,True,,tlid,field_test
7457,1,1,0.9967997583120626,0.1305251501187803,tomato,True,True,,tlid,field_test
7459,1,1,0.9972399651601741,0.0869238549664142,tomato,True,True,,tlid,field_test
7472,1,1,0.9960930738460825,0.18009706040336038,tomato,True,True,,tlid,field_test
7505,1,1,0.9896106892248879,0.24280541895493934,tomato,True,True,,tlid,field_test
7546,1,1,0.9984475932639585,0.07439168385032668,tomato,True,True,,tlid,field_test
7552,1,1,0.9970597666653694,0.05502965283415784,tomato,True,True,,tlid,field_test
7562,9,9,0.9627674527142094,0.3287868621558163,tomato,True,True,,tlid,field_test
7588,9,9,0.9974199930022318,0.06349830976273896,tomato,True,True,,tlid,field_test
7595,9,9,0.9980481046944847,0.05566268457966661,tomato,True,True,,tlid,field_test
7606,9,10,0.5228923466832042,0.41791385028795736,tomato,True,True,,tlid,field_test
7614,1,1,0.9973081950152851,0.12249284169931962,tomato,True,True,,tlid,field_test
7623,1,0,0.7928890643252803,0.2886078053466674,tomato,True,True,,tlid,field_test
7634,1,1,0.9985803898294439,0.05795915825449116,tomato,True,True,,tlid,field_test
7644,1,0,0.7269685823508005,0.4404211493052479,tomato,True,True,,tlid,field_test
7645,1,0,0.841740597780572,0.29067466827325417,tomato,True,True,,tlid,field_test
7648,1,1,0.9952045152175953,0.18634337931893163,tomato,True,True,,tlid,field_test
7663,1,1,0.9974528893543609,0.06539488418486483,tomato,True,True,,tlid,field_test
7677,1,1,0.9964337668718615,0.09487474650279415,tomato,True,True,,tlid,field_test
7678,1,1,0.9976222473638856,0.07165887485087663,tomato,True,True,,tlid,field_test
7695,1,1,0.9976778723917444,0.13354685481080086,tomato,True,True,,tlid,field_test
7700,1,1,0.9981928801162822,0.059816558201640335,tomato,True,True,,tlid,field_test
7701,1,1,0.9961011877687096,0.11622339762983747,tomato,True,True,,tlid,field_test
7702,1,1,0.9975069326742402,0.06639088893208833,tomato,True,True,,tlid,field_test
7723,1,1,0.9912858006215828,0.2535898039991492,tomato,True,True,,tlid,field_test
7726,1,10,0.9647147793566119,0.280457191105532,tomato,True,True,,tlid,field_test
7727,1,1,0.9975679894992131,0.07166252372732407,tomato,True,True,,tlid,field_test
7731,1,1,0.9982023258440961,0.061997114209605964,tomato,True,True,,tlid,field_test
7738,1,1,0.9963491023670665,0.05022785763111459,tomato,True,True,,tlid,field_test
7767,1,1,0.9983663391806867,0.09389240418943823,tomato,True,True,,tlid,field_test
7771,1,1,0.9983166930430036,0.046263396195015294,tomato,True,True,,tlid,field_test
7784,1,1,0.9966546851021516,0.09481862033150745,tomato,True,True,,tlid,field_test
7787,1,1,0.9980247473118374,0.0702063781036435,tomato,True,True,,tlid,field_test
7794,1,1,0.9958590466546523,0.058254159064279776,tomato,True,True,,tlid,field_test
7801,1,1,0.9983863035809112,0.057790916932331404,tomato,True,True,,tlid,field_test
7802,1,0,0.9917915086007638,0.0685832306706784,tomato,True,True,,tlid,field_test
7803,1,1,0.9962360886697685,0.19464712292596975,tomato,True,True,,tlid,field_test
7804,1,1,0.6445910809089219,0.6248492026007517,tomato,True,True,,tlid,field_test
7835,1,1,0.9979952215783218,0.07758635488464649,tomato,True,True,,tlid,field_test
7844,1,1,0.9974140635279718,0.0777033043000126,tomato,True,True,,tlid,field_test
7852,1,1,0.9956971840434805,0.1119357342732209,tomato,True,True,,tlid,field_test
7872,1,1,0.5329165880978938,0.5927239469624417,tomato,True,True,,tlid,field_test
7873,1,1,0.9976961375955464,0.14009071539390394,tomato,True,True,,tlid,field_test
7879,1,1,0.996180994331057,0.0854664032385426,tomato,True,True,,tlid,field_test
7880,1,1,0.9937782293136626,0.08269899728410879,tomato,True,True,,tlid,field_test
7899,1,1,0.998206500894047,0.11246370975386566,tomato,True,True,,tlid,field_test
7903,1,1,0.9952297869549265,0.09399581902273724,tomato,True,True,,tlid,field_test
7924,1,1,0.997512593477695,0.10004473186163987,tomato,True,True,,tlid,field_test
7952,1,1,0.9958682475230421,0.12375291863580995,tomato,True,True,,tlid,field_test
7956,1,1,0.9970667515598864,0.11099896805648057,tomato,True,True,,tlid,field_test
7984,1,1,0.9951366482904314,0.1669990725530468,tomato,True,True,,tlid,field_test
7987,1,1,0.9970900259804757,0.09099622963249776,tomato,True,True,,tlid,field_test
7988,1,1,0.9972134568741031,0.19254196451278105,tomato,True,True,,tlid,field_test
8000,1,1,0.9971463018640193,0.11101587025615034,tomato,True,True,,tlid,field_test
8007,1,1,0.9107839808964552,0.5973234449279787,tomato,True,True,,tlid,field_test
8010,1,1,0.9978460197040285,0.0610917414203177,tomato,True,True,,tlid,field_test
8013,1,1,0.9987926826664913,0.06321820588499416,tomato,True,True,,tlid,field_test
8087,1,1,0.9979240568264476,0.15617070681669643,tomato,True,True,,tlid,field_test
8102,1,1,0.9988260997903572,0.06176219756599455,tomato,True,True,,tlid,field_test
8112,1,1,0.9981037893446155,0.06531701206787455,tomato,True,True,,tlid,field_test
8119,1,1,0.9981570478402675,0.0853931775516602,tomato,True,True,,tlid,field_test
8132,1,9,0.7866405144594256,0.41920294617366394,tomato,True,True,,tlid,field_test
8141,1,1,0.9659497105175389,0.3335815385932681,tomato,True,True,,tlid,field_test
8147,1,1,0.9954626803662028,0.15962089411805425,tomato,True,True,,tlid,field_test
8149,1,1,0.89447426466174,0.4870855251710554,tomato,True,True,,tlid,field_test
8154,1,1,0.9257034868500476,0.4656045219448339,tomato,True,True,,tlid,field_test
8164,1,1,0.9947868953554875,0.15766083730468572,tomato,True,True,,tlid,field_test
8167,1,9,0.6453006516929407,0.44067496494939407,tomato,True,True,,tlid,field_test
8213,1,1,0.9980713755867546,0.05652396452575914,tomato,True,True,,tlid,field_test
8234,1,9,0.6769639467906918,0.40985258507414524,tomato,True,True,,tlid,field_test
8246,1,1,0.9912238352312294,0.1969524110564479,tomato,True,True,,tlid,field_test
8255,1,1,0.9970276411485149,0.11638242175042324,tomato,True,True,,tlid,field_test
8256,1,1,0.9969669170800021,0.1674020691585787,tomato,True,True,,tlid,field_test
8259,1,1,0.9949844288336631,0.16408635411002126,tomato,True,True,,tlid,field_test
8274,1,1,0.997810589042418,0.04149850137678701,tomato,True,True,,tlid,field_test
8302,1,1,0.9935870819408623,0.10903876310862692,tomato,True,True,,tlid,field_test
8305,1,1,0.9976737848788614,0.0907531333953926,tomato,True,True,,tlid,field_test
8306,1,1,0.9773006813370723,0.2958021840039182,tomato,True,True,,tlid,field_test
8309,1,1,0.9961621143407462,0.11496940863332195,tomato,True,True,,tlid,field_test
8319,1,1,0.5830310271733856,0.5285393168322139,tomato,True,True,,tlid,field_test
8339,1,1,0.9983529564343266,0.08876992514877002,tomato,True,True,,tlid,field_test
8346,1,0,0.9909210129916061,0.06393076162043498,tomato,True,True,,tlid,field_test
8356,1,1,0.9981306356237383,0.0950212550842835,tomato,True,True,,tlid,field_test
8360,1,1,0.992844144372484,0.14213453250895514,tomato,True,True,,tlid,field_test
8369,1,1,0.9955901870004502,0.12687183478958897,tomato,True,True,,tlid,field_test
8379,1,1,0.9965239596729716,0.11856260222680792,tomato,True,True,,tlid,field_test
8385,1,1,0.9972406347889107,0.09992461035753575,tomato,True,True,,tlid,field_test
8392,1,1,0.9972016783666896,0.08902835152790489,tomato,True,True,,tlid,field_test
8393,1,1,0.9984380928304064,0.053519699466327286,tomato,True,True,,tlid,field_test
8396,1,1,0.9966772599946971,0.1848082678285452,tomato,True,True,,tlid,field_test
8398,1,1,0.9989900637356091,0.08960826301085145,tomato,True,True,,tlid,field_test
8417,1,1,0.9972129899726464,0.10865006871938587,tomato,True,True,,tlid,field_test
8420,1,1,0.9970387489330099,0.058171022663176086,tomato,True,True,,tlid,field_test
8435,1,1,0.9973586202423579,0.13756433883886365,tomato,True,True,,tlid,field_test
8438,1,1,0.9973165074453494,0.09040628331815936,tomato,True,True,,tlid,field_test
8441,1,1,0.9940957354062847,0.12381242795350023,tomato,True,True,,tlid,field_test
8443,1,1,0.9978083380973368,0.07410274054911636,tomato,True,True,,tlid,field_test
8458,1,1,0.9960123411848096,0.07310665092978241,tomato,True,True,,tlid,field_test
8482,1,1,0.9974478782411551,0.08133832836578736,tomato,True,True,,tlid,field_test
8492,1,1,0.998455129088116,0.09007847966341942,tomato,True,True,,tlid,field_test
8493,1,1,0.9982865838728643,0.044556741775227615,tomato,True,True,,tlid,field_test
8498,1,1,0.9984265828810143,0.07338754436412676,tomato,True,True,,tlid,field_test
8513,1,1,0.9980340973703006,0.06935745191893417,tomato,True,True,,tlid,field_test
8522,1,1,0.9983796387865382,0.09581492531747138,tomato,True,True,,tlid,field_test
8541,1,1,0.9974021395740099,0.07613333838818381,tomato,True,True,,tlid,field_test
8544,1,1,0.968703813201659,0.3048839654152168,tomato,True,True,,tlid,field_test
8553,1,1,0.9967449351247104,0.14799781528315226,tomato,True,True,,tlid,field_test
8556,1,1,0.9978295142270983,0.09128158041715762,tomato,True,True,,tlid,field_test
8596,1,1,0.9928912265365853,0.17811001793388104,tomato,True,True,,tlid,field_test
8609,1,1,0.9923648610837367,0.21462479921601507,tomato,True,True,,tlid,field_test
8610,1,1,0.9920943760056478,0.18225885307249756,tomato,True,True,,tlid,field_test
8619,1,1,0.9971560966234441,0.14160664432040548,tomato,True,True,,tlid,field_test
8635,1,1,0.9970553233246405,0.0674707108071797,tomato,True,True,,tlid,field_test
8659,1,1,0.9970972518416723,0.09793037726003817,tomato,True,True,,tlid,field_test
8668,1,1,0.9945660846522294,0.12368621646594913,tomato,True,True,,tlid,field_test
8691,1,1,0.9976173421617504,0.197392489183297,tomato,True,True,,tlid,field_test
8706,1,1,0.9986379391989544,0.12714432788089458,tomato,True,True,,tlid,field_test
8714,1,1,0.9934778384411366,0.11082433498380628,tomato,True,True,,tlid,field_test
8719,1,1,0.9974037474495187,0.06929341846995962,tomato,True,True,,tlid,field_test
8732,1,1,0.9979029150780542,0.058243573657378644,tomato,True,True,,tlid,field_test
8749,1,1,0.9975638815933237,0.09006235669207863,tomato,True,True,,tlid,field_test
8756,1,1,0.9981148165636307,0.04826585704126518,tomato,True,True,,tlid,field_test
8769,1,1,0.9979466995382277,0.09165974308566982,tomato,True,True,,tlid,field_test
8774,1,1,0.9977932749832973,0.05921812987811492,tomato,True,True,,tlid,field_test
8785,1,1,0.9979941065965693,0.07395864073334868,tomato,True,True,,tlid,field_test
8797,1,1,0.9939902487292445,0.1629581812730292,tomato,True,True,,tlid,field_test
8808,1,1,0.9983948296701997,0.050026919319808294,tomato,True,True,,tlid,field_test
8809,1,1,0.9977342198440068,0.06841438512247866,tomato,True,True,,tlid,field_test
8814,1,1,0.9976016353804569,0.07338669894430627,tomato,True,True,,tlid,field_test
8841,33,33,0.9977447597974868,0.13705556209518432,strawberry,True,True,,plantvillage,field_test
8847,33,33,0.9793708937715018,0.1973121297444289,strawberry,True,True,,plantvillage,field_test
8857,33,33,0.9984133653314587,0.0828861709026949,strawberry,True,True,,plantvillage,field_test
8861,33,33,0.9980136729274001,0.053286229017349473,strawberry,True,True,,plantvillage,field_test
8865,33,33,0.9955794295966476,0.06367986521568458,strawberry,True,True,,plantvillage,field_test
8872,33,33,0.9867102898256132,0.07090437451112308,strawberry,True,True,,plantvillage,field_test
8875,33,33,0.9962374935109117,0.054949126675316595,strawberry,True,True,,plantvillage,field_test
8897,33,33,0.9958460940163906,0.07789859451691472,strawberry,True,True,,plantvillage,field_test
8902,33,33,0.9946148308969123,0.06516319065755127,strawberry,True,True,,plantvillage,field_test
8908,33,33,0.9955487517722132,0.08410021891419084,strawberry,True,True,,plantvillage,field_test
8911,33,33,0.9945155756656667,0.06032747494069057,strawberry,True,True,,plantvillage,field_test
8918,33,33,0.9976165636171435,0.0723586766398594,strawberry,True,True,,plantvillage,field_test
8924,33,33,0.9986144276935283,0.13268085594493262,strawberry,True,True,,plantvillage,field_test
8934,33,33,0.9789850926806398,0.302395891937965,strawberry,True,True,,plantvillage,field_test
8939,33,33,0.9867727149115352,0.05750458429607597,strawberry,True,True,,plantvillage,field_test
8940,33,33,0.995321686368482,0.131383260678696,strawberry,True,True,,plantvillage,field_test
8944,33,33,0.9968821898459546,0.04719896990937522,strawberry,True,True,,plantvillage,field_test
8949,33,33,0.9911230713329574,0.06930169533827435,strawberry,True,True,,plantvillage,field_test
8953,33,33,0.9927522494848646,0.08468083264509207,strawberry,True,True,,plantvillage,field_test
8954,33,33,0.987667891372973,0.048355087519830864,strawberry,True,True,,plantvillage,field_test
8958,33,33,0.9925215309412538,0.042248350302938054,strawberry,True,True,,plantvillage,field_test
8963,33,33,0.9985659581854129,0.15290401070176718,strawberry,True,True,,plantvillage,field_test
8969,33,33,0.9975693999285083,0.1451287189643271,strawberry,True,True,,plantvillage,field_test
8975,33,33,0.9866493672700567,0.10758961043473403,strawberry,True,True,,plantvillage,field_test
8994,33,33,0.9991322801922011,0.0891370297705315,strawberry,True,True,,plantvillage,field_test
9007,33,33,0.9984638189120314,0.0733430783984449,strawberry,True,True,,plantvillage,field_test
9029,33,33,0.9928471350870625,0.04869214374984976,strawberry,True,True,,plantvillage,field_test
9038,33,33,0.9959297848916742,0.02819482391098227,strawberry,True,True,,plantvillage,field_test
9039,33,33,0.9947518814116044,0.04197549201416839,strawberry,True,True,,plantvillage,field_test
9050,33,33,0.9966252128671764,0.054522700001000235,strawberry,True,True,,plantvillage,field_test
9051,33,33,0.9949009227094865,0.029658687576095355,strawberry,True,True,,plantvillage,field_test
9060,33,33,0.9804828613450052,0.48634812747404865,strawberry,True,True,,plantvillage,field_test
9062,33,33,0.9981815081984566,0.04051935292141051,strawberry,True,True,,plantvillage,field_test
9063,33,33,0.996889435289496,0.13892969549165235,strawberry,True,True,,plantvillage,field_test
9069,33,33,0.9971298891888705,0.058334075141607156,strawberry,True,True,,plantvillage,field_test
9071,33,33,0.9965128774499264,0.18992654231766348,strawberry,True,True,,plantvillage,field_test
9073,33,33,0.9958498164296549,0.15025066908254892,strawberry,True,True,,plantvillage,field_test
9079,33,33,0.9854561725579221,0.14593677126114524,strawberry,True,True,,plantvillage,field_test
9083,33,33,0.9947183427134288,0.041308480534065106,strawberry,True,True,,plantvillage,field_test
9088,33,33,0.9979970817400047,0.14114553175297284,strawberry,True,True,,plantvillage,field_test
9094,33,33,0.9879428233395684,0.06266105356527607,strawberry,True,True,,plantvillage,field_test
9095,33,33,0.9960656640589136,0.10367868466740082,strawberry,True,True,,plantvillage,field_test
9122,33,33,0.9948282094454204,0.29854892140855327,strawberry,True,True,,plantvillage,field_test
9134,33,33,0.998107010780559,0.10713496733678618,strawberry,True,True,,plantvillage,field_test
9137,33,33,0.9973843989693394,0.038134072079996084,strawberry,True,True,,plantvillage,field_test
9142,33,33,0.995841866343777,0.03973649363604115,strawberry,True,True,,plantvillage,field_test
9151,33,33,0.9979182896661983,0.1454686868058077,strawberry,False,True,out_of_distribution,plantvillage,field_test
9195,19,19,0.941681693341066,0.33448466437279933,pepper,True,True,,plantvillage,field_test
9197,19,19,0.9977632952615815,0.056703803032173705,pepper,True,True,,plantvillage,field_test
9199,19,19,0.99760901958168,0.06236925131951654,pepper,True,True,,plantvillage,field_test
9208,19,19,0.9976359148733501,0.07560425812122984,pepper,True,True,,plantvillage,field_test
9219,19,19,0.9971725929488272,0.06421570472512406,pepper,True,True,,plantvillage,field_test
9228,19,19,0.9975223320926828,0.06680956064937749,pepper,True,True,,plantvillage,field_test
9229,19,19,0.998029004223296,0.060233333231269004,pepper,True,True,,plantvillage,field_test
9235,19,19,0.9976369240975397,0.08827925884305121,pepper,True,True,,plantvillage,field_test
9242,19,19,0.9958739167055148,0.12385385860202203,pepper,True,True,,plantvillage,field_test
9249,19,19,0.9957289639040816,0.11624595790195302,pepper,True,True,,plantvillage,field_test
9259,19,19,0.9977528498889623,0.09893456079685914,pepper,True,True,,plantvillage,field_test
9273,19,19,0.9982273576022187,0.11177007698159092,pepper,True,True,,plantvillage,field_test
9279,19,19,0.9988678737096324,0.06586202133573904,pepper,True,True,,plantvillage,field_test
9289,19,19,0.9987903976556805,0.1559652739924995,pepper,True,True,,plantvillage,field_test
9307,19,19,0.9978177200095869,0.05270146066541781,pepper,True,True,,plantvillage,field_test
9326,33,33,0.9981489584997721,0.047763749237334396,strawberry,True,True,,plantvillage,field_test
9336,33,33,0.9979133507125179,0.17643680601991052,strawberry,True,True,,plantvillage,field_test
9349,33,33,0.997052769956225,0.04161030278159261,strawberry,True,True,,plantvillage,field_test
9351,33,33,0.9976648340818679,0.061384628316431766,strawberry,True,True,,plantvillage,field_test
9352,33,33,0.9910366795701254,0.189853894229004,strawberry,True,True,,plantvillage,field_test
9356,33,33,0.9987363109252082,0.08857435055273877,strawberry,True,True,,plantvillage,field_test
9359,33,33,0.9985276773762015,0.08999960145041086,strawberry,True,True,,plantvillage,field_test
9364,33,33,0.9928499687738664,0.032604948422639835,strawberry,True,True,,plantvillage,field_test
9368,33,33,0.9984607179693751,0.09566111459842896,strawberry,True,True,,plantvillage,field_test
9371,33,33,0.9938273224544182,0.07793590539538076,strawberry,True,True,,plantvillage,field_test
9376,33,33,0.9922803579298755,0.15817894803812793,strawberry,True,True,,plantvillage,field_test
9379,33,33,0.9943724644118735,0.22949184634251496,strawberry,True,True,,plantvillage,field_test
9381,33,33,0.9954704860702871,0.03668275031379409,strawberry,True,True,,plantvillage,field_test
9386,33,33,0.9708911759829765,0.5505160819741237,strawberry,True,True,,plantvillage,field_test
9400,33,33,0.9958572659111684,0.051349268649282465,strawberry,True,True,,plantvillage,field_test
9411,33,33,0.9975522166419087,0.14304434506894204,strawberry,True,True,,plantvillage,field_test
9413,33,33,0.9967794029069488,0.1522350775848127,strawberry,True,True,,plantvillage,field_test
9415,33,33,0.9953225421399873,0.03317531882165636,strawberry,True,True,,plantvillage,field_test
9423,19,19,0.9984245312768212,0.03405479562144387,pepper,True,True,,plantvillage,field_test
9430,19,19,0.997503011582181,0.07045397914254314,pepper,True,True,,plantvillage,field_test
9432,19,19,0.9956646283798701,0.10915256103603044,pepper,True,True,,plantvillage,field_test
9434,33,33,0.9984788116542468,0.07755245455265225,strawberry,True,True,,plantvillage,field_test
9441,33,33,0.9983178271884998,0.06858136926388636,strawberry,True,True,,plantvillage,field_test
9457,33,33,0.9897769552556094,0.10921504012203176,strawberry,True,True,,plantvillage,field_test
9469,33,33,0.9959274728812709,0.10948638370095665,strawberry,True,True,,plantvillage,field_test
9492,1,1,0.8357012896202854,0.4691468449905444,tomato,True,True,,plantvillage,field_test
9496,1,9,0.4086150061686445,0.45532762230074364,tomato,True,True,,plantvillage,field_test
9500,1,1,0.8083397382882512,0.5650146643175387,tomato,True,True,,plantvillage,field_test
9503,1,1,0.9976163868038185,0.17614652845053702,tomato,True,True,,plantvillage,field_test
9504,1,1,0.9674921085721686,0.36605821507154823,tomato,True,True,,plantvillage,field_test
9506,1,1,0.9954636842538619,0.17394344412712281,tomato,True,True,,plantvillage,field_test
9519,1,1,0.9975725764821098,0.10856968260264366,tomato,True,True,,plantvillage,field_test
9521,1,1,0.563730173613053,0.3560902426608743,tomato,True,True,,plantvillage,field_test
9526,1,1,0.9488806839503996,0.365322703026292,tomato,True,True,,plantvillage,field_test
9530,1,1,0.9983963985799363,0.12820543088198388,tomato,True,True,,plantvillage,field_test
9531,1,1,0.9405704163079815,0.29531244255857647,tomato,True,True,,plantvillage,field_test
9536,1,1,0.9965548968414513,0.1381069578809888,tomato,True,True,,plantvillage,field_test
9551,32,32,0.9974734611147685,0.062170803038857136,strawberry,True,True,,plantvillage,field_test
9564,32,32,0.9970397731190342,0.04495120552330445,strawberry,True,True,,plantvillage,field_test
9579,32,32,0.998024937221338,0.04890936393162115,strawberry,True,True,,plantvillage,field_test
9591,32,32,0.9971710596330282,0.03986455162114044,strawberry,True,True,,plantvillage,field_test
9601,32,32,0.9962305464394391,0.0379401065202134,strawberry,True,True,,plantvillage,field_test
9604,32,32,0.9951546450568957,0.04532674392377212,strawberry,True,True,,plantvillage,field_test
9606,32,32,0.9962234118350485,0.047581571302888426,strawberry,True,True,,plantvillage,field_test
9612,32,32,0.9973574764854574,0.03333102808464883,strawberry,True,True,,plantvillage,field_test
9613,32,32,0.9972323372910739,0.04879306524114557,strawberry,True,True,,plantvillage,field_test
9628,32,32,0.9977145464299486,0.01731835565968698,strawberry,True,True,,plantvillage,field_test
9629,32,32,0.9977729553667014,0.050015893863821104,strawberry,True,True,,plantvillage,field_test
9638,32,32,0.9952773115799163,0.03794679334080131,strawberry,True,True,,plantvillage,field_test
9646,32,32,0.9964422120279652,0.050134407240806755,strawberry,True,True,,plantvillage,field_test
9648,32,32,0.9955350181482766,0.03730535118818934,strawberry,True,True,,plantvillage,field_test
9653,1,1,0.9928157497912976,0.17196477036305446,tomato,True,True,,plantvillage,field_test
9661,1,1,0.997379496411297,0.15094617242127906,tomato,True,True,,plantvillage,field_test
9664,1,1,0.8431961684299051,0.5218142847268814,tomato,True,True,,plantvillage,field_test
9674,1,1,0.9956363012938237,0.16084153904024134,tomato,True,True,,plantvillage,field_test
9677,1,1,0.9980654071220251,0.1670714105475013,tomato,True,True,,plantvillage,field_test
9686,1,1,0.998921359802702,0.07196398078414434,tomato,True,True,,plantvillage,field_test
9687,1,1,0.9058460886590448,0.3570346504324545,tomato,True,True,,plantvillage,field_test
9689,1,1,0.9987277339595593,0.07386846270423209,tomato,True,True,,plantvillage,field_test
9696,1,1,0.9946914534045395,0.15681637107687196,tomato,True,True,,plantvillage,field_test
9700,1,1,0.9876378853238267,0.37660950704926166,tomato,True,True,,plantvillage,field_test
9702,1,1,0.6781528625302474,0.48257795782624013,tomato,True,True,,plantvillage,field_test
9710,1,1,0.9967870102363018,0.1479789276170379,tomato,True,True,,plantvillage,field_test
9714,1,1,0.9973499704136388,0.18449601215032474,tomato,True,True,,plantvillage,field_test
9715,1,1,0.9981428944409803,0.12532265760314065,tomato,True,True,,plantvillage,field_test
9718,1,1,0.9946846561920439,0.16424493853670286,tomato,True,True,,plantvillage,field_test
9723,1,1,0.9827739122046816,0.16515775234013041,tomato,True,True,,plantvillage,field_test
9729,1,1,0.9973575993288329,0.13679796135312505,tomato,True,True,,plantvillage,field_test
9731,1,3,0.6940406204825844,0.5961941703380449,tomato,True,True,,plantvillage,field_test
9732,1,1,0.9974319080934563,0.12843695591739535,tomato,True,True,,plantvillage,field_test
9734,1,1,0.6975319289929444,0.6550471689463543,tomato,True,True,,plantvillage,field_test
9745,1,1,0.49907058239582913,0.535221851125931,tomato,True,True,,plantvillage,field_test
9751,1,1,0.9876017506013505,0.23797692352593436,tomato,True,True,,plantvillage,field_test
9757,1,1,0.922773065316052,0.2821038337121111,tomato,True,True,,plantvillage,field_test
9773,1,1,0.9917580036378776,0.36114026971984625,tomato,True,True,,plantvillage,field_test
9774,1,1,0.9978274938230454,0.08759378413071384,tomato,True,True,,plantvillage,field_test
9776,1,1,0.998292605369087,0.1016913777516546,tomato,True,True,,plantvillage,field_test
9777,1,1,0.9962353059208763,0.1795527011532443,tomato,True,True,,plantvillage,field_test
9780,1,1,0.9976799910572297,0.15032247021639855,tomato,True,True,,plantvillage,field_test
9791,33,33,0.9973617624660053,0.08832353657151548,strawberry,True,True,,plantvillage,field_test
9796,33,33,0.9986127780516187,0.09641661187040884,strawberry,True,True,,plantvillage,field_test
9811,33,33,0.9940065162360411,0.06907531595330552,strawberry,True,True,,plantvillage,field_test
9816,33,33,0.9967984904802059,0.07890529358750298,strawberry,True,True,,plantvillage,field_test
9825,33,33,0.9862865410284907,0.12072787917615035,strawberry,True,True,,plantvillage,field_test
9841,32,32,0.9961063621688376,0.02421935655427998,strawberry,True,True,,plantvillage,field_test
9844,32,32,0.9973012133306565,0.01939026674142119,strawberry,True,True,,plantvillage,field_test
9865,33,33,0.9966400887041662,0.06345986833388861,strawberry,True,True,,plantvillage,field_test
9872,33,33,0.9967702293302784,0.04607870051875673,strawberry,True,True,,plantvillage,field_test
9874,33,33,0.9964951558833641,0.14982776660365793,strawberry,True,True,,plantvillage,field_test
9875,33,33,0.991690812072587,0.05444953695125543,strawberry,True,True,,plantvillage,field_test
9885,33,33,0.9889292100981265,0.08277407924867486,strawberry,True,True,,plantvillage,field_test
9892,33,33,0.9959976611652094,0.08422716482911419,strawberry,True,True,,plantvillage,field_test
9905,33,33,0.9936884918366772,0.07424572647551919,strawberry,True,True,,plantvillage,field_test
9909,33,33,0.9987634010811416,0.15957619700558712,strawberry,True,True,,plantvillage,field_test
9912,33,33,0.991594881795273,0.08912621852106639,strawberry,True,True,,plantvillage,field_test
9918,33,33,0.9985796043968356,0.14560455416343254,strawberry,True,True,,plantvillage,field_test
9951,33,33,0.9960296259663333,0.04456302631721032,strawberry,True,True,,plantvillage,field_test
9953,33,33,0.9974787393847696,0.11085055417980838,strawberry,True,True,,plantvillage,field_test
9956,33,33,0.9962086889887388,0.06431480523688538,strawberry,True,True,,plantvillage,field_test
9962,33,33,0.9979413278043088,0.14367358876604885,strawberry,True,True,,plantvillage,field_test
9976,32,32,0.9965723134941152,0.031125301478258427,strawberry,True,True,,plantvillage,field_test
9989,32,32,0.997857571932854,0.029983993496449646,strawberry,True,True,,plantvillage,field_test
10003,32,32,0.9964205308611114,0.06798303839532194,strawberry,True,True,,plantvillage,field_test
10004,32,32,0.9954050927402535,0.06171259035426124,strawberry,True,True,,plantvillage,field_test
10006,32,32,0.996164231912207,0.03869793303443114,strawberry,True,True,,plantvillage,field_test
10030,32,32,0.9946651981109617,0.07635712527436689,strawberry,True,True,,plantvillage,field_test
10037,32,32,0.9952835587159367,0.054023903302444776,strawberry,True,True,,plantvillage,field_test
10038,32,32,0.9967796392354606,0.04899865919034885,strawberry,True,True,,plantvillage,field_test
10041,32,32,0.9929307946585284,0.08816871371228974,strawberry,True,True,,plantvillage,field_test
10044,32,32,0.9962088175760984,0.025932053465946403,strawberry,True,True,,plantvillage,field_test
10049,32,32,0.99747599013604,0.03096495626328477,strawberry,True,True,,plantvillage,field_test
10059,32,32,0.9960299868140433,0.03456203672418012,strawberry,True,True,,plantvillage,field_test
10061,32,32,0.9971148998850664,0.0744819489991031,strawberry,True,True,,plantvillage,field_test
10077,32,32,0.9972067397980701,0.049115444211018544,strawberry,True,True,,plantvillage,field_test
10086,32,32,0.9964773430549185,0.03626554943197913,strawberry,True,True,,plantvillage,field_test
10121,32,32,0.9947251233368053,0.05668371480002854,strawberry,True,True,,plantvillage,field_test
10133,32,32,0.9979093676642141,0.03420718331518535,strawberry,True,True,,plantvillage,field_test
10138,32,32,0.9967280660857035,0.029763446875312294,strawberry,True,True,,plantvillage,field_test
10144,32,32,0.9951614008521649,0.09091066649866963,strawberry,True,True,,plantvillage,field_test
10162,32,32,0.9975425878514362,0.06670212700196787,strawberry,True,True,,plantvillage,field_test
10177,32,32,0.997173739436907,0.05598795281634916,strawberry,True,True,,plantvillage,field_test
10215,20,20,0.9979369782170018,0.12779844857427003,pepper,True,True,,plantvillage,field_test
10223,20,20,0.9897524107273868,0.48689764404392144,pepper,True,True,,plantvillage,field_test
10225,20,20,0.9948169459496798,0.16799840792739218,pepper,True,True,,plantvillage,field_test
10238,20,20,0.9972787303970457,0.26600779490581383,pepper,True,True,,plantvillage,field_test
10240,20,20,0.9988273317997127,0.14796484846427616,pepper,True,True,,plantvillage,field_test
10254,20,20,0.9909794736631512,0.22999464698824923,pepper,True,True,,plantvillage,field_test
10260,20,20,0.9954007762762559,0.19720241423340124,pepper,True,True,,plantvillage,field_test
10266,20,20,0.9958065782163571,0.254106078195914,pepper,True,True,,plantvillage,field_test
10269,20,20,0.9958687295915505,0.2106484800463626,pepper,True,True,,plantvillage,field_test
10273,20,20,0.9947881511421696,0.22006248993529365,pepper,True,True,,plantvillage,field_test
10301,20,20,0.9966601198367837,0.08654829708583156,pepper,True,True,,plantvillage,field_test
10304,20,20,0.994662718614081,0.2509996903019134,pepper,True,True,,plantvillage,field_test
10331,20,20,0.9970376848967659,0.2851859504711487,pepper,True,True,,plantvillage,field_test
10347,20,20,0.9863535129531863,0.2250775725236811,pepper,True,True,,plantvillage,field_test
10348,20,20,0.9979168965179609,0.18611195152349325,pepper,True,True,,plantvillage,field_test
10379,20,20,0.9940706751185286,0.3249423257833439,pepper,True,True,,plantvillage,field_test
10387,20,20,0.9825498725461943,0.3553478980109953,pepper,True,True,,plantvillage,field_test
10390,20,20,0.9927804034404805,0.2872569800976599,pepper,True,True,,plantvillage,field_test
10396,20,20,0.9965223814531338,0.23004597872200072,pepper,True,True,,plantvillage,field_test
10405,20,20,0.9939578096359495,0.22723038485746538,pepper,True,True,,plantvillage,field_test
10413,20,20,0.9959801389822023,0.21025187423966474,pepper,True,True,,plantvillage,field_test
10423,20,20,0.9870280785585258,0.28358871536781605,pepper,True,True,,plantvillage,field_test
10434,20,20,0.9934418718634501,0.27841717540693434,pepper,True,True,,plantvillage,field_test
10435,20,20,0.9964870737958194,0.17083638886218322,pepper,True,True,,plantvillage,field_test
10441,20,20,0.9948772015540119,0.24428493008090413,pepper,True,True,,plantvillage,field_test
10442,20,20,0.9968928211214867,0.23040211020756218,pepper,True,True,,plantvillage,field_test
10444,20,20,0.99773415474394,0.17267830859275457,pepper,True,True,,plantvillage,field_test
10448,20,20,0.9956211476690302,0.1948904601613488,pepper,True,True,,plantvillage,field_test
10462,20,20,0.9958195775653934,0.2686540256068145,pepper,True,True,,plantvillage,field_test
10471,20,20,0.9982507775232048,0.341273344086481,pepper,True,True,,plantvillage,field_test
10473,20,20,0.9969955927018077,0.09684470209463669,pepper,True,True,,plantvillage,field_test
10481,20,20,0.9988133550024937,0.3561548888943079,pepper,True,True,,plantvillage,field_test
10483,20,20,0.9622516622471482,0.385300972750243,pepper,True,True,,plantvillage,field_test
10488,20,20,0.9966229099389201,0.2231145416337449,pepper,True,True,,plantvillage,field_test
10490,20,20,0.9971539627663976,0.20568511765356834,pepper,True,True,,plantvillage,field_test
10492,20,20,0.9931035085122787,0.27858464716212517,pepper,True,True,,plantvillage,field_test
10497,20,20,0.9978953348940447,0.17367842495984276,pepper,True,True,,plantvillage,field_test
10501,20,20,0.9970779764626809,0.21206833125528024,pepper,True,True,,plantvillage,field_test
10508,20,20,0.9924725806680108,0.23205769040812518,pepper,True,True,,plantvillage,field_test
10515,20,20,0.9954116327123548,0.2754304316816383,pepper,True,True,,plantvillage,field_test
10530,20,20,0.997718955393411,0.08062611014678289,pepper,True,True,,plantvillage,field_test
10532,20,20,0.996975222515648,0.1627265908963138,pepper,True,True,,plantvillage,field_test
10545,20,20,0.9961114439782295,0.24113215610494287,pepper,True,True,,plantvillage,field_test
10548,20,20,0.9918504579091163,0.1948688505668602,pepper,True,True,,plantvillage,field_test
10583,20,20,0.995051115549554,0.1939809228983269,pepper,True,True,,plantvillage,field_test
10597,20,20,0.9977093071475915,0.2041629476461868,pepper,True,True,,plantvillage,field_test
10599,10,10,0.9832815423697852,0.30293778185577147,tomato,True,True,,tlid,field_test
10602,10,8,0.9956890356329879,0.05375926369851736,tomato,True,True,,tlid,field_test
10622,10,10,0.9974339670221185,0.04041112362449284,tomato,True,True,,tlid,field_test
10624,10,10,0.9951151020465421,0.06294135645009913,tomato,True,True,,tlid,field_test
10626,20,20,0.978593917497286,0.3816051513069407,pepper,True,True,,plantvillage,field_test
10647,20,20,0.9964486986579338,0.26706667527603867,pepper,True,True,,plantvillage,field_test
10650,20,20,0.9773261926406578,0.3519520247611859,pepper,True,True,,plantvillage,field_test
10657,20,20,0.9952351259453561,0.2142224031263691,pepper,True,True,,plantvillage,field_test
10663,20,20,0.995995990148311,0.305259267794624,pepper,True,True,,plantvillage,field_test
10666,20,20,0.997251834791614,0.1649226773421324,pepper,True,True,,plantvillage,field_test
10681,10,10,0.9952559891460598,0.10113118428208279,tomato,True,True,,tlid,field_test
10690,10,10,0.9902832676180956,0.1243699637436475,tomato,True,True,,tlid,field_test
10693,10,10,0.9863513491988732,0.174450549668429,tomato,True,True,,tlid,field_test
10706,10,10,0.6039427712498143,0.40864391034318504,tomato,True,True,,tlid,field_test
10707,10,10,0.7526573545784452,0.2998925891333568,tomato,True,True,,tlid,field_test
10712,10,10,0.922716925606428,0.3194767313011543,tomato,True,True,,tlid,field_test
10729,10,10,0.995506537967591,0.07594265355711205,tomato,True,True,,tlid,field_test
10748,10,10,0.9683041260795203,0.2094651995798411,tomato,True,True,,tlid,field_test
10752,10,10,0.9942365972628918,0.1281653844305557,tomato,True,True,,tlid,field_test
10757,10,9,0.8954124742852471,0.21688932148027829,tomato,True,True,,tlid,field_test
10759,10,10,0.9960710443386519,0.14493194077435778,tomato,True,True,,tlid,field_test
10761,10,9,0.9974866292114539,0.05369637418704576,tomato,True,True,,tlid,field_test
10763,10,10,0.6167457799911811,0.42268231811341406,tomato,True,True,,tlid,field_test
10774,20,20,0.9951384725780628,0.20684652645832036,pepper,True,True,,plantvillage,field_test
10775,20,20,0.993366874850392,0.1769315391584867,pepper,True,True,,plantvillage,field_test
10776,20,20,0.9964193202364736,0.15802213688327316,pepper,True,True,,plantvillage,field_test
10778,20,20,0.9945047170595037,0.2835744162249314,pepper,True,True,,plantvillage,field_test
10787,20,20,0.9969569968081483,0.1582098000821146,pepper,True,True,,plantvillage,field_test
10790,20,20,0.9943355031811626,0.17065906750258464,pepper,True,True,,plantvillage,field_test
10819,20,20,0.9981600650600028,0.09276360193807176,pepper,True,True,,plantvillage,field_test
10841,20,20,0.9968603852027158,0.12810844683374478,pepper,True,True,,plantvillage,field_test
10854,20,20,0.9979329320825628,0.15190273821982447,pepper,True,True,,plantvillage,field_test
10871,20,20,0.9727102651675785,0.312964938570385,pepper,True,True,,plantvillage,field_test
10873,20,20,0.961521831968509,0.41018705567742,pepper,True,True,,plantvillage,field_test
10874,20,20,0.9935070750003792,0.40633533919687825,pepper,True,True,,plantvillage,field_test
10882,20,20,0.9931228006996007,0.2862319452368929,pepper,True,True,,plantvillage,field_test
10888,20,20,0.9971606400372703,0.2237457276165915,pepper,True,True,,plantvillage,field_test
10890,20,20,0.9954858012060832,0.2496089485443519,pepper,True,True,,plantvillage,field_test
10891,20,20,0.9292900078614914,0.4098998798790844,pepper,True,True,,plantvillage,field_test
10897,20,20,0.9963664193896813,0.3008758960004485,pepper,True,True,,plantvillage,field_test
10900,20,20,0.9960282956720671,0.1490202699743779,pepper,True,True,,plantvillage,field_test
10901,20,20,0.9942764111748521,0.2912865459014231,pepper,True,True,,plantvillage,field_test
10903,20,20,0.9850783120289854,0.35127238309866393,pepper,True,True,,plantvillage,field_test
10906,20,20,0.9989051541326905,0.11811874580614723,pepper,True,True,,plantvillage,field_test
10917,20,20,0.9966781660991447,0.22451736635041408,pepper,True,True,,plantvillage,field_test
10929,20,20,0.9937469634741677,0.2199250881634509,pepper,True,True,,plantvillage,field_test
10930,20,20,0.995727447718033,0.2152145961001466,pepper,True,True,,plantvillage,field_test
10943,20,20,0.9977276079998996,0.13113827726080285,pepper,True,True,,plantvillage,field_test
10957,19,19,0.9972257422649116,0.13620149367311118,pepper,True,True,,plantvillage,field_test
10961,19,19,0.9976081040451126,0.05094617355737441,pepper,True,True,,plantvillage,field_test
10966,19,19,0.9978102586432864,0.11356474513169923,pepper,True,True,,plantvillage,field_test
10967,19,19,0.9906016738556779,0.12555863842048454,pepper,True,True,,plantvillage,field_test
10970,19,19,0.9977164744397511,0.05474958908740857,pepper,True,True,,plantvillage,field_test
10972,19,19,0.9962006858283109,0.07470688070954123,pepper,True,True,,plantvillage,field_test
10973,19,19,0.992717463988875,0.12857867265884093,pepper,True,True,,plantvillage,field_test
10977,19,19,0.9985157035886982,0.055781407309043574,pepper,True,True,,plantvillage,field_test
10982,19,19,0.9960582812373765,0.12878729002544764,pepper,True,True,,plantvillage,field_test
10983,19,19,0.9988365566299032,0.03519256687405903,pepper,True,True,,plantvillage,field_test
10985,19,19,0.9986341077191908,0.04450389375660946,pepper,True,True,,plantvillage,field_test
10999,19,19,0.9948948090634562,0.14514943346384768,pepper,True,True,,plantvillage,field_test
11005,19,19,0.9974697365173308,0.07438658925951369,pepper,True,True,,plantvillage,field_test
11006,19,19,0.9981148172051867,0.09496466611944698,pepper,True,True,,plantvillage,field_test
11018,19,19,0.9976360945099161,0.055931326042818696,pepper,True,True,,plantvillage,field_test
11032,19,19,0.9978699219044218,0.05817526077404633,pepper,True,True,,plantvillage,field_test
11037,19,19,0.9954862073535431,0.10457829852959288,pepper,True,True,,plantvillage,field_test
11044,19,19,0.9967419330582283,0.1103387688615336,pepper,True,True,,plantvillage,field_test
11045,19,19,0.9976949294720617,0.06664994780324673,pepper,True,True,,plantvillage,field_test
11046,19,19,0.9975790064910177,0.07359403532424058,pepper,True,True,,plantvillage,field_test
11051,19,19,0.9971003838741199,0.0806322173974725,pepper,True,True,,plantvillage,field_test
11056,19,19,0.9975198032596154,0.07941214884544512,pepper,True,True,,plantvillage,field_test
11059,19,19,0.9915080690829846,0.13590291206631022,pepper,True,True,,plantvillage,field_test
11062,19,19,0.9988332736947952,0.054570845772241694,pepper,True,True,,plantvillage,field_test
11075,19,19,0.996575470004676,0.07837120634303352,pepper,True,True,,plantvillage,field_test
11085,19,19,0.9952071314751624,0.23691281153247012,pepper,True,True,,plantvillage,field_test
11104,19,19,0.9986570376507619,0.08314454260115922,pepper,True,True,,plantvillage,field_test
11118,19,19,0.98571208451396,0.33117148888636905,pepper,True,True,,plantvillage,field_test
11119,19,19,0.9987265452414754,0.10068350676975313,pepper,True,True,,plantvillage,field_test
11123,19,19,0.9986440359977581,0.06389861682809195,pepper,True,True,,plantvillage,field_test
11125,19,19,0.9986475647539084,0.05790983905525815,pepper,True,True,,plantvillage,field_test
11147,19,19,0.9986162178891722,0.074177402290172,pepper,True,True,,plantvillage,field_test
11159,19,19,0.6402628595073593,0.4914676705768668,pepper,True,True,,plantvillage,field_test
11166,19,19,0.9958539990238366,0.0976280718816197,pepper,True,True,,plantvillage,field_test
11175,19,19,0.9969448007558003,0.07475613748038057,pepper,True,True,,plantvillage,field_test
11176,19,19,0.9705433014170814,0.24918178459791474,pepper,True,True,,plantvillage,field_test
11184,19,19,0.9977608940868739,0.08918745909835635,pepper,True,True,,plantvillage,field_test
11200,19,19,0.9984729006509612,0.04787535335942794,pepper,True,True,,plantvillage,field_test
11205,19,19,0.9990152316610499,0.052405347866551266,pepper,True,True,,plantvillage,field_test
11221,19,19,0.996878783229387,0.08108031570393037,pepper,True,True,,plantvillage,field_test
11223,19,19,0.9956486806533731,0.11457222699331127,pepper,True,True,,plantvillage,field_test
11226,19,19,0.9967311452597051,0.13728773165738672,pepper,True,True,,plantvillage,field_test
11229,19,19,0.9964773648952708,0.11368920970105045,pepper,True,True,,plantvillage,field_test
11230,19,19,0.9959188068680477,0.07363256726602208,pepper,True,True,,plantvillage,field_test
11231,19,19,0.997968140211734,0.0483922981758409,pepper,True,True,,plantvillage,field_test
11232,19,19,0.9962169725287692,0.1323212202307098,pepper,True,True,,plantvillage,field_test
11236,19,19,0.9628845923033833,0.30675421515816415,pepper,True,True,,plantvillage,field_test
11256,19,19,0.9975707902184863,0.08172107945082319,pepper,True,True,,plantvillage,field_test
11259,19,19,0.9640452807339747,0.45070295121500914,pepper,True,True,,plantvillage,field_test
11263,19,19,0.9983806087269178,0.04560534235955216,pepper,True,True,,plantvillage,field_test
11272,19,19,0.9929333241964609,0.12290758697207882,pepper,True,True,,plantvillage,field_test
11281,19,19,0.9987799705552091,0.024719583901799735,pepper,True,True,,plantvillage,field_test
11291,19,19,0.9948238959366983,0.1052957744696954,pepper,True,True,,plantvillage,field_test
11301,19,19,0.9980404955052846,0.08732574374073165,pepper,True,True,,plantvillage,field_test
11328,19,19,0.9984656401695743,0.039302605565483595,pepper,True,True,,plantvillage,field_test
11329,19,19,0.9928317152088475,0.15403417710765432,pepper,True,True,,plantvillage,field_test
11351,19,19,0.9917529697146157,0.10918468788533309,pepper,True,True,,plantvillage,field_test
11357,19,19,0.9979260264853014,0.06255001614539002,pepper,True,True,,plantvillage,field_test
11365,19,19,0.9268066262473362,0.37667194530058223,pepper,True,True,,plantvillage,field_test
11369,19,19,0.9983361872755158,0.12958561087588216,pepper,True,True,,plantvillage,field_test
11375,19,19,0.9983658872602644,0.056531668307791216,pepper,True,True,,plantvillage,field_test
11388,19,19,0.9974312794070578,0.07480196269709127,pepper,True,True,,plantvillage,field_test
11392,19,19,0.9974730493929489,0.0846852529846881,pepper,True,True,,plantvillage,field_test
11395,19,19,0.9986802017915255,0.09571854021811088,pepper,True,True,,plantvillage,field_test
11414,19,19,0.998659581624122,0.05158909891401198,pepper,True,True,,plantvillage,field_test
11420,19,19,0.9987154404688025,0.06881526290435502,pepper,True,True,,plantvillage,field_test
11427,19,19,0.9976094005761594,0.06525610054456221,pepper,True,True,,plantvillage,field_test
11430,19,19,0.9168521800487609,0.31658121710817877,pepper,True,True,,plantvillage,field_test
11442,19,19,0.7727401793175678,0.458608628924266,pepper,True,True,,plantvillage,field_test
11448,19,19,0.99037689436856,0.35987071142951965,pepper,True,True,,plantvillage,field_test
11450,19,19,0.9987948887500205,0.10333407720629106,pepper,True,True,,plantvillage,field_test
11454,19,19,0.9843143071437837,0.18179472804632324,pepper,True,True,,plantvillage,field_test
11455,19,19,0.9980572640825227,0.06567948934737566,pepper,True,True,,plantvillage,field_test
11462,19,19,0.9979948240672661,0.06000697678972289,pepper,True,True,,plantvillage,field_test
11465,19,19,0.9978579630193377,0.07680941188785384,pepper,True,True,,plantvillage,field_test
11470,19,19,0.9987406216785633,0.03527598592950587,pepper,True,True,,plantvillage,field_test
11472,19,19,0.9986791895082912,0.07433439507872519,pepper,True,True,,plantvillage,field_test
11475,19,19,0.9965388071529433,0.08257317582254409,pepper,True,True,,plantvillage,field_test
11476,19,19,0.9924486447770665,0.1355741879026806,pepper,True,True,,plantvillage,field_test
11477,19,19,0.9964263906339171,0.07250359673258377,pepper,True,True,,plantvillage,field_test
11480,19,19,0.9987025160484808,0.07841425412447078,pepper,True,True,,plantvillage,field_test
11501,19,19,0.9987674146552786,0.07079933940985272,pepper,True,True,,plantvillage,field_test
11506,19,19,0.9980548887157915,0.10049013904109716,pepper,True,True,,plantvillage,field_test
11513,19,19,0.9944722697411759,0.13181791771100115,pepper,True,True,,plantvillage,field_test
11519,19,19,0.9989139747736606,0.08612503292327789,pepper,True,True,,plantvillage,field_test
11532,19,19,0.9978114030256845,0.08307853423536415,pepper,True,True,,plantvillage,field_test
11537,19,19,0.9980083809621483,0.11866047352009257,pepper,True,True,,plantvillage,field_test
11538,19,19,0.9976592770760915,0.04194341497568921,pepper,True,True,,plantvillage,field_test
11539,19,19,0.9967162220985617,0.05253952216273705,pepper,True,True,,plantvillage,field_test
11542,19,19,0.9974301377402687,0.09847847661507914,pepper,True,True,,plantvillage,field_test
11547,19,19,0.9953690167410065,0.16232912564143642,pepper,True,True,,plantvillage,field_test
11552,19,19,0.9971673374795403,0.08156221394769736,pepper,True,True,,plantvillage,field_test
11554,19,19,0.9970612149783775,0.08406568830606509,pepper,True,True,,plantvillage,field_test
11559,19,19,0.996449426688149,0.09288592742327095,pepper,True,True,,plantvillage,field_test
11581,17,17,0.9960670522229431,0.035906437357255516,cucumber,True,True,,cucumber_field,field_test
11583,17,17,0.9967634098167927,0.052940824077393644,cucumber,True,True,,cucumber_field,field_test
11605,17,17,0.9961471897075285,0.0650182328126655,cucumber,True,True,,cucumber_field,field_test
11606,17,17,0.9952410174373867,0.05872296646906805,cucumber,True,True,,cucumber_field,field_test
11616,17,17,0.9958917053727702,0.041640613470306675,cucumber,True,True,,cucumber_field,field_test
11619,17,17,0.9944821749020448,0.10186430796142887,cucumber,True,True,,cucumber_field,field_test
11621,17,17,0.9934375735821998,0.12613575861166393,cucumber,True,True,,cucumber_field,field_test
11629,17,17,0.9910580388730655,0.1474004535962411,cucumber,True,True,,cucumber_field,field_test
11641,17,17,0.9954078120978562,0.05974315186687984,cucumber,True,True,,cucumber_field,field_test
11644,17,17,0.9955813998662777,0.056922267614191835,cucumber,False,True,out_of_distribution,cucumber_field,field_test
11648,17,17,0.9966216646448282,0.04086315761656101,cucumber,True,True,,cucumber_field,field_test
11657,17,17,0.9965436634345161,0.06806270059882302,cucumber,True,True,,cucumber_field,field_test
11688,18,18,0.7621003855030363,0.4189324138704328,cucumber,True,True,,cucumber_field,field_test
11701,18,18,0.9977654220197945,0.1459354261837833,cucumber,True,True,,cucumber_field,field_test
11710,18,18,0.9888110211912262,0.33846011517279107,cucumber,True,True,,cucumber_field,field_test
11711,18,18,0.97908045072113,0.17867199334544814,cucumber,True,True,,cucumber_field,field_test
11716,18,18,0.9965453870316862,0.20756805222829444,cucumber,True,True,,cucumber_field,field_test
11746,18,18,0.9987548758907645,0.15258363464163183,cucumber,True,True,,cucumber_field,field_test
11750,18,18,0.9985230233057957,0.13419305607151533,cucumber,True,True,,cucumber_field,field_test
11751,18,18,0.9972268781031587,0.16869933428369066,cucumber,True,True,,cucumber_field,field_test
11754,18,18,0.9980580495355809,0.14409055569726958,cucumber,True,True,,cucumber_field,field_test
11762,18,18,0.9580498652173252,0.3301284951308041,cucumber,True,True,,cucumber_field,field_test
11763,18,18,0.9951333276792242,0.16437008397099762,cucumber,True,True,,cucumber_field,field_test
11768,18,18,0.9971677375503674,0.18088373585521134,cucumber,True,True,,cucumber_field,field_test
11778,18,18,0.9975303422690683,0.13174010600819774,cucumber,True,True,,cucumber_field,field_test
11841,17,17,0.9953703537396191,0.05881885689028454,cucumber,True,True,,cucumber_field,field_test
11918,17,17,0.9956025512794423,0.04734314983049015,cucumber,True,True,,cucumber_field,field_test
11929,17,17,0.9957399732117087,0.05249637331003543,cucumber,True,True,,cucumber_field,field_test
11934,17,17,0.9953808411550545,0.08761365843241575,cucumber,True,True,,cucumber_field,field_test
12019,12,12,0.9961295307023562,0.048517404834280575,cucumber,True,True,,cucumber_field,field_test
12026,12,12,0.9954377930642672,0.10434827965422178,cucumber,True,True,,cucumber_field,field_test
12045,12,12,0.9967197511198987,0.11480642685284159,cucumber,True,True,,cucumber_field,field_test
12054,12,12,0.996272551488041,0.08291282276861778,cucumber,True,True,,cucumber_field,field_test
12064,12,12,0.9968921976391587,0.08856096586743001,cucumber,True,True,,cucumber_field,field_test
12090,12,12,0.9874272899751606,0.23711375296265103,cucumber,True,True,,cucumber_field,field_test
12101,12,12,0.9853082839108055,0.40578181272937197,cucumber,True,True,,cucumber_field,field_test
12104,12,18,0.8617308726344975,0.5777815971846435,cucumber,True,True,,cucumber_field,field_test
12106,12,12,0.9394970581847469,0.5248016123289174,cucumber,True,True,,cucumber_field,field_test
12107,12,12,0.9892500161894525,0.27039974375444364,cucumber,True,True,,cucumber_field,field_test
12122,12,12,0.998279419229493,0.06056499279634864,cucumber,True,True,,cucumber_field,field_test
12126,12,12,0.9959983810394402,0.17954790378490848,cucumber,True,True,,cucumber_field,field_test
12137,16,16,0.995118510511166,0.10641386863444402,cucumber,True,True,,cucumber_field,field_test
12139,16,16,0.9956118582707569,0.0638021125764604,cucumber,True,True,,cucumber_field,field_test
12142,16,16,0.9958831102418972,0.10404522319752307,cucumber,True,True,,cucumber_field,field_test
12145,16,16,0.9860329937590316,0.154446002641077,cucumber,True,True,,cucumber_field,field_test
12171,16,16,0.9962366130490842,0.06475220944930604,cucumber,True,True,,cucumber_field,field_test
12176,16,16,0.9961224437215523,0.06640870720166381,cucumber,True,True,,cucumber_field,field_test
12187,16,16,0.9941063900916304,0.12721652747908063,cucumber,True,True,,cucumber_field,field_test
12198,16,16,0.9956102886155679,0.09223941689881898,cucumber,True,True,,cucumber_field,field_test
12209,12,18,0.943736623848805,0.3335143593008759,cucumber,True,True,,cucumber_field,field_test
12210,12,12,0.9973110674956567,0.06024535505717821,cucumber,True,True,,cucumber_field,field_test
12234,16,16,0.9944118705062667,0.0686093296678314,cucumber,True,True,,cucumber_field,field_test
12240,16,16,0.9956247436896511,0.08420715094362974,cucumber,True,True,,cucumber_field,field_test
12249,11,11,0.9952997037473995,0.05382087548596137,cucumber,True,True,,cucumber_field,field_test
12252,11,11,0.9962630843214018,0.057376042578084485,cucumber,True,True,,cucumber_field,field_test
12272,11,11,0.9967194827587044,0.04866836638576755,cucumber,True,True,,cucumber_field,field_test
12276,11,11,0.996296299572973,0.04657533816221948,cucumber,True,True,,cucumber_field,field_test
12287,11,11,0.995969823558706,0.07376810332457773,cucumber,True,True,,cucumber_field,field_test
12313,18,18,0.9967228194865541,0.2184163966697098,cucumber,True,True,,cucumber_field,field_test
12331,18,18,0.9712907739302135,0.33113942699777843,cucumber,True,True,,cucumber_field,field_test
12343,11,11,0.9960498806114473,0.04042453383902367,cucumber,True,True,,cucumber_field,field_test
12344,11,11,0.9959956745778772,0.03543418050725955,cucumber,True,True,,cucumber_field,field_test
12346,11,11,0.995315714618201,0.03287909124222266,cucumber,True,True,,cucumber_field,field_test
12354,18,18,0.9978671535675453,0.15433388936383752,cucumber,True,True,,cucumber_field,field_test
12367,11,11,0.9949617080186661,0.050568496803213625,cucumber,True,True,,cucumber_field,field_test
12379,11,11,0.9938578175241523,0.07249042415269202,cucumber,True,True,,cucumber_field,field_test
12403,12,12,0.9971446596960892,0.13313311759459134,cucumber,True,True,,cucumber_field,field_test
12413,12,12,0.9964262421385411,0.1290079322225246,cucumber,True,True,,cucumber_field,field_test
12433,11,11,0.9968409462192075,0.05209607581770681,cucumber,True,True,,cucumber_field,field_test
12435,11,11,0.9967072147827674,0.0507715618122041,cucumber,True,True,,cucumber_field,field_test
12436,11,11,0.9963008677521783,0.03275192040566077,cucumber,True,True,,cucumber_field,field_test
12452,11,11,0.9958591554869741,0.06290741447220705,cucumber,True,True,,cucumber_field,field_test
12455,11,11,0.9960006204586389,0.027085629181498927,cucumber,True,True,,cucumber_field,field_test
12462,11,11,0.9949903290021221,0.034451458327490636,cucumber,True,True,,cucumber_field,field_test
12472,11,11,0.9962331824013732,0.019551689404349704,cucumber,True,True,,cucumber_field,field_test
13405,0,0,0.9956886393163419,0.09625478749426675,tomato,True,True,,plantvillage,field_test
13408,0,0,0.997291726030361,0.10572716647505609,tomato,True,True,,plantvillage,field_test
13412,0,0,0.996549218828802,0.05638329624080107,tomato,True,True,,plantvillage,field_test
13413,0,0,0.9978254614177219,0.06616123449865241,tomato,True,True,,plantvillage,field_test
13422,0,0,0.9884363897983691,0.17004193698011416,tomato,True,True,,plantvillage,field_test
13425,0,0,0.9974674973513769,0.0848167679408427,tomato,True,True,,plantvillage,field_test
13434,0,0,0.9979158562417643,0.06358952797909301,tomato,True,True,,plantvillage,field_test
13440,0,0,0.9946378626515265,0.19843810381542482,tomato,True,True,,plantvillage,field_test
13445,0,0,0.9858606429871392,0.1498814243358152,tomato,True,True,,plantvillage,field_test
13446,0,0,0.9944075135396218,0.16014933374540774,tomato,True,True,,plantvillage,field_test
13451,0,0,0.9959289653269707,0.07463751524083428,tomato,True,True,,plantvillage,field_test
13458,0,0,0.9958602951902864,0.13243933133551677,tomato,True,True,,plantvillage,field_test
13462,0,0,0.9982225561856319,0.059323564740214385,tomato,True,True,,plantvillage,field_test
13463,0,0,0.997584589167075,0.09350893850617803,tomato,True,True,,plantvillage,field_test
13487,0,0,0.9966597786941759,0.07261742997007281,tomato,True,True,,plantvillage,field_test
13488,0,0,0.9962085592020304,0.08021682723514634,tomato,True,True,,plantvillage,field_test
13490,0,0,0.9973206538792845,0.0634826870515186,tomato,True,True,,plantvillage,field_test
13494,0,0,0.9962197564420574,0.11285174310019797,tomato,True,True,,plantvillage,field_test
13500,7,7,0.9888537977250161,0.27631509468209636,tomato,True,True,,plantvillage,field_test
13502,7,7,0.9921024341849263,0.1264473274965804,tomato,True,True,,plantvillage,field_test
13507,7,7,0.9970935533532044,0.07016863877673063,tomato,True,True,,plantvillage,field_test
13527,0,0,0.997134120657733,0.07455922345757005,tomato,True,True,,plantvillage,field_test
13529,0,0,0.9954770372311996,0.07763714427264967,tomato,True,True,,plantvillage,field_test
13531,0,0,0.9899975992237079,0.2156871125948987,tomato,True,True,,plantvillage,field_test
13537,0,0,0.9962088752676652,0.0924091123300036,tomato,True,True,,plantvillage,field_test
13548,0,0,0.9951241550463286,0.12327978083208513,tomato,True,True,,plantvillage,field_test
13563,26,26,0.9979832538115935,0.07388589597668982,eggplant,True,True,,olid_field,field_test
13580,26,26,0.9867122724530584,0.19051657468389083,eggplant,True,True,,olid_field,field_test
13587,11,11,0.9962612116182035,0.04293296765057586,cucumber,True,True,,olid_field,field_test
13595,11,11,0.9972432726742517,0.1377782880115329,cucumber,True,True,,olid_field,field_test
13601,26,26,0.9978758545943849,0.07120308512332452,eggplant,True,True,,olid_field,field_test
13602,26,26,0.9951402032598323,0.10714040493928012,eggplant,True,True,,olid_field,field_test
13638,26,26,0.6720567491699905,0.30461808540007906,eggplant,True,True,,olid_field,field_test
13639,26,25,0.9853482596837206,0.067727849174116,eggplant,True,True,,olid_field,field_test
13667,0,0,0.9954969370906158,0.10317232705350399,tomato,True,True,,plantvillage,field_test
13670,0,0,0.997295828421855,0.07892374617888454,tomato,True,True,,plantvillage,field_test
13672,0,0,0.9926794140724771,0.147064320135605,tomato,True,True,,plantvillage,field_test
13676,0,0,0.9964321889237392,0.10040949612687577,tomato,True,True,,plantvillage,field_test
13677,0,0,0.9901981259743694,0.1682862331105489,tomato,True,True,,plantvillage,field_test
13691,0,0,0.997028021357767,0.1287547257825299,tomato,True,True,,plantvillage,field_test
13692,0,0,0.9858232475271692,0.14347611543832295,tomato,True,True,,plantvillage,field_test
13694,0,0,0.9976937241208303,0.10701397412339042,tomato,True,True,,plantvillage,field_test
13711,11,11,0.9961163315410505,0.0731724981804669,cucumber,True,True,,olid_field,field_test
13733,0,0,0.9955977913515346,0.09569835580268393,tomato,True,True,,plantvillage,field_test
13737,6,6,0.9970759280677574,0.12660631077619988,tomato,True,True,,plantvillage,field_test
13741,6,6,0.997104974925104,0.07372502440075879,tomato,True,True,,plantvillage,field_test
13743,6,6,0.9974956446674138,0.08668299235148202,tomato,True,True,,plantvillage,field_test
13745,6,6,0.9946130423777465,0.11384677767947904,tomato,True,True,,plantvillage,field_test
13747,6,6,0.9967423314017871,0.0998549863205902,tomato,True,True,,plantvillage,field_test
13748,6,0,0.0,,tomato,False,False,image_too_blurry,plantvillage,field_test
13750,6,6,0.9980204777216838,0.05773896287915792,tomato,True,True,,plantvillage,field_test
13770,6,6,0.9974735706958622,0.0575017974311125,tomato,True,True,,plantvillage,field_test
13774,6,6,0.9980319118741916,0.05309444655194895,tomato,True,True,,plantvillage,field_test
13775,6,6,0.9946394451900665,0.13115010360555324,tomato,True,True,,plantvillage,field_test
13781,6,0,0.0,,tomato,False,False,image_too_blurry,plantvillage,field_test
13787,6,6,0.994159502401798,0.16782661727979287,tomato,True,True,,plantvillage,field_test
13788,6,6,0.9965385067104422,0.10656904808158718,tomato,True,True,,plantvillage,field_test
13793,6,6,0.998119827452249,0.07770431407958645,tomato,True,True,,plantvillage,field_test
13794,6,0,0.0,,tomato,False,False,image_too_blurry,plantvillage,field_test
13796,6,6,0.9954600218486357,0.14543638167411843,tomato,True,True,,plantvillage,field_test
13797,6,6,0.9958958641281438,0.09943998662525932,tomato,True,True,,plantvillage,field_test
13802,6,6,0.9953869995260411,0.1464802496087383,tomato,True,True,,plantvillage,field_test
13806,6,6,0.9971275368063619,0.0665393549087645,tomato,True,True,,plantvillage,field_test
13808,6,6,0.9965815233604762,0.06588935118741512,tomato,True,True,,plantvillage,field_test
13809,6,6,0.9902559912281214,0.1777865306899009,tomato,True,True,,plantvillage,field_test
13811,6,6,0.9962762249403477,0.08671415215266065,tomato,True,True,,plantvillage,field_test
13819,6,6,0.996732279099849,0.15796402872774262,tomato,True,True,,plantvillage,field_test
13822,6,1,0.6163238440102089,0.5223954564325786,tomato,True,True,,plantvillage,field_test
13829,6,6,0.9967865760991508,0.14308415191355495,tomato,True,True,,plantvillage,field_test
13830,6,6,0.9975365291732418,0.05665821754840972,tomato,True,True,,plantvillage,field_test
13834,6,6,0.9970191996475051,0.07542822077522104,tomato,True,True,,plantvillage,field_test
13837,6,6,0.9968602148689882,0.07985975650952337,tomato,True,True,,plantvillage,field_test
13842,6,6,0.9969161881098545,0.10488021912689205,tomato,True,True,,plantvillage,field_test
13843,6,6,0.9979696482445873,0.05265133845396086,tomato,True,True,,plantvillage,field_test
13849,7,7,0.9928620506390055,0.16754360041627558,tomato,True,True,,plantvillage,field_test
13857,7,7,0.9987573851859806,0.04904340994048573,tomato,True,True,,plantvillage,field_test
13873,7,7,0.9980352417596335,0.07646498737088181,tomato,True,True,,plantvillage,field_test
13895,7,7,0.9976319102642596,0.06823065000456285,tomato,True,True,,plantvillage,field_test
13896,7,7,0.9874955801158196,0.25159814809595904,tomato,True,True,,plantvillage,field_test
13898,7,7,0.997169217425528,0.05995184441281909,tomato,True,True,,plantvillage,field_test
13904,6,6,0.9966086727276718,0.06732670940049212,tomato,True,True,,plantvillage,field_test
13905,6,6,0.994159574459824,0.10948234116885103,tomato,True,True,,plantvillage,field_test
13916,6,6,0.9956333091709503,0.10846702995494095,tomato,True,True,,plantvillage,field_test
13920,6,6,0.9921807646404082,0.1473017179394256,tomato,True,True,,plantvillage,field_test
13922,6,6,0.9970581397120166,0.06200723439784128,tomato,True,True,,plantvillage,field_test
13923,6,6,0.9977580081064404,0.0702709176514491,tomato,True,True,,plantvillage,field_test
13926,6,6,0.9941919820856902,0.10763010835671083,tomato,True,True,,plantvillage,field_test
13927,6,6,0.9959400174493884,0.09561154756308232,tomato,True,True,,plantvillage,field_test
13943,6,6,0.9963172155853791,0.09365126571652038,tomato,True,True,,plantvillage,field_test
13944,6,6,0.9975883538327713,0.09863022506390684,tomato,True,True,,plantvillage,field_test
13955,14,18,0.7833287583900381,0.4150531612274575,cucumber,True,True,,cucumber_field,field_test
13972,14,14,0.9971694701219894,0.17708807818129835,cucumber,True,True,,cucumber_field,field_test
13973,14,14,0.997728384559169,0.10268891435528715,cucumber,True,True,,cucumber_field,field_test
13985,14,12,0.7942451232255855,0.3718202114541007,cucumber,True,True,,cucumber_field,field_test
13994,14,14,0.9979208573274069,0.08280072207171929,cucumber,True,True,,cucumber_field,field_test
14002,14,14,0.6538846932934056,0.3785889573375847,cucumber,True,True,,cucumber_field,field_test
14014,14,14,0.9668354651659794,0.34476954937371307,cucumber,True,True,,cucumber_field,field_test
14044,14,15,0.7544478663147817,0.5447714063668119,cucumber,True,True,,cucumber_field,field_test
14046,14,14,0.9816435217269617,0.22284191579547363,cucumber,True,True,,cucumber_field,field_test
14056,14,14,0.8016637430563855,0.6801938097972704,cucumber,True,True,,cucumber_field,field_test
14060,14,14,0.9975843457468705,0.1354719644398108,cucumber,True,True,,cucumber_field,field_test
14071,0,0,0.9970397350839888,0.07359565515107713,tomato,True,True,,olid_field,field_test
14076,0,0,0.9872109172683465,0.2908493013950002,tomato,True,True,,olid_field,field_test
14101,0,0,0.9977767368315202,0.10264457463524157,tomato,True,True,,olid_field,field_test
14136,14,14,0.9984100347603322,0.15212142650324845,cucumber,True,True,,cucumber_field,field_test
14137,14,14,0.998288610319676,0.19163817492259883,cucumber,True,True,,cucumber_field,field_test
14144,14,14,0.9833636791339581,0.19482655237665325,cucumber,True,True,,cucumber_field,field_test
14149,14,14,0.9988638412333256,0.08554005366189976,cucumber,True,True,,cucumber_field,field_test
14172,0,0,0.9983795611427406,0.06474505049060442,tomato,True,True,,olid_field,field_test
14175,0,0,0.9960799109361602,0.1080842758825925,tomato,True,True,,olid_field,field_test
14180,15,15,0.9959578141404418,0.08055093485638731,cucumber,True,True,,cucumber_field,field_test
14206,15,15,0.9961771501269016,0.0979840095637341,cucumber,True,True,,cucumber_field,field_test
14225,15,15,0.9950875556838997,0.1431792811211865,cucumber,True,True,,cucumber_field,field_test
14240,16,16,0.9962955793804897,0.04052943377905249,cucumber,True,True,,cucumber_field,field_test
14248,16,16,0.9969832617307821,0.08813783332492364,cucumber,True,True,,cucumber_field,field_test
14265,16,16,0.9957977761785518,0.08786091862804679,cucumber,True,True,,cucumber_field,field_test
14277,16,16,0.9955530292266401,0.08984844816802684,cucumber,True,True,,cucumber_field,field_test
14278,16,16,0.9959339519476148,0.08476968007869523,cucumber,True,True,,cucumber_field,field_test
14279,16,16,0.9939570258118495,0.0669716230170665,cucumber,True,True,,cucumber_field,field_test
14301,15,15,0.9920495196761991,0.1457552701473317,cucumber,True,True,,cucumber_field,field_test
14306,15,15,0.9965377921677587,0.04473268567205113,cucumber,True,True,,cucumber_field,field_test
14329,14,14,0.8528460057418504,0.35211810081379125,cucumber,True,True,,cucumber_field,field_test
14342,15,15,0.9969618139491858,0.1153852871796337,cucumber,True,True,,cucumber_field,field_test
14348,15,15,0.9908505703438883,0.2559517780673264,cucumber,True,True,,cucumber_field,field_test
14349,15,15,0.9978537496844658,0.07513875463979747,cucumber,True,True,,cucumber_field,field_test
14350,15,15,0.996559976810918,0.05595577010483144,cucumber,True,True,,cucumber_field,field_test
14351,15,15,0.9971611021320411,0.08050511999555732,cucumber,True,True,,cucumber_field,field_test
14362,15,15,0.9977158012220088,0.03531633134051804,cucumber,True,True,,cucumber_field,field_test
14365,15,15,0.9980308411295967,0.1104985986292698,cucumber,True,True,,cucumber_field,field_test
14374,15,15,0.997487165875177,0.054306991156050755,cucumber,True,True,,cucumber_field,field_test
14379,15,15,0.9910140602528493,0.184426598633194,cucumber,True,True,,cucumber_field,field_test
14389,15,15,0.9976453859699917,0.07480286000366332,cucumber,True,True,,cucumber_field,field_test
14398,15,15,0.9966736639187724,0.07444104564141218,cucumber,True,True,,cucumber_field,field_test
14415,25,25,0.9978814815598964,0.02593363819665717,eggplant,True,True,,olid_field,field_test
14427,25,25,0.9958024919044824,0.03215897162355874,eggplant,True,True,,olid_field,field_test
14446,25,25,0.7414602106496472,0.21268901073469393,eggplant,True,True,,olid_field,field_test
14455,25,25,0.9953568795363398,0.041417505783929554,eggplant,True,True,,olid_field,field_test
14473,9,9,0.9966501761202723,0.03217014866321577,tomato,True,True,,olid_field,field_test
14475,9,9,0.9970209423182881,0.03292256807190452,tomato,True,True,,olid_field,field_test
14481,9,9,0.997004449338011,0.08415482102127614,tomato,True,True,,olid_field,field_test
14484,9,9,0.9965105586416149,0.10703298365839209,tomato,True,True,,olid_field,field_test
14507,25,25,0.989811332096823,0.20212603637706628,eggplant,True,True,,olid_field,field_test
14514,25,25,0.8848534745970134,0.13201586510689334,eggplant,True,True,,olid_field,field_test
14517,25,25,0.6446717667037409,0.1761618466343029,eggplant,True,True,,olid_field,field_test
14520,9,9,0.9957541832880031,0.050772636148547656,tomato,True,True,,olid_field,field_test
14524,25,25,0.9861903325212803,0.1676627025161247,eggplant,True,True,,olid_field,field_test
14537,26,26,0.9943176405233868,0.2553961148443651,eggplant,True,True,,olid_field,field_test
14566,26,26,0.996423935075603,0.2675685933628027,eggplant,True,True,,olid_field,field_test
14568,26,26,0.9930346591294353,0.2380098731236624,eggplant,True,True,,olid_field,field_test
14579,26,26,0.9945407350370093,0.2167998687754491,eggplant,True,True,,olid_field,field_test
14587,26,26,0.7941170160932375,0.25072199389825456,eggplant,True,True,,olid_field,field_test
14597,26,26,0.8478532417517209,0.19222434109279118,eggplant,True,True,,olid_field,field_test
14602,26,26,0.9884840356170251,0.1361035344375886,eggplant,True,True,,olid_field,field_test
14608,26,26,0.995992740858037,0.0989124038820951,eggplant,True,True,,olid_field,field_test
14611,26,26,0.9490006930194704,0.556112924574526,eggplant,True,True,,olid_field,field_test
14612,26,26,0.994138621710457,0.194072647948082,eggplant,True,True,,olid_field,field_test
14614,26,26,0.8170792402212069,0.2403462202254979,eggplant,True,True,,olid_field,field_test
14622,26,25,0.9832586531236628,0.13972676214712187,eggplant,True,True,,olid_field,field_test
14623,26,25,0.5535187227487834,0.20672108172582115,eggplant,True,True,,olid_field,field_test
14632,26,26,0.9991161049245815,0.11065312948529404,eggplant,True,True,,olid_field,field_test
14634,26,26,0.5678904139588615,0.2591124165090115,eggplant,True,True,,olid_field,field_test
14638,9,9,0.9973227162083159,0.03004610358804194,tomato,True,True,,olid_field,field_test
14642,0,0,0.9983167456506253,0.10546499866077275,tomato,True,True,,olid_field,field_test
14668,0,0,0.9639059368401782,0.3585544980730535,tomato,True,True,,olid_field,field_test
14685,0,0,0.9990954207879472,0.05770769823261768,tomato,True,True,,olid_field,field_test
14693,0,0,0.9984666439715858,0.09734024388207474,tomato,True,True,,olid_field,field_test
14695,0,0,0.9984404858318299,0.07748258753397974,tomato,True,True,,olid_field,field_test
14696,0,0,0.9924629324362755,0.15742514178800437,tomato,True,True,,olid_field,field_test
14725,0,0,0.8281991780879429,0.5347563888592848,tomato,True,True,,olid_field,field_test
14731,0,0,0.9967520593532287,0.12516097946810345,tomato,True,True,,olid_field,field_test
14732,0,0,0.9973330577501763,0.11776561264910979,tomato,True,True,,olid_field,field_test
14735,0,0,0.9968970230366256,0.0915541833803386,tomato,True,True,,olid_field,field_test
14736,0,0,0.995258976764386,0.2203599187911398,tomato,True,True,,olid_field,field_test
14747,0,0,0.9983112651850918,0.08024306392535219,tomato,True,True,,olid_field,field_test
14750,0,0,0.9973537990274027,0.08858346749666546,tomato,True,True,,olid_field,field_test
14762,9,9,0.9966544807653177,0.038139311020777944,tomato,True,True,,olid_field,field_test
14766,9,9,0.9963799430548981,0.06718816569564623,tomato,True,True,,olid_field,field_test
14789,9,9,0.9967167743686566,0.048347910929276594,tomato,True,True,,olid_field,field_test
14798,9,0,0.9959263036665283,0.18169724329790538,tomato,True,True,,olid_field,field_test
14834,9,9,0.9970140421049976,0.031596980768586636,tomato,True,True,,olid_field,field_test
14839,9,9,0.9975613011318507,0.049934464848021,tomato,True,True,,olid_field,field_test
14856,9,9,0.9975569734157579,0.08836427383024081,tomato,True,True,,olid_field,field_test
14857,9,9,0.9966831470199642,0.058563502749339635,tomato,True,True,,olid_field,field_test
14861,9,9,0.9975106353388844,0.03582298343825974,tomato,True,True,,olid_field,field_test
14871,6,6,0.9971790349639295,0.06348213674679148,tomato,True,True,,plantvillage,field_test
18571,6,6,0.9691579234153244,0.3803992555125789,tomato,True,True,,plantvillage,field_test
18578,6,6,0.9918534915713259,0.182520842592657,tomato,True,True,,plantvillage,field_test
18604,6,6,0.9969121916253781,0.11821043802933495,tomato,True,True,,plantvillage,field_test
18609,6,0,0.0,,tomato,False,False,image_too_blurry,plantvillage,field_test
18614,6,0,0.0,,tomato,False,False,image_too_blurry,plantvillage,field_test
18620,6,6,0.9969889278490747,0.08452488729471541,tomato,True,True,,plantvillage,field_test
18621,6,6,0.9961285475411839,0.09535614346396859,tomato,True,True,,plantvillage,field_test
18625,6,6,0.9970119043571427,0.08075805412105796,tomato,True,True,,plantvillage,field_test
18627,6,6,0.9975555965985655,0.08729840030494163,tomato,True,True,,plantvillage,field_test
18630,6,6,0.9966269553056171,0.07078398648816231,tomato,True,True,,plantvillage,field_test
18633,6,6,0.9959881592246632,0.1357854111567256,tomato,True,True,,plantvillage,field_test
18640,6,6,0.9818958552750962,0.17603213438939558,tomato,True,True,,plantvillage,field_test
18643,6,6,0.998238363966317,0.042691693062157365,tomato,True,True,,plantvillage,field_test
18649,6,0,0.0,,tomato,False,False,image_too_blurry,plantvillage,field_test
18654,6,6,0.9968712562478721,0.11477931764361327,tomato,True,True,,plantvillage,field_test
18658,6,6,0.9967241459734404,0.12865451660152072,tomato,True,True,,plantvillage,field_test
18659,6,6,0.9941694798217693,0.16159524535449088,tomato,True,True,,plantvillage,field_test
18664,6,6,0.9969135786646286,0.10840497905641167,tomato,True,True,,plantvillage,field_test
18672,6,6,0.9976296966397268,0.059942243651067706,tomato,True,True,,plantvillage,field_test
18677,6,6,0.9967804352164443,0.06458336778383489,tomato,True,True,,plantvillage,field_test
18687,6,6,0.9721511668163825,0.24626916698970924,tomato,True,True,,plantvillage,field_test
18691,6,6,0.9976243142646276,0.09566928032901667,tomato,True,True,,plantvillage,field_test
18696,6,6,0.9969421089059607,0.061978572735975845,tomato,True,True,,plantvillage,field_test
18701,6,6,0.9953501740996448,0.11466316234493101,tomato,True,True,,plantvillage,field_test
18703,6,6,0.9984355233963451,0.05957098618503043,tomato,True,True,,plantvillage,field_test
18707,6,6,0.9890040096124778,0.17336846173618747,tomato,True,True,,plantvillage,field_test
18716,6,6,0.9953596780907805,0.1075163492747544,tomato,True,True,,plantvillage,field_test
18722,6,6,0.9758744828262989,0.1828361822511495,tomato,True,True,,plantvillage,field_test
18729,6,6,0.9981092318810822,0.06593856750542382,tomato,True,True,,plantvillage,field_test
18730,6,6,0.997940703720669,0.08368865105253609,tomato,True,True,,plantvillage,field_test
18742,6,6,0.9964165923664388,0.0664946345199322,tomato,True,True,,plantvillage,field_test
18746,6,6,0.9982575309084704,0.08965061687235587,tomato,True,True,,plantvillage,field_test
18747,6,6,0.9960189808144425,0.12241895819105697,tomato,True,True,,plantvillage,field_test
18748,6,6,0.9931218499305415,0.13163545327912152,tomato,True,True,,plantvillage,field_test
18751,6,6,0.9956706941046151,0.10555216749187069,tomato,True,True,,plantvillage,field_test
18754,6,6,0.9918518038716098,0.1678305167564088,tomato,True,True,,plantvillage,field_test
18755,6,6,0.9931407129591937,0.18810410075854977,tomato,True,True,,plantvillage,field_test
18756,6,6,0.996608553602484,0.10440297819297428,tomato,True,True,,plantvillage,field_test
18757,6,6,0.997846890814176,0.06808768372313856,tomato,True,True,,plantvillage,field_test
18758,6,6,0.9951010728129325,0.11933252467624711,tomato,True,True,,plantvillage,field_test
18760,6,6,0.9936348660837355,0.13822958885947068,tomato,True,True,,plantvillage,field_test
18764,6,6,0.9976812076922876,0.10545227359767129,tomato,True,True,,plantvillage,field_test
18765,6,6,0.996840276855199,0.1337482700714454,tomato,True,True,,plantvillage,field_test
18766,6,0,0.0,,tomato,False,False,image_too_blurry,plantvillage,field_test
18768,6,6,0.9944597246998164,0.13364175250471955,tomato,True,True,,plantvillage,field_test
18774,6,0,0.0,,tomato,False,False,image_too_blurry,plantvillage,field_test
18775,6,6,0.8456863006896987,0.6968977518448464,tomato,False,True,out_of_distribution,plantvillage,field_test
18782,6,6,0.9973698424522605,0.08362468542004986,tomato,True,True,,plantvillage,field_test
18786,6,6,0.9960481048645092,0.16750846713718304,tomato,True,True,,plantvillage,field_test
18787,6,6,0.997042833317392,0.0852439021493272,tomato,True,True,,plantvillage,field_test
18792,6,6,0.9872950669752457,0.1903263438984638,tomato,True,True,,plantvillage,field_test
18797,6,6,0.9974285170034715,0.057759732886765836,tomato,True,True,,plantvillage,field_test
18803,6,6,0.9947413164378534,0.180557673276314,tomato,True,True,,plantvillage,field_test
18812,6,6,0.9964811325275635,0.08180239941095724,tomato,True,True,,plantvillage,field_test
18820,6,6,0.9978295987678829,0.06809895025598312,tomato,True,True,,plantvillage,field_test
18824,6,6,0.9977468928025477,0.05299755813099971,tomato,True,True,,plantvillage,field_test
18827,6,6,0.997685427385325,0.07962201080811493,tomato,True,True,,plantvillage,field_test
18836,6,6,0.9949096043379249,0.10722992013204646,tomato,True,True,,plantvillage,field_test
18841,6,6,0.9911105296250285,0.1268814016987032,tomato,True,True,,plantvillage,field_test
18850,6,6,0.9960064506777264,0.10649139437328592,tomato,True,True,,plantvillage,field_test
18855,6,6,0.9971334177552834,0.10129144078063734,tomato,True,True,,plantvillage,field_test
18860,6,6,0.9832600343115858,0.3020137412910253,tomato,True,True,,plantvillage,field_test
18862,6,6,0.996432566716677,0.07098224503908379,tomato,True,True,,plantvillage,field_test
18863,6,6,0.9877828128647376,0.22248015288256906,tomato,True,True,,plantvillage,field_test
18864,6,6,0.9963380065852013,0.15330925563972997,tomato,True,True,,plantvillage,field_test
18867,6,6,0.9979102811266771,0.07714547998057508,tomato,True,True,,plantvillage,field_test
18870,6,6,0.9970518459557972,0.068862455775621,tomato,True,True,,plantvillage,field_test
18872,6,0,0.0,,tomato,False,False,image_too_blurry,plantvillage,field_test
18873,6,6,0.9948259958441805,0.12091730153780744,tomato,True,True,,plantvillage,field_test
18876,6,6,0.9956860811166914,0.11531875659056579,tomato,True,True,,plantvillage,field_test
18882,6,6,0.9919251826889666,0.20291057062118023,tomato,True,True,,plantvillage,field_test
18884,6,6,0.8426275154942472,0.7750260514271755,tomato,False,True,out_of_distribution,plantvillage,field_test
18896,6,6,0.9946537046709123,0.15657628023025805,tomato,True,True,,plantvillage,field_test
18902,6,6,0.997184344957711,0.08719544762514042,tomato,True,True,,plantvillage,field_test
18903,6,6,0.9958324752650349,0.1338141747638767,tomato,True,True,,plantvillage,field_test
18904,6,6,0.995504608606421,0.17508078984937647,tomato,True,True,,plantvillage,field_test
18907,6,6,0.9965292021163132,0.10483224455501594,tomato,True,True,,plantvillage,field_test
18909,6,6,0.9975526426561776,0.060751580207681455,tomato,True,True,,plantvillage,field_test
18911,6,6,0.9974704549078398,0.07552709057079299,tomato,True,True,,plantvillage,field_test
18914,6,6,0.9969346515200335,0.08604375860412605,tomato,True,True,,plantvillage,field_test
18916,6,6,0.9952551805756918,0.10045040917768577,tomato,True,True,,plantvillage,field_test
18917,6,6,0.9970847232994586,0.09176901057527576,tomato,True,True,,plantvillage,field_test
18918,6,0,0.0,,tomato,False,False,image_too_blurry,plantvillage,field_test
18921,6,6,0.9979576427114146,0.08961637582011162,tomato,True,True,,plantvillage,field_test
18925,0,0,0.9966571480533621,0.10044788546618022,tomato,True,True,,plantvillage,field_test
18934,0,0,0.9951508347955267,0.18433197093703657,tomato,True,True,,plantvillage,field_test
18943,0,0,0.9945109851719826,0.14695510053252936,tomato,True,True,,plantvillage,field_test
18949,0,0,0.9969675760608009,0.11786436108976295,tomato,True,True,,plantvillage,field_test
18954,0,0,0.9863362789103677,0.2470801052086382,tomato,True,True,,plantvillage,field_test
18958,0,0,0.9966955435146699,0.07743232703553282,tomato,True,True,,plantvillage,field_test
18976,0,0,0.998065042846286,0.1132440707894724,tomato,True,True,,plantvillage,field_test
18978,0,0,0.9938566674981925,0.10861960060498221,tomato,True,True,,plantvillage,field_test
18981,0,0,0.9957274997492789,0.1350009749273554,tomato,True,True,,plantvillage,field_test
18988,0,0,0.9958741860022167,0.10997753028681045,tomato,True,True,,plantvillage,field_test
18989,0,0,0.989511929448397,0.1652941296624354,tomato,True,True,,plantvillage,field_test
18991,0,0,0.9959507748356434,0.11073192999821102,tomato,True,True,,plantvillage,field_test
18996,0,0,0.9935518689948826,0.07608879653365808,tomato,True,True,,plantvillage,field_test
19003,0,0,0.9974389117369988,0.04585771248999215,tomato,True,True,,plantvillage,field_test
19004,0,0,0.9972730259536153,0.0660745198257,tomato,True,True,,plantvillage,field_test
19008,0,0,0.9977675442103662,0.08204595607922771,tomato,True,True,,plantvillage,field_test
19026,0,0,0.9915532137643815,0.18647893290365047,tomato,True,True,,plantvillage,field_test
19029,0,0,0.9932944863954636,0.10764956117815538,tomato,True,True,,plantvillage,field_test
19048,0,0,0.9962234130529475,0.09633790387591612,tomato,True,True,,plantvillage,field_test
19054,0,0,0.992671497852725,0.16747947834146015,tomato,True,True,,plantvillage,field_test
19058,0,0,0.9964845366026698,0.09370391961507085,tomato,True,True,,plantvillage,field_test
19072,0,0,0.997204591857531,0.09452112172469729,tomato,True,True,,plantvillage,field_test
19081,0,0,0.9974942408586517,0.07310497548034056,tomato,True,True,,plantvillage,field_test
19083,0,0,0.9979648048872122,0.06364977501181857,tomato,True,True,,plantvillage,field_test
19098,0,0,0.9973203497551891,0.12206943542057935,tomato,True,True,,plantvillage,field_test
19101,0,0,0.9967877066181517,0.10252593065733973,tomato,True,True,,plantvillage,field_test
19104,0,0,0.9939634535901571,0.11182371040436889,tomato,True,True,,plantvillage,field_test
19107,0,0,0.9947117375449996,0.10487583017865565,tomato,True,True,,plantvillage,field_test
19108,0,0,0.9961821406242417,0.17703670492166235,tomato,True,True,,plantvillage,field_test
19116,0,0,0.9973765998214049,0.06872654920859655,tomato,True,True,,plantvillage,field_test
19121,0,0,0.9663357238503982,0.1509303213244546,tomato,True,True,,plantvillage,field_test
19122,0,0,0.995501654657954,0.050514627639269505,tomato,True,True,,plantvillage,field_test
19131,0,0,0.98856578020149,0.18037154690884905,tomato,True,True,,plantvillage,field_test
19144,0,0,0.9976064208186514,0.06914149074787357,tomato,True,True,,plantvillage,field_test
19155,0,0,0.9968225881211606,0.12612256989871073,tomato,True,True,,plantvillage,field_test
19167,0,0,0.981988447007173,0.266324972938217,tomato,True,True,,plantvillage,field_test
19174,0,0,0.9964063583332411,0.08110464593878519,tomato,True,True,,plantvillage,field_test
19175,0,0,0.9981488417676799,0.0439207655001852,tomato,True,True,,plantvillage,field_test
19180,0,0,0.9973292592825151,0.14660206026764022,tomato,True,True,,plantvillage,field_test
19215,0,0,0.9942385312890308,0.15052488896455885,tomato,True,True,,plantvillage,field_test
19236,7,7,0.9964944030780717,0.2123424118673386,tomato,True,True,,plantvillage,field_test
19237,7,7,0.9961985988221189,0.09713163505135258,tomato,True,True,,plantvillage,field_test
19243,7,7,0.9953027213761194,0.133098119862326,tomato,True,True,,plantvillage,field_test
19246,7,7,0.9963299507268099,0.08881203388576431,tomato,True,True,,plantvillage,field_test
19259,7,7,0.9981181376906767,0.06972902167273876,tomato,True,True,,plantvillage,field_test
19261,7,7,0.9989504739418665,0.05507832276110902,tomato,True,True,,plantvillage,field_test
19263,7,7,0.9972790613082777,0.06768057562163365,tomato,True,True,,plantvillage,field_test
19291,7,7,0.9940692212000151,0.13826442323095356,tomato,True,True,,plantvillage,field_test
19299,7,7,0.9982869941606388,0.053033869992144655,tomato,True,True,,plantvillage,field_test
19302,7,7,0.9990190367882034,0.09869438728590807,tomato,True,True,,plantvillage,field_test
19306,7,7,0.9988406692723295,0.08297353017369624,tomato,True,True,,plantvillage,field_test
19313,7,7,0.9911325546039822,0.14207211416087384,tomato,True,True,,plantvillage,field_test
19325,7,7,0.9964141797564818,0.1331529244165477,tomato,True,True,,plantvillage,field_test
19347,7,7,0.9981270602964762,0.09087660398208774,tomato,True,True,,plantvillage,field_test
19364,6,6,0.9977532358488348,0.07407785848483783,tomato,True,True,,plantvillage,field_test
19365,6,6,0.9978028586980808,0.05140945296947563,tomato,True,True,,plantvillage,field_test
19368,6,6,0.9968918377832215,0.10775139983167636,tomato,True,True,,plantvillage,field_test
19369,6,6,0.9856148996057928,0.3112182023955411,tomato,True,True,,plantvillage,field_test
19370,6,6,0.9945245525869921,0.21464537505729886,tomato,True,True,,plantvillage,field_test
19376,7,7,0.9972499087826835,0.052470894346323016,tomato,True,True,,plantvillage,field_test
19395,7,7,0.9949225107629389,0.2840157339683739,tomato,True,True,,plantvillage,field_test
19403,7,7,0.9988754743450801,0.04582011434795086,tomato,True,True,,plantvillage,field_test
19432,0,0,0.9959909227739522,0.11518697624279661,tomato,True,True,,plantvillage,field_test
19442,0,0,0.9979843759121457,0.034115506220876446,tomato,True,True,,plantvillage,field_test
19444,0,0,0.9799573031237856,0.29836097946162,tomato,True,True,,plantvillage,field_test
19448,0,0,0.9959976822549932,0.08159260587357497,tomato,True,True,,plantvillage,field_test
19451,0,0,0.9976593472087595,0.047525593403341615,tomato,True,True,,plantvillage,field_test
19467,0,0,0.9969934336899298,0.14204182864957737,tomato,True,True,,plantvillage,field_test
19480,0,0,0.9964894800032116,0.10372562482253067,tomato,True,True,,plantvillage,field_test
19491,0,0,0.9875090052540049,0.20405036187440162,tomato,True,True,,plantvillage,field_test
19495,0,0,0.994288502651871,0.14897564284479226,tomato,True,True,,plantvillage,field_test
19500,0,0,0.9968647019541838,0.07263394087057562,tomato,True,True,,plantvillage,field_test
19502,0,0,0.9945317297947703,0.16421580636500888,tomato,True,True,,plantvillage,field_test
19506,0,0,0.9813036823775089,0.2152491827603773,tomato,True,True,,plantvillage,field_test
19507,0,0,0.9959634642929955,0.06456324922989176,tomato,True,True,,plantvillage,field_test
19508,7,7,0.9942540838868223,0.08349281431733768,tomato,True,True,,plantvillage,field_test
19524,7,7,0.9873570909854493,0.10339780179606062,tomato,True,True,,plantvillage,field_test
19530,7,7,0.9970997084748627,0.0766497272759249,tomato,True,True,,plantvillage,field_test
19551,7,7,0.9988863916746032,0.08305009675332509,tomato,True,True,,plantvillage,field_test
19563,7,7,0.9962771834454297,0.061849507053124864,tomato,True,True,,plantvillage,field_test
19570,7,7,0.7691257433884152,0.421678118014427,tomato,True,True,,plantvillage,field_test
19573,7,7,0.9989429364401241,0.045101475130930435,tomato,True,True,,plantvillage,field_test
19575,7,7,0.9898502013099529,0.24206111593092206,tomato,True,True,,plantvillage,field_test
19582,7,7,0.9896858699571025,0.1091786905508475,tomato,True,True,,plantvillage,field_test
19587,0,0,0.9954609210962635,0.15270281726786017,tomato,True,True,,plantvillage,field_test
19595,7,7,0.9980459995946638,0.06019961846377453,tomato,True,True,,plantvillage,field_test
19616,7,7,0.9936785191693515,0.13736591702884837,tomato,True,True,,plantvillage,field_test
19625,6,6,0.9969993833860261,0.10742267839738351,tomato,True,True,,plantvillage,field_test
19626,6,6,0.9975155554397733,0.06908549205615289,tomato,True,True,,plantvillage,field_test
19627,6,6,0.9962654148445365,0.13318275854463957,tomato,True,True,,plantvillage,field_test
19632,6,6,0.9977860088913793,0.14258521146466885,tomato,True,True,,plantvillage,field_test
19633,6,6,0.997010838686716,0.08174898325867774,tomato,True,True,,plantvillage,field_test
19639,6,6,0.9985312858314386,0.042760837487959225,tomato,True,True,,plantvillage,field_test
19642,6,6,0.9958612916531189,0.1278697831293255,tomato,True,True,,plantvillage,field_test
19652,6,6,0.9974454726301446,0.09046404923924134,tomato,True,True,,plantvillage,field_test
19655,6,0,0.0,,tomato,False,False,image_too_blurry,plantvillage,field_test
19661,6,6,0.9870370894977059,0.19420210158816986,tomato,True,True,,plantvillage,field_test
19662,6,6,0.9914802666539012,0.14326182601142823,tomato,True,True,,plantvillage,field_test
19664,6,6,0.9938504631729794,0.1219832918349486,tomato,True,True,,plantvillage,field_test
19665,6,6,0.9984336564065849,0.051839062480512954,tomato,True,True,,plantvillage,field_test
19666,6,6,0.9969320879224035,0.13495125289955667,tomato,True,True,,plantvillage,field_test
19668,6,6,0.9980655347732607,0.04561549777325724,tomato,True,True,,plantvillage,field_test
19671,6,6,0.9969213549174125,0.1033134413272605,tomato,True,True,,plantvillage,field_test
19677,6,6,0.9969514852688273,0.10680930059828042,tomato,True,True,,plantvillage,field_test
19679,6,6,0.9973659403077458,0.05431177475147364,tomato,True,True,,plantvillage,field_test
19680,6,6,0.998012408916312,0.07281176166359127,tomato,True,True,,plantvillage,field_test
19684,6,6,0.9936686764876919,0.14980920481198368,tomato,True,True,,plantvillage,field_test
19686,6,6,0.9819783497900963,0.25133121294129046,tomato,True,True,,plantvillage,field_test
19689,6,0,0.0,,tomato,False,False,image_too_blurry,plantvillage,field_test
19693,6,6,0.9973206124056203,0.10223544716156496,tomato,True,True,,plantvillage,field_test
19694,6,6,0.997677515690308,0.05998625068494268,tomato,True,True,,plantvillage,field_test
19699,6,6,0.9971786614357729,0.05517200569144676,tomato,True,True,,plantvillage,field_test
19702,6,6,0.991340808608394,0.1450166309479073,tomato,True,True,,plantvillage,field_test
19704,6,6,0.9937322192614888,0.10159803952889801,tomato,True,True,,plantvillage,field_test
19719,6,6,0.9980769788756467,0.04926766867984245,tomato,True,True,,plantvillage,field_test
19724,6,6,0.9973507055406349,0.08098031375399317,tomato,True,True,,plantvillage,field_test
19725,6,6,0.9951556146003487,0.13758157499966917,tomato,True,True,,plantvillage,field_test
19730,6,6,0.9979248777272287,0.0809156614205222,tomato,True,True,,plantvillage,field_test
19731,6,6,0.9972758989806527,0.10044037881632928,tomato,True,True,,plantvillage,field_test
19736,6,6,0.9980754492126639,0.043486467184348676,tomato,True,True,,plantvillage,field_test
19746,6,6,0.9918636275286725,0.1376012772296319,tomato,True,True,,plantvillage,field_test
19749,6,6,0.9958097521994338,0.10549919277302566,tomato,True,True,,plantvillage,field_test
19756,6,6,0.9880804232327107,0.1759204670013501,tomato,True,True,,plantvillage,field_test
19757,6,0,0.0,,tomato,False,False,image_too_blurry,plantvillage,field_test
19759,6,6,0.9941715612381911,0.12369988504546892,tomato,True,True,,plantvillage,field_test
19762,6,6,0.9934902324643615,0.09246970958721712,tomato,True,True,,plantvillage,field_test
19767,6,0,0.0,,tomato,False,False,image_too_blurry,plantvillage,field_test
19772,6,6,0.9978788990648569,0.05897599528681319,tomato,True,True,,plantvillage,field_test
19774,6,6,0.9976034901935473,0.11160521354324815,tomato,True,True,,plantvillage,field_test
19777,6,6,0.9978898935470152,0.05438041164649432,tomato,True,True,,plantvillage,field_test
19781,6,6,0.9940018982398289,0.16252605597357195,tomato,True,True,,plantvillage,field_test
19783,6,1,0.5970668980840863,0.5477081408348314,tomato,True,True,,plantvillage,field_test
19788,6,6,0.9904400541400641,0.19332542897218352,tomato,True,True,,plantvillage,field_test
19789,6,6,0.995882387781673,0.11598478819791669,tomato,True,True,,plantvillage,field_test
19814,6,6,0.995916260202008,0.13139229003542008,tomato,True,True,,plantvillage,field_test
19816,6,6,0.9904754671160706,0.15250799227160394,tomato,True,True,,plantvillage,field_test
19817,6,6,0.9975560162601123,0.06848800649164077,tomato,True,True,,plantvillage,field_test
19823,6,6,0.998031848464724,0.0706383808303217,tomato,True,True,,plantvillage,field_test
19828,6,6,0.9956717729716209,0.07366917312381327,tomato,True,True,,plantvillage,field_test
19829,6,6,0.996961430922782,0.06732777668641443,tomato,True,True,,plantvillage,field_test
19830,6,6,0.9963482248776709,0.13014022780361323,tomato,True,True,,plantvillage,field_test
19831,6,6,0.9959189459088736,0.085566302621647,tomato,True,True,,plantvillage,field_test
19837,6,6,0.9976587568736688,0.13516607439777562,tomato,True,True,,plantvillage,field_test
19842,6,6,0.9940843523298556,0.14901930740493896,tomato,True,True,,plantvillage,field_test
19844,6,6,0.9952277957761393,0.10686569429362014,tomato,True,True,,plantvillage,field_test
19849,6,6,0.964860499185176,0.28833288264751367,tomato,True,True,,plantvillage,field_test
19852,6,6,0.9962639875859501,0.08705465323300166,tomato,True,True,,plantvillage,field_test
19856,6,6,0.9978871884566571,0.06856216738750198,tomato,True,True,,plantvillage,field_test
19858,6,0,0.0,,tomato,False,False,image_too_blurry,plantvillage,field_test
19859,6,6,0.9952305618060656,0.12878224782033953,tomato,True,True,,plantvillage,field_test
19869,6,6,0.9960289575435813,0.07702462792909082,tomato,True,True,,plantvillage,field_test
19870,6,6,0.9975433862132121,0.05211698223072925,tomato,True,True,,plantvillage,field_test
19872,6,6,0.9971940277250222,0.07029296071679147,tomato,True,True,,plantvillage,field_test
19879,6,6,0.9976467860152843,0.055607076766531094,tomato,True,True,,plantvillage,field_test
19880,6,6,0.9961801804277589,0.08608485702933955,tomato,True,True,,plantvillage,field_test
19886,6,6,0.9972887813007895,0.08902061763448776,tomato,True,True,,plantvillage,field_test
19888,6,6,0.9943434585608248,0.13779989326107733,tomato,True,True,,plantvillage,field_test
19893,6,6,0.9927250071237862,0.16417934853322513,tomato,True,True,,plantvillage,field_test
19898,6,6,0.941758213356398,0.296415547677755,tomato,True,True,,plantvillage,field_test
19899,6,6,0.9965893450741842,0.12753226907215431,tomato,True,True,,plantvillage,field_test
19902,6,6,0.997445351553649,0.06687149634323752,tomato,True,True,,plantvillage,field_test
19907,6,6,0.9865988505523592,0.15506335879588629,tomato,True,True,,plantvillage,field_test
19910,6,6,0.9951781002043524,0.08344068555494077,tomato,True,True,,plantvillage,field_test
19912,6,6,0.9976522549198276,0.05297038810303478,tomato,True,True,,plantvillage,field_test
19921,6,6,0.9974716578424362,0.08911983576830718,tomato,True,True,,plantvillage,field_test
19923,6,6,0.9974421187444209,0.06525202315044076,tomato,True,True,,plantvillage,field_test
19924,6,6,0.9971563319760934,0.06296799703044798,tomato,True,True,,plantvillage,field_test
19925,6,0,0.0,,tomato,False,False,image_too_blurry,plantvillage,field_test
19928,6,0,0.0,,tomato,False,False,image_too_blurry,plantvillage,field_test
19933,6,6,0.980889210956634,0.18024066242034853,tomato,True,True,,plantvillage,field_test
19934,6,6,0.9937462025192418,0.1462036104382054,tomato,True,True,,plantvillage,field_test
19936,6,6,0.9939019912079445,0.09305856831197623,tomato,True,True,,plantvillage,field_test
19938,6,6,0.997562011659855,0.045842094415196044,tomato,True,True,,plantvillage,field_test
19939,6,6,0.9980985667114983,0.07336138717503804,tomato,True,True,,plantvillage,field_test
19940,6,6,0.9936892794969553,0.2434804112108977,tomato,True,True,,plantvillage,field_test
19947,6,6,0.9978626609152408,0.05552266177531762,tomato,True,True,,plantvillage,field_test
19948,6,6,0.9970525532429584,0.07896738433009098,tomato,True,True,,plantvillage,field_test
19949,6,6,0.9894130458003465,0.18543519591897906,tomato,True,True,,plantvillage,field_test
19963,6,6,0.9953248186706636,0.14629640196098537,tomato,True,True,,plantvillage,field_test
19966,6,6,0.9955122025571237,0.12633167075689644,tomato,True,True,,plantvillage,field_test
19967,6,6,0.9976442850384738,0.06457540228855152,tomato,True,True,,plantvillage,field_test
19972,6,6,0.9982314256356046,0.0677523953684862,tomato,True,True,,plantvillage,field_test
19974,6,6,0.997947994147534,0.07623638558983148,tomato,True,True,,plantvillage,field_test
19977,6,6,0.9965521245638725,0.11392416248346238,tomato,True,True,,plantvillage,field_test
19982,6,6,0.9923464979246651,0.1693134708597004,tomato,True,True,,plantvillage,field_test
19983,6,6,0.9943063350779929,0.18710842541887818,tomato,True,True,,plantvillage,field_test
19988,6,6,0.9949649733473066,0.08066059416041627,tomato,True,True,,plantvillage,field_test
19989,6,6,0.9976441472106335,0.08131157789783106,tomato,True,True,,plantvillage,field_test
19997,6,6,0.9978821978887248,0.060253313332994995,tomato,True,True,,plantvillage,field_test
20002,6,0,0.0,,tomato,False,False,image_too_blurry,plantvillage,field_test
20009,6,6,0.9912759789559683,0.15818901662004536,tomato,True,True,,plantvillage,field_test
20012,6,6,0.9979586032405996,0.07759852372090359,tomato,True,True,,plantvillage,field_test
20015,6,6,0.9764010847020332,0.19105462385587768,tomato,True,True,,plantvillage,field_test
20017,6,6,0.9934944183735106,0.2011048933355869,tomato,True,True,,plantvillage,field_test
20021,6,6,0.9975994275152166,0.05470052070177256,tomato,True,True,,plantvillage,field_test
20028,6,6,0.9909143728129842,0.1256547317748733,tomato,True,True,,plantvillage,field_test
20031,6,6,0.9981514334422495,0.0542676506861286,tomato,True,True,,plantvillage,field_test
20033,6,6,0.9975454356078043,0.10249051554774824,tomato,True,True,,plantvillage,field_test
20036,6,6,0.9982271766898873,0.04280112163616945,tomato,True,True,,plantvillage,field_test
20038,6,6,0.9977820762147627,0.07086372780396033,tomato,True,True,,plantvillage,field_test
20044,6,6,0.9973433923825767,0.06270117688559829,tomato,True,True,,plantvillage,field_test
20045,6,6,0.9975672205227406,0.08069023851108226,tomato,True,True,,plantvillage,field_test
20046,6,6,0.9972090355799651,0.06403160156978038,tomato,True,True,,plantvillage,field_test
20048,6,6,0.8694086272427901,0.6619726702593233,tomato,False,True,out_of_distribution,plantvillage,field_test
20054,6,6,0.9937935532597819,0.1442793163263465,tomato,True,True,,plantvillage,field_test
20059,6,0,0.0,,tomato,False,False,image_too_blurry,plantvillage,field_test
20061,6,6,0.9958144532616114,0.08365023558062112,tomato,True,True,,plantvillage,field_test
20062,6,6,0.9965296131913024,0.122162904029807,tomato,True,True,,plantvillage,field_test
20065,6,6,0.9979758038503097,0.07035091856535935,tomato,True,True,,plantvillage,field_test
20070,6,0,0.0,,tomato,False,False,image_too_blurry,plantvillage,field_test
20082,6,0,0.0,,tomato,False,False,image_too_blurry,plantvillage,field_test
20089,6,6,0.9971262694923299,0.07444611067427487,tomato,True,True,,plantvillage,field_test
20091,6,6,0.9894506180401791,0.1717020302101806,tomato,True,True,,plantvillage,field_test
20093,6,6,0.996374948968931,0.09179345124702942,tomato,True,True,,plantvillage,field_test
20103,6,6,0.997511675273949,0.09880460823552828,tomato,True,True,,plantvillage,field_test
20112,6,6,0.9962999146113742,0.08016558872539137,tomato,True,True,,plantvillage,field_test
20115,6,6,0.9977005149334722,0.06374333890385775,tomato,True,True,,plantvillage,field_test
20118,6,6,0.9964323600610292,0.08769988442810828,tomato,True,True,,plantvillage,field_test
20123,6,6,0.9976054947954639,0.06930292932982918,tomato,True,True,,plantvillage,field_test
20125,6,6,0.9848116235629798,0.1820914954720939,tomato,True,True,,plantvillage,field_test
20126,6,6,0.9970431041845599,0.08150980695836951,tomato,True,True,,plantvillage,field_test
20127,6,6,0.9930749611104279,0.1658426614445644,tomato,True,True,,plantvillage,field_test
20137,6,6,0.9916672375716277,0.2085654008615706,tomato,True,True,,plantvillage,field_test
20142,6,6,0.9981645946341234,0.09981868529473426,tomato,True,True,,plantvillage,field_test
20144,6,6,0.9948757535541162,0.10803775859690345,tomato,True,True,,plantvillage,field_test
20149,6,6,0.9955195644249,0.13490307579693894,tomato,True,True,,plantvillage,field_test
20152,6,6,0.995954837345631,0.0931172409398564,tomato,True,True,,plantvillage,field_test
20153,6,6,0.9979573391995414,0.04510339861770618,tomato,True,True,,plantvillage,field_test
20167,6,1,0.6472483279731791,0.4637254687880684,tomato,True,True,,plantvillage,field_test
20171,6,6,0.9970629681595393,0.06094862235995402,tomato,True,True,,plantvillage,field_test
20172,6,6,0.9978013673142324,0.06197755184690801,tomato,True,True,,plantvillage,field_test
20173,6,6,0.9973721016395702,0.0763622993977664,tomato,True,True,,plantvillage,field_test
20177,6,6,0.996615234382797,0.07818549405055142,tomato,True,True,,plantvillage,field_test
20185,6,6,0.9951153429027392,0.1133076882229952,tomato,True,True,,plantvillage,field_test
20186,6,6,0.9969054591112014,0.07434482619492422,tomato,True,True,,plantvillage,field_test
20187,6,6,0.9974477591799243,0.055907863576749595,tomato,True,True,,plantvillage,field_test
20190,6,6,0.9981498973547325,0.08876582946119793,tomato,True,True,,plantvillage,field_test
20195,6,6,0.9211704790978141,0.5904174839823125,tomato,False,True,out_of_distribution,plantvillage,field_test
20196,6,6,0.9970197428748963,0.09112774376444222,tomato,True,True,,plantvillage,field_test
20198,6,6,0.9979090593547502,0.054605559427357564,tomato,True,True,,plantvillage,field_test
20201,6,6,0.9980343174299989,0.053762801241928004,tomato,True,True,,plantvillage,field_test
20207,6,0,0.0,,tomato,False,False,image_too_blurry,plantvillage,field_test
20208,6,6,0.9918076244526476,0.19217324513874567,tomato,True,True,,plantvillage,field_test
20210,6,6,0.9944776907679758,0.12931253131514642,tomato,True,True,,plantvillage,field_test
20216,6,6,0.9974536022981693,0.08108708246291418,tomato,True,True,,plantvillage,field_test
20217,6,6,0.9949292873768304,0.16785848530055825,tomato,True,True,,plantvillage,field_test
20220,6,0,0.0,,tomato,False,False,image_too_blurry,plantvillage,field_test
20225,6,6,0.9978051341973779,0.0532353451380041,tomato,True,True,,plantvillage,field_test
20230,6,6,0.9967417380158268,0.12835463682279125,tomato,True,True,,plantvillage,field_test
20236,6,6,0.9960881514010305,0.11689493300411602,tomato,True,True,,plantvillage,field_test
20242,6,6,0.9874976163536279,0.15681959549845437,tomato,True,True,,plantvillage,field_test
20246,6,6,0.9971664662407491,0.05713396185360298,tomato,True,True,,plantvillage,field_test
20250,6,1,0.9785256574233434,0.2319040419182259,tomato,True,True,,plantvillage,field_test
20253,6,6,0.996549084638034,0.07727649320931762,tomato,True,True,,plantvillage,field_test
20256,6,6,0.9883129522412305,0.1920371411671119,tomato,True,True,,plantvillage,field_test
20258,6,6,0.995807100681395,0.1283037275212412,tomato,True,True,,plantvillage,field_test
20270,6,6,0.9981477690794998,0.0642974073960666,tomato,True,True,,plantvillage,field_test
20272,6,6,0.997224970176991,0.0772846160759102,tomato,True,True,,plantvillage,field_test
20278,6,6,0.9652141909863361,0.23605287587284451,tomato,True,True,,plantvillage,field_test
20284,6,6,0.9977057434359305,0.07759827267408004,tomato,True,True,,plantvillage,field_test
20288,6,6,0.9968669354700826,0.09829272661065547,tomato,True,True,,plantvillage,field_test
20291,6,0,0.0,,tomato,False,False,image_too_blurry,plantvillage,field_test
20296,6,6,0.9973563275952235,0.06392849277498058,tomato,True,True,,plantvillage,field_test
20298,6,0,0.0,,tomato,False,False,image_too_blurry,plantvillage,field_test
20303,6,6,0.9847375658715528,0.1596766201195945,tomato,True,True,,plantvillage,field_test
20316,6,6,0.9964330185953036,0.13995201625608433,tomato,True,True,,plantvillage,field_test
20318,6,6,0.9841762867591839,0.22042095649183002,tomato,True,True,,plantvillage,field_test
20320,6,6,0.9927642536946464,0.19330920094670057,tomato,True,True,,plantvillage,field_test
20324,6,6,0.9446143346752232,0.3244688438601001,tomato,True,True,,plantvillage,field_test
20326,6,6,0.9958577969221953,0.08363633053601172,tomato,True,True,,plantvillage,field_test
20327,6,6,0.9959803611012783,0.06420085407240195,tomato,True,True,,plantvillage,field_test
20330,6,6,0.997803501726478,0.05139257405149622,tomato,True,True,,plantvillage,field_test
20338,6,6,0.9981300301600449,0.05596530952741896,tomato,True,True,,plantvillage,field_test
20346,6,6,0.9981069613314997,0.0645665243630138,tomato,True,True,,plantvillage,field_test
20348,6,6,0.9979218993352283,0.05865813404514175,tomato,True,True,,plantvillage,field_test
20353,3,3,0.9909798119902595,0.2662789683725857,tomato,True,True,,plantvillage,field_test
20362,3,2,0.8849372791129355,0.21359491443688305,tomato,True,True,,plantvillage,field_test
20370,3,3,0.9968055377258547,0.12707420707490702,tomato,True,True,,plantvillage,field_test
20377,3,3,0.9975013852552859,0.07902436076783736,tomato,True,True,,plantvillage,field_test
20383,3,3,0.9956967368441288,0.2847142816613727,tomato,True,True,,plantvillage,field_test
20388,3,3,0.9969436018788668,0.18487889231864318,tomato,True,True,,plantvillage,field_test
20407,4,4,0.9886586572623184,0.26790319307607646,tomato,True,True,,plantvillage,field_test
20408,4,4,0.9979726338578012,0.10789565573314042,tomato,True,True,,plantvillage,field_test
20420,4,4,0.9918926051508526,0.17465215481665308,tomato,True,True,,plantvillage,field_test
20423,4,4,0.9970310254562462,0.10247370535839917,tomato,True,True,,plantvillage,field_test
20425,4,4,0.9976251476342586,0.13887835517559433,tomato,True,True,,plantvillage,field_test
20435,3,3,0.9987769690988657,0.09129810223010482,tomato,True,True,,plantvillage,field_test
20438,3,3,0.9958281677836249,0.16792791797372464,tomato,True,True,,plantvillage,field_test
20448,3,3,0.9981796359952617,0.11774514043646533,tomato,True,True,,plantvillage,field_test
20454,3,3,0.9885715837332686,0.26954009954356295,tomato,True,True,,plantvillage,field_test
20470,3,3,0.9982242818273109,0.0764345521511195,tomato,True,True,,plantvillage,field_test
20472,3,3,0.9460373480821239,0.4460310859098737,tomato,True,True,,plantvillage,field_test
20473,3,3,0.9786990836757298,0.32846684789817715,tomato,True,True,,plantvillage,field_test
20479,3,3,0.998299271371049,0.12453680272050205,tomato,True,True,,plantvillage,field_test
20489,3,3,0.9925352450838618,0.34567837353382824,tomato,True,True,,plantvillage,field_test
20490,3,3,0.981661342302507,0.20521743907721324,tomato,True,True,,plantvillage,field_test
20492,3,3,0.9891163039214905,0.21519922364643018,tomato,True,True,,plantvillage,field_test
20507,5,5,0.998335199680728,0.08400218686704364,tomato,True,True,,plantvillage,field_test
20524,4,4,0.9960991165594354,0.20135529276761033,tomato,True,True,,plantvillage,field_test
20527,4,4,0.985298629922177,0.2943736521299567,tomato,True,True,,plantvillage,field_test
20535,4,4,0.9984249983488617,0.09458962290115291,tomato,True,True,,plantvillage,field_test
20549,5,5,0.9960176947441597,0.11776656175921163,tomato,True,True,,plantvillage,field_test
20550,5,5,0.9953613449249169,0.13424542777217074,tomato,True,True,,plantvillage,field_test
20567,5,5,0.9981956585555389,0.13344561531886012,tomato,True,True,,plantvillage,field_test
20568,5,5,0.9972401322743562,0.10551203782839347,tomato,True,True,,plantvillage,field_test
20571,5,5,0.9974084657550566,0.12179001720797344,tomato,True,True,,plantvillage,field_test
20587,4,4,0.9985279680644228,0.09712351740398373,tomato,True,True,,plantvillage,field_test
20597,4,4,0.9981508669933624,0.06114608770298269,tomato,True,True,,plantvillage,field_test
20601,4,4,0.9979794973548203,0.19555880915782464,tomato,True,True,,plantvillage,field_test
20607,4,4,0.9949284639281215,0.18929933577256064,tomato,True,True,,plantvillage,field_test
20608,4,4,0.9959114113909262,0.1575024139309147,tomato,True,True,,plantvillage,field_test
20609,4,4,0.9977638063455666,0.10483147253728231,tomato,True,True,,plantvillage,field_test
20611,4,4,0.9945613949141996,0.15549457560803026,tomato,True,True,,plantvillage,field_test
20614,4,4,0.9988845868417267,0.05539133892800585,tomato,True,True,,plantvillage,field_test
20623,4,4,0.9990115677976605,0.07331967267692407,tomato,True,True,,plantvillage,field_test
20625,4,4,0.9946685719480687,0.28943153206109595,tomato,True,True,,plantvillage,field_test
20626,4,4,0.9984637593277613,0.11618947946179059,tomato,True,True,,plantvillage,field_test
20658,4,4,0.9978804027420016,0.07122997546552456,tomato,True,True,,plantvillage,field_test
20672,3,2,0.6416471825156531,0.39206056174202397,tomato,True,True,,plantvillage,field_test
20674,1,1,0.9900051104598415,0.15904061248643675,tomato,True,True,,plantvillage,field_test
20678,2,2,0.9984064699002725,0.16618644705801078,tomato,True,True,,plantvillage,field_test
20693,2,2,0.9659357291248108,0.34183475498052074,tomato,True,True,,plantvillage,field_test
20702,2,2,0.9983968699937664,0.21556484812740595,tomato,True,True,,plantvillage,field_test
20703,2,2,0.9973927155804454,0.1538632492461538,tomato,True,True,,plantvillage,field_test
20720,2,5,0.8674809542219296,0.4060281610492058,tomato,True,True,,plantvillage,field_test
20727,2,2,0.8682429518911555,0.3225550297604045,tomato,False,True,out_of_distribution,plantvillage,field_test
20734,2,2,0.9983382642854831,0.11169130039299491,tomato,True,True,,plantvillage,field_test
20745,2,2,0.9980778305629546,0.15161903741910787,tomato,True,True,,plantvillage,field_test
20749,2,2,0.9949697333349439,0.25459619842932735,tomato,True,True,,plantvillage,field_test
20756,2,2,0.9651318363938688,0.2963525383294473,tomato,True,True,,plantvillage,field_test
20764,3,3,0.9977456202126604,0.19635051582507634,tomato,True,True,,plantvillage,field_test
20777,1,1,0.9932881266946011,0.32168198890790745,tomato,True,True,,plantvillage,field_test
20784,1,1,0.9655257324603104,0.35002923248338313,tomato,True,True,,plantvillage,field_test
20790,1,0,0.6638441879630556,0.4193164064263828,tomato,True,True,,plantvillage,field_test
20800,2,2,0.9979534081553713,0.1483376028144734,tomato,True,True,,plantvillage,field_test
20805,2,2,0.9949465399196878,0.2968149800514107,tomato,True,True,,plantvillage,field_test
20810,2,2,0.8685035965548846,0.41594852622597,tomato,True,True,,plantvillage,field_test
20814,2,2,0.8850779963153609,0.2906818652820373,tomato,True,True,,plantvillage,field_test
20815,2,2,0.9597670004643072,0.338266582272022,tomato,True,True,,plantvillage,field_test
20823,2,2,0.9986992559022966,0.16805285178097873,tomato,True,True,,plantvillage,field_test
20842,2,2,0.9882515412617655,0.2867433000817543,tomato,False,True,out_of_distribution,plantvillage,field_test
20852,3,3,0.9855273603649883,0.3886330986539963,tomato,True,True,,plantvillage,field_test
20855,3,3,0.9969314815589594,0.1290548666471587,tomato,True,True,,plantvillage,field_test
20859,3,3,0.9988381512411408,0.06975815565215582,tomato,True,True,,plantvillage,field_test
20861,3,3,0.9977744728492731,0.1796230269036999,tomato,True,True,,plantvillage,field_test
20865,3,3,0.9956800994365531,0.2871427999397975,tomato,True,True,,plantvillage,field_test
20867,3,2,0.5173773055563717,0.2905630442625271,tomato,True,True,,plantvillage,field_test
20873,3,3,0.9368172615673684,0.38211464275662177,tomato,True,True,,plantvillage,field_test
20883,3,3,0.9923807618278376,0.18883240010924385,tomato,True,True,,plantvillage,field_test
20887,3,3,0.9936257398539629,0.29744279755026093,tomato,True,True,,plantvillage,field_test
20891,3,3,0.9973989535165428,0.20368928917377782,tomato,True,True,,plantvillage,field_test
20902,3,3,0.9706846612546634,0.3171079163840824,tomato,True,True,,plantvillage,field_test
20903,3,3,0.9938739456845131,0.14507047982172372,tomato,True,True,,plantvillage,field_test
20904,3,3,0.9973603384420797,0.13033412657177168,tomato,True,True,,plantvillage,field_test
20906,3,3,0.8428315293800384,0.24901910549743456,tomato,True,True,,plantvillage,field_test
20911,3,3,0.9959167200403936,0.2467210292530383,tomato,True,True,,plantvillage,field_test
20914,3,3,0.9956954561143619,0.2072417146941795,tomato,True,True,,plantvillage,field_test
20917,3,3,0.9904594040265396,0.2813263499875778,tomato,True,True,,plantvillage,field_test
20934,2,2,0.9960767182544339,0.15873939430808526,tomato,True,True,,plantvillage,field_test
20938,2,2,0.9981081478130782,0.12645272687018405,tomato,True,True,,plantvillage,field_test
20956,3,3,0.9324812182444503,0.42252126766106346,tomato,True,True,,plantvillage,field_test
20957,3,3,0.9731595362756805,0.39680721466970836,tomato,True,True,,plantvillage,field_test
20962,3,3,0.9881992682044094,0.24891062200985314,tomato,True,True,,plantvillage,field_test
20964,3,3,0.9966907821372885,0.15542085934057726,tomato,True,True,,plantvillage,field_test
20968,3,3,0.8214793177948793,0.6554181957247415,tomato,True,True,,plantvillage,field_test
20976,3,3,0.9959919354647006,0.1989059341799171,tomato,True,True,,plantvillage,field_test
20978,3,0,0.0,,tomato,False,False,image_too_blurry,plantvillage,field_test
20979,3,0,0.0,,tomato,False,False,image_too_dark,plantvillage,field_test
20981,5,5,0.9963894446390036,0.10345365865640044,tomato,True,True,,plantvillage,field_test
20986,6,6,0.9977698331265802,0.060928780041925146,tomato,True,True,,plantvillage,field_test
20996,6,6,0.9959010282402467,0.12127852825371876,tomato,True,True,,plantvillage,field_test
21004,6,6,0.9920742735991417,0.14514195241451433,tomato,True,True,,plantvillage,field_test
21011,6,1,0.4920142955857554,0.6835560211086386,tomato,True,True,,plantvillage,field_test
21020,6,6,0.9937288783092916,0.1473411250000647,tomato,True,True,,plantvillage,field_test
21024,6,6,0.9907038095151254,0.27050958956283144,tomato,True,True,,plantvillage,field_test
21025,6,6,0.9972823183558639,0.1080816814413913,tomato,True,True,,plantvillage,field_test
21032,6,6,0.9969165980869003,0.10252592168977248,tomato,True,True,,plantvillage,field_test
21034,6,6,0.9969060724331055,0.07183431652219996,tomato,True,True,,plantvillage,field_test
21045,6,6,0.9902196155081466,0.183628163710585,tomato,True,True,,plantvillage,field_test
21050,6,6,0.9971356526528896,0.05122769137718153,tomato,True,True,,plantvillage,field_test
21051,6,6,0.9972483797079815,0.0888794459573351,tomato,True,True,,plantvillage,field_test
21052,6,6,0.9975927920843758,0.123767549906597,tomato,True,True,,plantvillage,field_test
21053,6,6,0.9934991936555108,0.1485952826506567,tomato,True,True,,plantvillage,field_test
21060,6,6,0.914426930580097,0.4050424621266937,tomato,True,True,,plantvillage,field_test
21062,6,1,0.7043543146788646,0.4671720197989172,tomato,True,True,,plantvillage,field_test
21064,6,6,0.9978370322198945,0.07150021115775629,tomato,True,True,,plantvillage,field_test
21065,6,0,0.0,,tomato,False,False,image_too_blurry,plantvillage,field_test
21070,6,6,0.996836363960069,0.0756145256609213,tomato,True,True,,plantvillage,field_test
21071,6,6,0.9953713296427336,0.08552481369514542,tomato,True,True,,plantvillage,field_test
21077,6,0,0.0,,tomato,False,False,image_too_blurry,plantvillage,field_test
21082,6,0,0.0,,tomato,False,False,image_too_blurry,plantvillage,field_test
21087,6,6,0.9966975162171404,0.09747107934262311,tomato,True,True,,plantvillage,field_test
21088,6,6,0.9886639580684341,0.29204867371615595,tomato,True,True,,plantvillage,field_test
21093,6,0,0.0,,tomato,False,False,image_too_blurry,plantvillage,field_test
21097,6,0,0.0,,tomato,False,False,image_too_blurry,plantvillage,field_test
21101,6,6,0.9971090898280868,0.07206025701113095,tomato,True,True,,plantvillage,field_test
21104,6,6,0.9971633317129935,0.10015931813321122,tomato,True,True,,plantvillage,field_test
21106,6,6,0.9969234771042482,0.07376045515627228,tomato,True,True,,plantvillage,field_test
21107,6,6,0.9964207450157201,0.1028312320903817,tomato,True,True,,plantvillage,field_test
21110,6,6,0.996572676559876,0.08698070562386351,tomato,True,True,,plantvillage,field_test
21113,6,0,0.0,,tomato,False,False,image_too_blurry,plantvillage,field_test
21129,6,0,0.0,,tomato,False,False,image_too_blurry,plantvillage,field_test
21135,6,0,0.0,,tomato,False,False,image_too_blurry,plantvillage,field_test
21138,6,6,0.9919002008330972,0.18064527389059437,tomato,True,True,,plantvillage,field_test
21139,6,6,0.9974062912716407,0.0661413821862269,tomato,True,True,,plantvillage,field_test
21143,6,6,0.9967300696300462,0.10776726690399041,tomato,True,True,,plantvillage,field_test
21145,6,6,0.9942265159668814,0.11103665850157118,tomato,True,True,,plantvillage,field_test
21149,6,6,0.9977426516120191,0.059751280470840884,tomato,True,True,,plantvillage,field_test
21153,6,6,0.9606224133970512,0.26612130218607044,tomato,True,True,,plantvillage,field_test
21155,6,6,0.996816044714004,0.0778616511794088,tomato,True,True,,plantvillage,field_test
21169,5,5,0.9974551187246253,0.11627806372365734,tomato,True,True,,plantvillage,field_test
21171,5,5,0.9985371989857478,0.05612903671290148,tomato,True,True,,plantvillage,field_test
21189,5,5,0.9962585575061803,0.2036360953180445,tomato,True,True,,plantvillage,field_test
21190,5,5,0.9913420975955618,0.2647685854174531,tomato,True,True,,plantvillage,field_test
21191,5,5,0.9980303002343729,0.08127788953103621,tomato,True,True,,plantvillage,field_test
21192,5,5,0.994559261518316,0.12948717842642665,tomato,True,True,,plantvillage,field_test
21195,5,5,0.9916090434085707,0.1885937689825754,tomato,True,True,,plantvillage,field_test
21196,5,5,0.9908319297921268,0.2738644305563902,tomato,True,True,,plantvillage,field_test
21198,5,5,0.9951081545494279,0.15727157953382354,tomato,True,True,,plantvillage,field_test
21200,5,5,0.9836859384837345,0.18907254143682295,tomato,True,True,,plantvillage,field_test
21218,5,5,0.9939943236317692,0.16932228089810164,tomato,True,True,,plantvillage,field_test
21226,5,5,0.9983961437276984,0.10534477623950411,tomato,True,True,,plantvillage,field_test
21232,5,5,0.996908818294071,0.09313660580382388,tomato,True,True,,plantvillage,field_test
21233,5,5,0.9931311646705023,0.21220000418760998,tomato,True,True,,plantvillage,field_test
21242,5,5,0.813413994772443,0.4038393355671861,tomato,True,True,,plantvillage,field_test
21248,5,5,0.9985537145820422,0.12235515908697137,tomato,True,True,,plantvillage,field_test
21250,5,5,0.9905829132255703,0.2105383417642297,tomato,True,True,,plantvillage,field_test
21252,5,5,0.9942039013845737,0.21155245546131285,tomato,True,True,,plantvillage,field_test
21257,5,5,0.9486183903772769,0.39409597653088824,tomato,True,True,,plantvillage,field_test
21269,5,5,0.9969523090796898,0.13063333800384558,tomato,True,True,,plantvillage,field_test
21272,5,5,0.9978935745491074,0.11000223994003622,tomato,True,True,,plantvillage,field_test
21279,5,5,0.9973147248391813,0.11149944013301616,tomato,True,True,,plantvillage,field_test
21280,5,5,0.978745542191315,0.1970590776991611,tomato,True,True,,plantvillage,field_test
21283,6,6,0.9974917219625186,0.0979403291224078,tomato,True,True,,plantvillage,field_test
21284,6,6,0.9968621189250962,0.07496296495000065,tomato,True,True,,plantvillage,field_test
21302,6,6,0.9965669860007024,0.12896338986060463,tomato,True,True,,plantvillage,field_test
21312,6,6,0.9977774170397048,0.06613579509265266,tomato,True,True,,plantvillage,field_test
21316,6,6,0.9976134538337079,0.10540980038559855,tomato,True,True,,plantvillage,field_test
21323,6,6,0.9980648483526505,0.08245918575684752,tomato,True,True,,plantvillage,field_test
21330,6,0,0.0,,tomato,False,False,image_too_blurry,plantvillage,field_test
21331,6,6,0.9967540799070095,0.06887175500300158,tomato,True,True,,plantvillage,field_test
21333,6,6,0.9973609353603666,0.15901407349099583,tomato,True,True,,plantvillage,field_test
21335,6,6,0.998254697110446,0.06304131452851713,tomato,True,True,,plantvillage,field_test
21340,6,6,0.998491073072074,0.05058180847336802,tomato,True,True,,plantvillage,field_test
21342,6,6,0.9272273229682392,0.27880368878929596,tomato,True,True,,plantvillage,field_test
21345,6,6,0.9958282108973012,0.11741477442499804,tomato,True,True,,plantvillage,field_test
21359,5,5,0.9901223328636276,0.19025396772618786,tomato,True,True,,plantvillage,field_test
21360,5,5,0.9960165512033252,0.1286063781072846,tomato,True,True,,plantvillage,field_test
21364,6,6,0.9951178571107583,0.12869901654510862,tomato,True,True,,plantvillage,field_test
21366,6,6,0.9968963946265348,0.1155362540149254,tomato,True,True,,plantvillage,field_test
21368,6,6,0.9964548868127338,0.1038139871213023,tomato,True,True,,plantvillage,field_test
21371,6,6,0.9974343633182774,0.0954969392746936,tomato,True,True,,plantvillage,field_test
21377,6,6,0.9259320767869175,0.3287993057900027,tomato,True,True,,plantvillage,field_test
21379,6,6,0.9971835372631563,0.10194503217906536,tomato,True,True,,plantvillage,field_test
21383,6,0,0.0,,tomato,False,False,image_too_blurry,plantvillage,field_test
21404,0,0,0.9837434207829782,0.3259411412800647,tomato,True,True,,plantvillage,field_test
21418,0,0,0.9867290351938611,0.1610837037415762,tomato,True,True,,plantvillage,field_test
21422,0,0,0.9964558776555822,0.07915013161597884,tomato,True,True,,plantvillage,field_test
21423,0,0,0.9864522839230625,0.20950734915644864,tomato,True,True,,plantvillage,field_test
21424,0,0,0.994249572038283,0.08555265831280612,tomato,True,True,,plantvillage,field_test
21427,20,20,0.9934916506778343,0.21933760607878305,pepper,True,True,,plantvillage,field_test
21440,0,0,0.9971423069682545,0.08965054980409759,tomato,True,True,,plantvillage,field_test
21447,0,0,0.99679714304543,0.06729557096085659,tomato,True,True,,plantvillage,field_test
21448,0,0,0.9967668109518757,0.13395597519125357,tomato,True,True,,plantvillage,field_test
21452,0,0,0.9968141022569028,0.15331993766571284,tomato,True,True,,plantvillage,field_test
21466,0,0,0.9963359918486213,0.07996255358758608,tomato,True,True,,plantvillage,field_test
21469,0,0,0.9965111380120604,0.07992882400827239,tomato,True,True,,plantvillage,field_test
21475,0,0,0.9956874101651085,0.10255348237628203,tomato,True,True,,plantvillage,field_test
21476,0,0,0.9980780638078349,0.06403260717795622,tomato,True,True,,plantvillage,field_test
21482,0,0,0.9979607839272242,0.04347150422358448,tomato,True,True,,plantvillage,field_test
21489,0,0,0.9974091866250957,0.11188157857354097,tomato,True,True,,plantvillage,field_test
21493,0,0,0.9967350655602443,0.0809471491122139,tomato,True,True,,plantvillage,field_test
21505,0,0,0.9972226642596754,0.08374377525181997,tomato,True,True,,plantvillage,field_test
21521,0,0,0.9966479751038396,0.0916656538807612,tomato,True,True,,plantvillage,field_test
21526,20,20,0.9985063524634599,0.09468471852190852,pepper,True,True,,plantvillage,field_test
21532,20,20,0.9969610210460406,0.2076576095380025,pepper,True,True,,plantvillage,field_test
21534,20,20,0.9970405128820674,0.1825029989853837,pepper,True,True,,plantvillage,field_test
21544,20,20,0.9963347070265519,0.24427120140045422,pepper,True,True,,plantvillage,field_test
21545,20,20,0.9962444308129997,0.2160017721473403,pepper,True,True,,plantvillage,field_test
21548,20,20,0.9929275660374228,0.4056348251206303,pepper,True,True,,plantvillage,field_test
21551,20,20,0.9973350336065228,0.21083098069737272,pepper,True,True,,plantvillage,field_test
21571,19,19,0.9972294862374887,0.18799378333334515,pepper,True,True,,plantvillage,field_test
21574,19,19,0.9966700249733617,0.07327954010078253,pepper,True,True,,plantvillage,field_test
21582,19,19,0.9953601643929378,0.1400295350714289,pepper,True,True,,plantvillage,field_test
21589,20,20,0.9860907575082961,0.2884803415057945,pepper,True,True,,plantvillage,field_test
21594,20,20,0.995987736132569,0.19612284821137838,pepper,True,True,,plantvillage,field_test
21596,20,20,0.9900486314766114,0.31211853891594565,pepper,True,True,,plantvillage,field_test
21597,19,19,0.9974045949646775,0.0673469813347255,pepper,True,True,,plantvillage,field_test
21636,20,20,0.9966124026835068,0.1336797883624644,pepper,True,True,,plantvillage,field_test
21652,20,20,0.9938108899865394,0.3013253636472676,pepper,True,True,,plantvillage,field_test
21654,20,20,0.9930862878919529,0.30189297386780967,pepper,True,True,,plantvillage,field_test
21655,20,20,0.996715813811115,0.15203793145250055,pepper,True,True,,plantvillage,field_test
21660,20,20,0.9938188151836778,0.174553138245213,pepper,True,True,,plantvillage,field_test
21663,20,20,0.9839736479531771,0.39643350933040755,pepper,True,True,,plantvillage,field_test
21672,20,20,0.9895626907464485,0.2648509062342841,pepper,True,True,,plantvillage,field_test
21688,20,20,0.995230909134266,0.23571868960868525,pepper,True,True,,plantvillage,field_test
21702,20,20,0.9856793296137878,0.26523409917826424,pepper,True,True,,plantvillage,field_test
21703,20,20,0.9982304893907731,0.17304052870439213,pepper,True,True,,plantvillage,field_test
21707,1,1,0.9974846654722076,0.2702130190157459,tomato,True,True,,plantvillage,field_test
21709,0,0,0.9870892413452615,0.14154366573049648,tomato,True,True,,plantvillage,field_test
21713,0,0,0.9886403595677367,0.14943542743142801,tomato,True,True,,plantvillage,field_test
21721,0,0,0.9829178835697625,0.19678387523263652,tomato,True,True,,plantvillage,field_test
21724,0,0,0.9969758126386165,0.060106181472256326,tomato,True,True,,plantvillage,field_test
21739,0,0,0.9969326542989778,0.06244602064820004,tomato,True,True,,plantvillage,field_test
21740,0,0,0.9977662840742803,0.03983402769837896,tomato,True,True,,plantvillage,field_test
21742,0,0,0.9964199370303636,0.08653606510200329,tomato,True,True,,plantvillage,field_test
21745,0,0,0.9979897221398724,0.0654233067975587,tomato,True,True,,plantvillage,field_test
21748,0,0,0.9966006486935413,0.10592480566067985,tomato,True,True,,plantvillage,field_test
21751,0,0,0.9962749616729513,0.09747376385179018,tomato,True,True,,plantvillage,field_test
21755,0,0,0.9887188124688524,0.18614709493536297,tomato,True,True,,plantvillage,field_test
21757,0,0,0.9977053397853062,0.062466469325065055,tomato,True,True,,plantvillage,field_test
21759,0,0,0.9941953240505411,0.13288867290387285,tomato,True,True,,plantvillage,field_test
21774,0,0,0.9973841270201735,0.039356037229422824,tomato,True,True,,plantvillage,field_test
21778,0,0,0.9952865910547346,0.132252471626783,tomato,True,True,,plantvillage,field_test
21787,0,0,0.9958524084686369,0.08413392986597201,tomato,True,True,,plantvillage,field_test
21788,0,0,0.9964567564542623,0.10507327200970562,tomato,True,True,,plantvillage,field_test
21792,0,0,0.9972707184105171,0.07941768314302822,tomato,True,True,,plantvillage,field_test
21794,0,0,0.9967763204376976,0.07870972142679578,tomato,True,True,,plantvillage,field_test
21799,0,0,0.9960361408733054,0.07827260362539135,tomato,True,True,,plantvillage,field_test
21800,0,0,0.997092746628705,0.07194736354458309,tomato,True,True,,plantvillage,field_test
21807,0,0,0.9952727160459623,0.0740912634018498,tomato,True,True,,plantvillage,field_test
21809,0,0,0.9965337584912521,0.15254091531453184,tomato,True,True,,plantvillage,field_test
21812,0,0,0.994686988080582,0.12843956656797217,tomato,True,True,,plantvillage,field_test
21820,0,0,0.9974411444870552,0.07159187109679488,tomato,True,True,,plantvillage,field_test
21823,0,0,0.997313804225334,0.13368504944201642,tomato,True,True,,plantvillage,field_test
21832,0,0,0.9915945007593244,0.17379376637059463,tomato,True,True,,plantvillage,field_test
21834,0,0,0.9974993519288231,0.11138418687838947,tomato,True,True,,plantvillage,field_test
21846,0,0,0.9960994419209572,0.12646843693994947,tomato,True,True,,plantvillage,field_test
21851,0,0,0.9955559744401219,0.08691154221823627,tomato,True,True,,plantvillage,field_test
21861,0,0,0.9952832383391509,0.1513732537721657,tomato,True,True,,plantvillage,field_test
21863,0,0,0.997192152670617,0.05123191267414118,tomato,True,True,,plantvillage,field_test
21882,0,0,0.9861630941950383,0.23808003317126591,tomato,True,True,,plantvillage,field_test
21892,0,0,0.9903251874902246,0.3055808718207259,tomato,True,True,,plantvillage,field_test
21893,0,0,0.9974337982193948,0.068639139159274,tomato,True,True,,plantvillage,field_test
21900,0,0,0.9971405067680562,0.0829384151675866,tomato,True,True,,plantvillage,field_test
21901,0,0,0.9981202079351986,0.06561934908881195,tomato,True,True,,plantvillage,field_test
21902,0,0,0.9954590141489419,0.10487835172929627,tomato,True,True,,plantvillage,field_test
21904,0,0,0.9983662852465081,0.10196628989379575,tomato,True,True,,plantvillage,field_test
21907,0,0,0.9951545354997776,0.12718057180110554,tomato,True,True,,plantvillage,field_test
21908,0,0,0.9587075926173133,0.3285485712008087,tomato,True,True,,plantvillage,field_test
21913,0,0,0.9965241161628542,0.09033605415876678,tomato,True,True,,plantvillage,field_test
21915,0,0,0.9972311373308832,0.0657303376802153,tomato,True,True,,plantvillage,field_test
21916,0,0,0.9943250629894741,0.1611495625136694,tomato,True,True,,plantvillage,field_test
21926,0,0,0.9955908243822291,0.17348387525294995,tomato,True,True,,plantvillage,field_test
21929,0,0,0.8064600933987567,0.4611937098740153,tomato,True,True,,plantvillage,field_test
21940,0,0,0.9951593458038939,0.11561662935612738,tomato,True,True,,plantvillage,field_test
21946,0,0,0.9958612336475878,0.09229746407252948,tomato,True,True,,plantvillage,field_test
21958,0,0,0.995025903564463,0.18851250384446083,tomato,True,True,,plantvillage,field_test
21960,0,0,0.993472104296966,0.15082755929665703,tomato,True,True,,plantvillage,field_test
21961,0,0,0.9963400403997359,0.0946470272176878,tomato,True,True,,plantvillage,field_test
21969,0,0,0.998191686149753,0.08605354179582103,tomato,True,True,,plantvillage,field_test
21972,0,0,0.9968381681729663,0.06978945575876194,tomato,True,True,,plantvillage,field_test
21973,0,0,0.9984142010520258,0.04413448842316181,tomato,True,True,,plantvillage,field_test
22003,1,1,0.9955716330563263,0.27232381029576347,tomato,True,True,,plantvillage,field_test
22020,1,1,0.9026465447289408,0.4124817426013233,tomato,True,True,,plantvillage,field_test
22021,1,5,0.5144184177137868,0.48320508371332893,tomato,True,True,,plantvillage,field_test
22035,1,1,0.9933432177046758,0.17083735288186241,tomato,True,True,,plantvillage,field_test
22042,1,1,0.9808887408306228,0.3346616084637333,tomato,True,True,,plantvillage,field_test
22043,1,1,0.9952353010336589,0.10549179296647426,tomato,True,True,,plantvillage,field_test
22056,32,32,0.9935997315525447,0.1187777100042191,strawberry,True,True,,plantvillage,field_test
22065,32,32,0.9926054367556946,0.06875381851790352,strawberry,True,True,,plantvillage,field_test
22085,32,32,0.9964035292376471,0.025284683371742167,strawberry,True,True,,plantvillage,field_test
22089,32,32,0.9970474325537383,0.01625690511775224,strawberry,True,True,,plantvillage,field_test
22097,32,32,0.9970634972508204,0.06144764803848213,strawberry,True,True,,plantvillage,field_test
22100,32,32,0.9961809120979271,0.07470617515260058,strawberry,True,True,,plantvillage,field_test
22104,32,32,0.9953065718855425,0.04930348597826939,strawberry,True,True,,plantvillage,field_test
22117,1,1,0.9912531585807063,0.32233248488012,tomato,True,True,,plantvillage,field_test
22119,1,1,0.99826072592231,0.1105949744478183,tomato,True,True,,plantvillage,field_test
22141,32,32,0.9956287651784461,0.03532670908901814,strawberry,True,True,,plantvillage,field_test
22152,1,1,0.9975359245452304,0.13312841381509333,tomato,True,True,,plantvillage,field_test
22161,1,1,0.9979059802275578,0.12735381742727014,tomato,True,True,,plantvillage,field_test
22163,1,1,0.9702277035272199,0.26444793253659393,tomato,True,True,,plantvillage,field_test
22164,1,1,0.987394562545454,0.18348300302887366,tomato,True,True,,plantvillage,field_test
22170,1,1,0.9816928210985354,0.21722919774928018,tomato,True,True,,plantvillage,field_test
22173,1,1,0.9848174036214786,0.19291550883007114,tomato,True,True,,plantvillage,field_test
22174,1,1,0.9985960442700661,0.08183211893587683,tomato,True,True,,plantvillage,field_test
22193,1,1,0.9953048660722614,0.2029036173430092,tomato,True,True,,plantvillage,field_test
22194,1,1,0.9983087094121041,0.11607313233693373,tomato,True,True,,plantvillage,field_test
22195,1,1,0.9538449757827263,0.2757891834710552,tomato,True,True,,plantvillage,field_test
22196,1,1,0.9980047908096993,0.09608476802631816,tomato,True,True,,plantvillage,field_test
22204,1,1,0.998641387048174,0.11327296723486335,tomato,True,True,,plantvillage,field_test
22213,1,1,0.9705705417051302,0.36683620469497336,tomato,True,True,,plantvillage,field_test
22216,1,1,0.918503753732309,0.26906773115964655,tomato,True,True,,plantvillage,field_test
22222,1,1,0.9840101387988456,0.22877595862839795,tomato,True,True,,plantvillage,field_test
22224,1,1,0.9804445919272965,0.23494868190119056,tomato,True,True,,plantvillage,field_test
22233,1,1,0.9981513907961261,0.09224630349521012,tomato,True,True,,plantvillage,field_test
22237,1,1,0.9958137887256036,0.20762631099324458,tomato,True,True,,plantvillage,field_test
22242,1,1,0.9907563536108669,0.22621446119387212,tomato,True,True,,plantvillage,field_test
22261,1,1,0.996531009644884,0.17396685671211198,tomato,True,True,,plantvillage,field_test
22262,1,1,0.9755656063640115,0.5218132142065266,tomato,True,True,,plantvillage,field_test
22268,1,1,0.9057370619213047,0.3568182582570043,tomato,True,True,,plantvillage,field_test
22271,1,1,0.9922224805884886,0.24699155413574547,tomato,True,True,,plantvillage,field_test
22277,19,19,0.9989929487077398,0.0633994214753596,pepper,True,True,,plantvillage,field_test
22282,19,19,0.9981986035492414,0.12492363057872657,pepper,True,True,,plantvillage,field_test
22286,19,19,0.9952972001727306,0.09829876875254406,pepper,True,True,,plantvillage,field_test
22288,19,19,0.9958187534155887,0.0718810374487524,pepper,True,True,,plantvillage,field_test
22293,19,19,0.9891700741007864,0.2043560760307892,pepper,True,True,,plantvillage,field_test
22312,19,19,0.5842930484146232,0.4102562585732924,pepper,True,True,,plantvillage,field_test
22315,19,19,0.9936025906101861,0.15084746374275304,pepper,True,True,,plantvillage,field_test
22317,19,19,0.9979068853667824,0.05718319877880618,pepper,True,True,,plantvillage,field_test
22320,19,19,0.9874618528787721,0.22360329639850252,pepper,True,True,,plantvillage,field_test
22331,19,19,0.928300899938285,0.36382982044518175,pepper,True,True,,plantvillage,field_test
22338,19,19,0.995058199719556,0.139178485591261,pepper,True,True,,plantvillage,field_test
22339,19,19,0.9973215394390422,0.08162755354550577,pepper,True,True,,plantvillage,field_test
22351,19,19,0.9985148559183578,0.08111993993286726,pepper,True,True,,plantvillage,field_test
22359,19,19,0.9982720790381252,0.07398485364187213,pepper,True,True,,plantvillage,field_test
22360,19,19,0.9927203182316394,0.2780177396519138,pepper,True,True,,plantvillage,field_test
22362,19,19,0.9976964822076663,0.18839775820800497,pepper,True,True,,plantvillage,field_test
22365,19,19,0.995372593154853,0.2314806308827635,pepper,True,True,,plantvillage,field_test
22367,19,19,0.9969361369187689,0.06316208911264198,pepper,True,True,,plantvillage,field_test
22372,19,19,0.9974221661477382,0.10669380797137962,pepper,True,True,,plantvillage,field_test
22379,19,19,0.9986784341714249,0.062053240584862834,pepper,True,True,,plantvillage,field_test
22386,19,19,0.9966847881059263,0.2362406810913028,pepper,True,True,,plantvillage,field_test
22390,19,19,0.9983112166494544,0.05897776836115676,pepper,True,True,,plantvillage,field_test
22394,19,19,0.998448473795647,0.04382213836043314,pepper,True,True,,plantvillage,field_test
22399,19,19,0.9907366630879686,0.21096073174403407,pepper,True,True,,plantvillage,field_test
22400,19,19,0.9971882987405879,0.05635616712866165,pepper,True,True,,plantvillage,field_test
22402,19,19,0.5177302302366364,0.5206429412569047,pepper,True,True,,plantvillage,field_test
22403,19,19,0.9975782132446123,0.12181473970329115,pepper,True,True,,plantvillage,field_test
22407,19,19,0.9955817327226371,0.11834392670060123,pepper,True,True,,plantvillage,field_test
22410,19,19,0.9979120593664761,0.07659201021165285,pepper,True,True,,plantvillage,field_test
22411,19,19,0.9959953641670848,0.14804963995338316,pepper,True,True,,plantvillage,field_test
22425,33,33,0.9964702906245562,0.08531036006857573,strawberry,True,True,,plantvillage,field_test
22443,33,33,0.9894938803295743,0.052538448275447514,strawberry,True,True,,plantvillage,field_test
22445,33,33,0.9988883524007826,0.06358562989374716,strawberry,True,True,,plantvillage,field_test
22446,33,33,0.9912908360078216,0.0761220078427225,strawberry,True,True,,plantvillage,field_test
22459,33,33,0.9939301642042119,0.07816196798588293,strawberry,True,True,,plantvillage,field_test
22466,33,33,0.9974986681118473,0.1430300810820475,strawberry,True,True,,plantvillage,field_test
22473,33,33,0.9944600048962142,0.028687923469657983,strawberry,True,True,,plantvillage,field_test
22476,33,33,0.9959376196298857,0.11700836428418682,strawberry,True,True,,plantvillage,field_test
22478,33,33,0.9936678614833401,0.12771925452799482,strawberry,True,True,,plantvillage,field_test
22488,33,33,0.9987664018714736,0.06772813177098125,strawberry,True,True,,plantvillage,field_test
22499,33,33,0.995689312247835,0.1346734590069001,strawberry,True,True,,plantvillage,field_test
22500,33,33,0.991805171698819,0.10266739499653887,strawberry,True,True,,plantvillage,field_test
22506,33,33,0.9977871516679376,0.09060540770860492,strawberry,True,True,,plantvillage,field_test
22515,33,33,0.9953888211043355,0.1820685488333107,strawberry,True,True,,plantvillage,field_test
22517,33,33,0.9968854126446087,0.06513002767558085,strawberry,True,True,,plantvillage,field_test
22538,33,33,0.994935238971011,0.19071265177560925,strawberry,True,True,,plantvillage,field_test
22545,33,33,0.9964997020762139,0.1801567068463279,strawberry,True,True,,plantvillage,field_test
22554,33,33,0.989622825817758,0.08641817590547052,strawberry,True,True,,plantvillage,field_test
22556,33,33,0.992633255696242,0.23985562455087894,strawberry,True,True,,plantvillage,field_test
22565,33,33,0.9983523247767606,0.12044434579164609,strawberry,True,True,,plantvillage,field_test
22567,33,33,0.9938508627448462,0.10291136540508883,strawberry,True,True,,plantvillage,field_test
22576,33,33,0.9946713848772444,0.15824326749919004,strawberry,True,True,,plantvillage,field_test
22577,33,33,0.996197000713857,0.0899554805318421,strawberry,True,True,,plantvillage,field_test
22614,21,21,0.9752444971930522,0.10111072122635134,pepper,True,True,,pepper_field,field_test
22616,21,21,0.9960947840860273,0.0682101859487163,pepper,True,True,,pepper_field,field_test
22634,21,21,0.9943290393084672,0.10894800996404963,pepper,True,True,,pepper_field,field_test
22639,21,21,0.9939678825551796,0.12385149515943117,pepper,True,True,,pepper_field,field_test
22640,21,21,0.9948677926904937,0.1071417027780126,pepper,True,True,,pepper_field,field_test
22647,21,21,0.9846051242469583,0.15738593900959463,pepper,True,True,,pepper_field,field_test
22661,21,21,0.9860891330864259,0.12041848018259738,pepper,True,True,,pepper_field,field_test
22663,21,21,0.947128770865483,0.15060249151540417,pepper,True,True,,pepper_field,field_test
22664,21,21,0.9897710631898834,0.1596636167515434,pepper,True,True,,pepper_field,field_test
22666,21,21,0.9960849709457366,0.08780838946084424,pepper,True,True,,pepper_field,field_test
22667,21,21,0.9965146428248165,0.06453392281816428,pepper,True,True,,pepper_field,field_test
22680,21,21,0.9804526904778509,0.15231896442890314,pepper,True,True,,pepper_field,field_test
22684,21,21,0.9965066445647258,0.06551024492251367,pepper,True,True,,pepper_field,field_test
22690,21,21,0.9880613301243919,0.14049237097513556,pepper,True,True,,pepper_field,field_test
22704,21,21,0.9969508167427468,0.060087410903278515,pepper,True,True,,pepper_field,field_test
22718,21,21,0.929696440993676,0.23107101992234258,pepper,True,True,,pepper_field,field_test
22719,21,21,0.9436965342210135,0.35895896854433673,pepper,True,True,,pepper_field,field_test
22727,21,0,0.0,,pepper,False,False,image_too_blurry,pepper_field,field_test
22733,21,22,0.7404202269445885,0.38668666479667135,pepper,True,True,,pepper_field,field_test
22763,21,21,0.557410540420941,0.45001136572011613,pepper,True,True,,pepper_field,field_test
22767,21,21,0.9322147394319514,0.3900184489058628,pepper,True,True,,pepper_field,field_test
22783,21,21,0.9951946058949612,0.1357008034737155,pepper,True,True,,pepper_field,field_test
22784,21,21,0.9973827180639787,0.08496592358960031,pepper,False,True,out_of_distribution,pepper_field,field_test
22785,21,21,0.9233570760433305,0.29106136426965046,pepper,True,True,,pepper_field,field_test
22804,21,21,0.9897728874880591,0.24615103580631748,pepper,True,True,,pepper_field,field_test
22814,21,21,0.9920560659586174,0.2620885065002534,pepper,True,True,,pepper_field,field_test
22845,21,21,0.9855246517155517,0.15399346295617833,pepper,True,True,,pepper_field,field_test
22869,21,21,0.9972429042443518,0.06357151797117078,pepper,False,True,out_of_distribution,pepper_field,field_test
22878,21,21,0.9946024959523152,0.09274106517025849,pepper,True,True,,pepper_field,field_test
22879,21,21,0.8077791357173911,0.22728343852722466,pepper,True,True,,pepper_field,field_test
22884,21,21,0.9855941365493892,0.12947623621945548,pepper,True,True,,pepper_field,field_test
22890,21,21,0.775985595728991,0.2565506564267296,pepper,True,True,,pepper_field,field_test
22930,21,21,0.9919870997841453,0.12929005563001128,pepper,True,True,,pepper_field,field_test
22936,21,21,0.9938228481172673,0.15029276939711134,pepper,True,True,,pepper_field,field_test
22955,21,21,0.994123906746715,0.11988125766889612,pepper,True,True,,pepper_field,field_test
22956,21,21,0.9895620210875266,0.11333251638338804,pepper,True,True,,pepper_field,field_test
22963,21,21,0.9920791797028875,0.1395504928288891,pepper,True,True,,pepper_field,field_test
22964,21,21,0.988655641104927,0.1443143199121929,pepper,True,True,,pepper_field,field_test
22988,21,21,0.9880782030522719,0.1227080014953521,pepper,True,True,,pepper_field,field_test
23025,21,21,0.9928629810223878,0.09421497986718219,pepper,True,True,,pepper_field,field_test
23037,21,21,0.996344842449751,0.09312402063250658,pepper,True,True,,pepper_field,field_test
23045,21,21,0.91995550294293,0.25121939242327973,pepper,True,True,,pepper_field,field_test
23054,21,21,0.9872287479915212,0.08738930830271785,pepper,True,True,,pepper_field,field_test
23084,21,21,0.9960992836371391,0.07028627037308288,pepper,True,True,,pepper_field,field_test
23088,21,21,0.8920269645114951,0.2038675896677229,pepper,True,True,,pepper_field,field_test
23093,21,21,0.9913204566807724,0.1394661969101676,pepper,False,True,out_of_distribution,pepper_field,field_test
23099,21,21,0.9954271351368175,0.140987813764198,pepper,True,True,,pepper_field,field_test
23113,21,21,0.9946726097000681,0.10250014562258636,pepper,True,True,,pepper_field,field_test
23115,21,21,0.9947729158886928,0.06431345439345626,pepper,True,True,,pepper_field,field_test
23130,21,21,0.9966815086365706,0.07732575581734713,pepper,True,True,,pepper_field,field_test
23132,21,21,0.9914468436571974,0.08670136688155661,pepper,True,True,,pepper_field,field_test
23139,21,21,0.975572775580741,0.1630170070468635,pepper,True,True,,pepper_field,field_test
23140,21,21,0.9936771139890629,0.09700166110559749,pepper,True,True,,pepper_field,field_test
23151,21,21,0.9860042803230543,0.22565782744288354,pepper,True,True,,pepper_field,field_test
23161,21,21,0.9906621532200581,0.20318733577957881,pepper,False,True,out_of_distribution,pepper_field,field_test
23163,21,21,0.9945412080407574,0.09317030985598018,pepper,True,True,,pepper_field,field_test
23179,21,21,0.9955562974621615,0.07299940376026914,pepper,True,True,,pepper_field,field_test
23180,21,21,0.9796060730448645,0.18408768885541726,pepper,True,True,,pepper_field,field_test
23183,21,21,0.9864189378512899,0.15924144438798193,pepper,True,True,,pepper_field,field_test
23188,21,21,0.9905167487760458,0.08575304500174075,pepper,True,True,,pepper_field,field_test
23194,21,21,0.9948709027726464,0.10635784832762907,pepper,True,True,,pepper_field,field_test
23222,21,21,0.95430195989286,0.17098547336347403,pepper,True,True,,pepper_field,field_test
23223,21,21,0.9914747866070668,0.11236873814559689,pepper,True,True,,pepper_field,field_test
23239,21,0,0.0,,pepper,False,False,image_too_blurry,pepper_field,field_test
23250,21,21,0.8003876737594264,0.3170823372932605,pepper,True,True,,pepper_field,field_test
23255,21,21,0.8701574742045742,0.22017370263773928,pepper,True,True,,pepper_field,field_test
23272,21,21,0.9250427954955895,0.2527047569990517,pepper,True,True,,pepper_field,field_test
23288,21,21,0.909297948690466,0.2699820465360351,pepper,False,True,out_of_distribution,pepper_field,field_test
23289,21,21,0.8758147830938979,0.5772495780322691,pepper,True,True,,pepper_field,field_test
23297,21,21,0.9837274645365034,0.26719633428348977,pepper,True,True,,pepper_field,field_test
23318,21,19,0.5859657996510282,0.7023412513486562,pepper,True,True,,pepper_field,field_test
23321,21,21,0.8838018127133223,0.5706299525762799,pepper,True,True,,pepper_field,field_test
23332,21,21,0.9291017891843993,0.37060341545834574,pepper,True,True,,pepper_field,field_test
23337,21,21,0.9349805217318857,0.22838843301969813,pepper,True,True,,pepper_field,field_test
23349,21,21,0.7968039346414014,0.2740890828143191,pepper,True,True,,pepper_field,field_test
23362,21,21,0.9315289289657293,0.17644278224414278,pepper,True,True,,pepper_field,field_test
23366,21,21,0.9918439344223801,0.11564526333993908,pepper,True,True,,pepper_field,field_test
23370,21,21,0.9836587792289562,0.11037591991731754,pepper,True,True,,pepper_field,field_test
23374,21,21,0.9676828108883982,0.16483732807237628,pepper,True,True,,pepper_field,field_test
23388,21,21,0.9949515430402821,0.053829000912028135,pepper,True,True,,pepper_field,field_test
23396,21,21,0.9951835327968174,0.15870551522129905,pepper,True,True,,pepper_field,field_test
23404,21,21,0.9942720999079364,0.08230544984471222,pepper,True,True,,pepper_field,field_test
23413,21,21,0.9820464424572,0.15671843118648165,pepper,True,True,,pepper_field,field_test
23420,21,21,0.9915447670627217,0.07565297917101343,pepper,True,True,,pepper_field,field_test
23431,21,21,0.973331348442177,0.17536585072015365,pepper,True,True,,pepper_field,field_test
23433,21,21,0.9524419944823592,0.18380227613307865,pepper,True,True,,pepper_field,field_test
23435,21,21,0.9272006929188485,0.24601377855856654,pepper,True,True,,pepper_field,field_test
23442,21,21,0.9113379234902695,0.16735276266800359,pepper,True,True,,pepper_field,field_test
23452,21,21,0.9780782737173145,0.209310703519203,pepper,True,True,,pepper_field,field_test
23470,22,22,0.9945864130172628,0.19101328994553723,pepper,True,True,,pepper_field,field_test
23483,22,22,0.9939343494976772,0.13575273789714148,pepper,True,True,,pepper_field,field_test
23489,22,0,0.0,,pepper,False,False,image_too_blurry,pepper_field,field_test
23503,22,22,0.9980001954410817,0.08294330900770597,pepper,True,True,,pepper_field,field_test
23504,22,22,0.9956170327106709,0.10454836657322697,pepper,True,True,,pepper_field,field_test
23505,22,22,0.9891059827268653,0.15366046281789847,pepper,True,True,,pepper_field,field_test
23509,22,22,0.997756250597195,0.09625633750790596,pepper,True,True,,pepper_field,field_test
23518,22,22,0.9959011318473364,0.09464589032056137,pepper,True,True,,pepper_field,field_test
23519,22,22,0.9981148384232352,0.13707846047452144,pepper,True,True,,pepper_field,field_test
23530,22,22,0.9926248129292972,0.12683053453023185,pepper,True,True,,pepper_field,field_test
23561,22,22,0.9975570975579794,0.13967924482533256,pepper,True,True,,pepper_field,field_test
23567,22,22,0.9963032031383279,0.13758444445741302,pepper,True,True,,pepper_field,field_test
23569,22,22,0.9925916040174151,0.290069271125857,pepper,True,True,,pepper_field,field_test
23574,22,22,0.995718593286953,0.22315316561166332,pepper,True,True,,pepper_field,field_test
23582,22,22,0.9976639614725842,0.11113896826503034,pepper,True,True,,pepper_field,field_test
23583,22,0,0.0,,pepper,False,False,image_too_blurry,pepper_field,field_test
23588,22,22,0.9960654428279204,0.1213615874901226,pepper,True,True,,pepper_field,field_test
23612,22,0,0.0,,pepper,False,False,image_too_blurry,pepper_field,field_test
23617,22,22,0.996655380475089,0.09964295762654496,pepper,True,True,,pepper_field,field_test
23619,22,22,0.9967840999292422,0.10757945513910161,pepper,True,True,,pepper_field,field_test
23621,22,22,0.9967378933377732,0.07850713022630962,pepper,True,True,,pepper_field,field_test
23650,22,22,0.9884793826475282,0.4882859146625784,pepper,True,True,,pepper_field,field_test
23659,22,22,0.9973936966792045,0.11298153400554023,pepper,True,True,,pepper_field,field_test
23663,22,22,0.9970870623314513,0.12209722969390047,pepper,True,True,,pepper_field,field_test
23669,22,22,0.9973030252558209,0.07749859547226912,pepper,True,True,,pepper_field,field_test
23671,22,22,0.9938633514146019,0.14067885593571505,pepper,True,True,,pepper_field,field_test
23673,22,22,0.9982402688763348,0.1236471483671342,pepper,True,True,,pepper_field,field_test
23679,22,22,0.9978084880638509,0.10386647542130123,pepper,True,True,,pepper_field,field_test
23686,22,22,0.9981343155256106,0.10583292838622627,pepper,True,True,,pepper_field,field_test
23687,22,22,0.9870802094891485,0.49154504896733076,pepper,True,True,,pepper_field,field_test
23698,22,22,0.9905340134151961,0.4631898921042392,pepper,True,True,,pepper_field,field_test
23708,22,22,0.995573767689629,0.1647038119503057,pepper,True,True,,pepper_field,field_test
23709,22,22,0.9949866557477417,0.26172774103106167,pepper,True,True,,pepper_field,field_test
23716,22,22,0.996864072349972,0.2093045966346505,pepper,True,True,,pepper_field,field_test
23721,22,22,0.9985257558826033,0.07669615264095264,pepper,True,True,,pepper_field,field_test
23734,22,22,0.9976237833550402,0.08051714609228933,pepper,True,True,,pepper_field,field_test
23765,22,22,0.9987865640974164,0.08185609308212527,pepper,True,True,,pepper_field,field_test
23775,22,20,0.9783715434876327,0.5147721607394098,pepper,True,True,,pepper_field,field_test
23779,22,22,0.9812963057632855,0.23787795881734075,pepper,True,True,,pepper_field,field_test
23785,22,22,0.9778081147003524,0.2781149560356776,pepper,True,True,,pepper_field,field_test
23791,22,22,0.9974423291872868,0.12516135458911193,pepper,True,True,,pepper_field,field_test
23798,22,22,0.9985449023677386,0.1151176342983955,pepper,True,True,,pepper_field,field_test
23815,22,22,0.9984687552386805,0.10309362472733519,pepper,True,True,,pepper_field,field_test
23835,22,22,0.9969590525537028,0.06886475637032352,pepper,True,True,,pepper_field,field_test
23848,22,22,0.9890384093719833,0.3020465031376187,pepper,True,True,,pepper_field,field_test
23870,22,22,0.9925845564139125,0.1664114307418454,pepper,True,True,,pepper_field,field_test
23874,22,0,0.0,,pepper,False,False,image_too_blurry,pepper_field,field_test
23875,22,22,0.9932772867327979,0.13734118851936516,pepper,True,True,,pepper_field,field_test
23894,22,22,0.9977466207733221,0.08856732447094573,pepper,True,True,,pepper_field,field_test
23896,22,22,0.9960874225348834,0.13106962329603933,pepper,True,True,,pepper_field,field_test
23905,22,22,0.9964926198695903,0.09801627601861862,pepper,True,True,,pepper_field,field_test
23923,22,22,0.9854531110539388,0.19853516073572464,pepper,True,True,,pepper_field,field_test
23951,21,21,0.9844571118068441,0.13678404949855594,pepper,True,True,,pepper_field,field_test
23957,21,21,0.9902642168964821,0.11374822597798107,pepper,False,True,out_of_distribution,pepper_field,field_test
23965,21,21,0.996229563486441,0.15141372117888663,pepper,True,True,,pepper_field,field_test
23967,21,21,0.98359855132328,0.18712281702636568,pepper,True,True,,pepper_field,field_test
23974,21,21,0.9943899484238536,0.05365452749318733,pepper,True,True,,pepper_field,field_test
23980,21,21,0.9316734559730092,0.23480932784965947,pepper,True,True,,pepper_field,field_test
23987,21,21,0.986957190838231,0.12896793104170945,pepper,True,True,,pepper_field,field_test
23998,21,21,0.9849510528549743,0.2218244283741978,pepper,True,True,,pepper_field,field_test
24063,21,21,0.990472306045801,0.06783822803637862,pepper,True,True,,pepper_field,field_test
24069,21,21,0.9487112021707174,0.2840007786254807,pepper,True,True,,pepper_field,field_test
24071,21,21,0.9919219319366913,0.12453025801926665,pepper,True,True,,pepper_field,field_test
24072,21,21,0.990038629773088,0.12401399655349177,pepper,True,True,,pepper_field,field_test
24092,21,21,0.9875372082000505,0.10564874395400836,pepper,True,True,,pepper_field,field_test
24093,21,21,0.990309740344367,0.10689996076921537,pepper,True,True,,pepper_field,field_test
24097,21,21,0.9953971779947608,0.08195442578145229,pepper,True,True,,pepper_field,field_test
24114,21,21,0.9808688195303972,0.19162913012368277,pepper,True,True,,pepper_field,field_test
24128,21,21,0.9951708680462606,0.078125925425796,pepper,True,True,,pepper_field,field_test
24164,21,21,0.983974039096307,0.13454301423708115,pepper,True,True,,pepper_field,field_test
24170,21,21,0.9736910190245355,0.2552117998808294,pepper,True,True,,pepper_field,field_test
24180,22,22,0.9968581962052521,0.12971149055703524,pepper,True,True,,pepper_field,field_test
24185,22,22,0.9965524118624471,0.10391000681481533,pepper,True,True,,pepper_field,field_test
24214,22,0,0.0,,pepper,False,False,image_too_blurry,pepper_field,field_test
24220,22,22,0.9969653463478374,0.10786200364311682,pepper,True,True,,pepper_field,field_test
24247,22,22,0.9973789507753623,0.08506068622640794,pepper,True,True,,pepper_field,field_test
24250,22,22,0.9958072829281934,0.08723358917406565,pepper,True,True,,pepper_field,field_test
24266,22,22,0.9965361287860275,0.10746562510248436,pepper,True,True,,pepper_field,field_test
24287,22,22,0.9943323252514117,0.1093295401677683,pepper,True,True,,pepper_field,field_test
24290,22,22,0.9969678126751793,0.11955418979655685,pepper,True,True,,pepper_field,field_test
24293,21,21,0.9939811567594206,0.09273371516328233,pepper,True,True,,pepper_field,field_test
24296,21,21,0.9914128615970912,0.08852432536317667,pepper,True,True,,pepper_field,field_test
24307,21,21,0.995907381704315,0.05978246150033162,pepper,True,True,,pepper_field,field_test
24322,21,21,0.9849715866968023,0.1727873934728278,pepper,True,True,,pepper_field,field_test
24339,21,21,0.9862931184593873,0.12230936981236917,pepper,True,True,,pepper_field,field_test
24346,21,21,0.9909953363846487,0.08417448652543325,pepper,True,True,,pepper_field,field_test
24385,21,21,0.9824475948431745,0.17811708050475805,pepper,True,True,,pepper_field,field_test
24386,21,21,0.9909006279268499,0.07753334748893326,pepper,True,True,,pepper_field,field_test
24391,21,21,0.9945031718427283,0.06055180453795739,pepper,True,True,,pepper_field,field_test
24399,21,21,0.9957129877264095,0.11749123830155095,pepper,True,True,,pepper_field,field_test
24400,21,21,0.9955974665154843,0.05859503027063995,pepper,True,True,,pepper_field,field_test
24423,20,20,0.9959670730744274,0.2272140232769082,pepper,True,True,,pepper_field,field_test
24432,20,20,0.9905830697988152,0.2996460363464474,pepper,True,True,,pepper_field,field_test
24438,20,20,0.9634314331818965,0.4225533689825659,pepper,True,True,,pepper_field,field_test
24463,20,20,0.9967135449486095,0.22047020139316065,pepper,True,True,,pepper_field,field_test
24465,20,20,0.9830040875885446,0.29133290903613085,pepper,True,True,,pepper_field,field_test
24467,20,20,0.9968381039851282,0.22446663929740396,pepper,True,True,,pepper_field,field_test
24468,20,20,0.9965545439751385,0.2089739354375959,pepper,True,True,,pepper_field,field_test
24470,20,20,0.9821181683497878,0.30430595581762576,pepper,True,True,,pepper_field,field_test
24472,20,20,0.99671218536823,0.20834776575660952,pepper,True,True,,pepper_field,field_test
24509,20,20,0.9865416898768258,0.2693021155919302,pepper,True,True,,pepper_field,field_test
24514,20,20,0.9970606819780217,0.12256128056117777,pepper,True,True,,pepper_field,field_test
24515,20,20,0.9966238851607652,0.12466852545077545,pepper,True,True,,pepper_field,field_test
24516,20,20,0.9963702399837563,0.12821626620031168,pepper,True,True,,pepper_field,field_test
24522,20,20,0.9920522471250877,0.2240190907050965,pepper,True,True,,pepper_field,field_test
24539,20,20,0.9954100992613355,0.15452940764177825,pepper,True,True,,pepper_field,field_test
24541,20,20,0.9957563698630593,0.14142868783826912,pepper,True,True,,pepper_field,field_test
24545,20,20,0.9969745928091189,0.12459686321136698,pepper,True,True,,pepper_field,field_test
24553,20,20,0.9961476060831743,0.18119668426112345,pepper,True,True,,pepper_field,field_test
24557,20,20,0.994997389767324,0.20379806786745225,pepper,True,True,,pepper_field,field_test
24568,20,20,0.9971243796315291,0.18041584335588556,pepper,True,True,,pepper_field,field_test
24579,20,20,0.996911027572188,0.17144258308116056,pepper,True,True,,pepper_field,field_test
24584,20,20,0.9922381801514453,0.2882362009498416,pepper,True,True,,pepper_field,field_test
24617,20,20,0.9194148545939664,0.575980360274593,pepper,True,True,,pepper_field,field_test
24632,20,20,0.9978488835847106,0.15343733887715305,pepper,True,True,,pepper_field,field_test
24662,20,20,0.9981180918669673,0.1492389163234934,pepper,True,True,,pepper_field,field_test
24674,20,20,0.9981415011545071,0.14676597893357712,pepper,True,True,,pepper_field,field_test
24681,20,20,0.9983260800217286,0.13949025679145677,pepper,True,True,,pepper_field,field_test
24693,20,20,0.9976756588891543,0.16275885640764587,pepper,True,True,,pepper_field,field_test
24723,20,20,0.9946209960004293,0.29672186334291895,pepper,True,True,,pepper_field,field_test
24724,20,20,0.9946849980181969,0.36529008035115673,pepper,True,True,,pepper_field,field_test
24733,20,20,0.9967979791426486,0.22221644637766091,pepper,True,True,,pepper_field,field_test
24739,20,20,0.9896037070272331,0.27168080068875544,pepper,True,True,,pepper_field,field_test
24746,20,20,0.9983508791312807,0.12102141864930871,pepper,True,True,,pepper_field,field_test
24774,20,20,0.9965649056212171,0.14389524818607446,pepper,True,True,,pepper_field,field_test
24777,20,20,0.9969716581588498,0.13973438699707397,pepper,True,True,,pepper_field,field_test
24778,20,20,0.997566663268693,0.11342462940437692,pepper,True,True,,pepper_field,field_test
24785,20,19,0.9897608588897274,0.48670196712595704,pepper,True,True,,pepper_field,field_test
24787,20,20,0.9957609428067767,0.14625293576758547,pepper,True,True,,pepper_field,field_test
24799,20,20,0.9906562324993373,0.3741446484610762,pepper,True,True,,pepper_field,field_test
24804,20,20,0.9974500980685613,0.11197900067307875,pepper,True,True,,pepper_field,field_test
24805,20,20,0.9958625985972671,0.1352692740259036,pepper,True,True,,pepper_field,field_test
24835,20,20,0.9920003670111218,0.3689663268252643,pepper,True,True,,pepper_field,field_test
24838,20,19,0.7658424376309493,0.5357484305818223,pepper,True,True,,pepper_field,field_test
24852,20,20,0.9681929469714167,0.2640164184567475,pepper,True,True,,pepper_field,field_test
24853,20,20,0.9957154444172195,0.1734211566995849,pepper,True,True,,pepper_field,field_test
24854,20,20,0.9825987014191064,0.2611064600884332,pepper,True,True,,pepper_field,field_test
24855,20,20,0.9810119605037572,0.36913033028922015,pepper,True,True,,pepper_field,field_test
24856,20,20,0.7187521000048932,0.31752114902741646,pepper,True,True,,pepper_field,field_test
24859,20,20,0.9447486728941442,0.2890419644576536,pepper,True,True,,pepper_field,field_test
24860,20,20,0.995205173221025,0.1784210481262143,pepper,True,True,,pepper_field,field_test
24870,20,20,0.9706038488360353,0.5033294219766283,pepper,True,True,,pepper_field,field_test
24871,20,20,0.9956703328718673,0.17205538033831247,pepper,True,True,,pepper_field,field_test
24872,20,20,0.9942027326538992,0.20111874092106596,pepper,True,True,,pepper_field,field_test
24877,20,20,0.9861320118131686,0.3342234850292797,pepper,True,True,,pepper_field,field_test
24878,20,20,0.9716067216467277,0.2509333218842946,pepper,True,True,,pepper_field,field_test
24885,20,20,0.9656849806589516,0.25331311735518725,pepper,True,True,,pepper_field,field_test
24893,20,20,0.956041728509745,0.2570224426920664,pepper,True,True,,pepper_field,field_test
24904,20,20,0.9899489349787457,0.3116406464636394,pepper,True,True,,pepper_field,field_test
24910,20,20,0.9417067003788646,0.5728993265476863,pepper,True,True,,pepper_field,field_test
24912,20,20,0.8971033205214836,0.5737381640669252,pepper,True,True,,pepper_field,field_test
24937,20,20,0.9981821028206558,0.12831862347509682,pepper,True,True,,pepper_field,field_test
24938,20,20,0.9984672967195504,0.12039454740492816,pepper,True,True,,pepper_field,field_test
24939,20,20,0.9982325993005754,0.10401464260192972,pepper,True,True,,pepper_field,field_test
24940,20,20,0.9848716909595708,0.28273897756835775,pepper,True,True,,pepper_field,field_test
24949,20,20,0.9844847867358707,0.28353050725890805,pepper,True,True,,pepper_field,field_test
24955,20,20,0.9655991975629319,0.5259284850800596,pepper,True,True,,pepper_field,field_test
24976,20,20,0.9501261246444068,0.4702426093303097,pepper,True,True,,pepper_field,field_test
24977,20,20,0.9787459705847299,0.44286124575288977,pepper,True,True,,pepper_field,field_test
24978,20,20,0.9831920022317642,0.4457597019746484,pepper,True,True,,pepper_field,field_test
24980,20,20,0.9675666697790727,0.5136056697669094,pepper,True,True,,pepper_field,field_test
24984,20,20,0.9918501896074146,0.3792400827586655,pepper,True,True,,pepper_field,field_test
25002,21,21,0.995820607558121,0.0877246173477173,pepper,True,True,,pepper_field,field_test
25003,21,21,0.9784673375334353,0.2061610806037537,pepper,True,True,,pepper_field,field_test
25009,21,21,0.9951585090927736,0.051641649919564436,pepper,False,True,out_of_distribution,pepper_field,field_test
25011,21,21,0.9973431508195815,0.08107798275476674,pepper,True,True,,pepper_field,field_test
25013,21,21,0.9912399193490482,0.0788723774432587,pepper,True,True,,pepper_field,field_test
25029,21,21,0.9921335592354735,0.16087239760947114,pepper,True,True,,pepper_field,field_test
25031,21,21,0.991045877443492,0.1895382542398394,pepper,True,True,,pepper_field,field_test
25052,21,21,0.9958154939429328,0.09376192603111311,pepper,True,True,,pepper_field,field_test
25054,21,21,0.9949490472993725,0.0789844120623282,pepper,True,True,,pepper_field,field_test
25057,21,21,0.996491092568631,0.0814398363392379,pepper,True,True,,pepper_field,field_test
25077,21,21,0.9961909525365761,0.06956424394285565,pepper,True,True,,pepper_field,field_test
25083,21,21,0.9950909407853998,0.06754117461395415,pepper,True,True,,pepper_field,field_test
25128,21,21,0.9967916849806843,0.08885806720030331,pepper,True,True,,pepper_field,field_test
25134,21,21,0.910496065188678,0.21025541930910252,pepper,True,True,,pepper_field,field_test
25139,21,21,0.9806725995366248,0.1786034535117932,pepper,True,True,,pepper_field,field_test
25157,21,21,0.9890559060472887,0.11292328351617864,pepper,True,True,,pepper_field,field_test
25164,21,21,0.9942717198158181,0.06957119479828133,pepper,True,True,,pepper_field,field_test
25172,21,21,0.9546769474766531,0.22962564169380073,pepper,True,True,,pepper_field,field_test
25176,21,21,0.9947223309956108,0.10162537720244291,pepper,True,True,,pepper_field,field_test
25188,21,21,0.9941803171805244,0.09378199814737687,pepper,True,True,,pepper_field,field_test
25194,21,21,0.9948677473400914,0.12691171264538337,pepper,True,True,,pepper_field,field_test
25198,21,21,0.9453880364102101,0.2040031342526215,pepper,True,True,,pepper_field,field_test
25199,21,21,0.9954249873444628,0.08899245339736939,pepper,True,True,,pepper_field,field_test
25201,21,21,0.926894844918176,0.2003994947699268,pepper,True,True,,pepper_field,field_test
25236,21,21,0.9923038103148001,0.14634928492520394,pepper,True,True,,pepper_field,field_test
25249,21,21,0.981547350326606,0.20598504473752244,pepper,True,True,,pepper_field,field_test
25263,21,21,0.9950386111559323,0.13202352448760135,pepper,True,True,,pepper_field,field_test
25277,21,21,0.9960320324193676,0.0433401754745375,pepper,True,True,,pepper_field,field_test
25282,21,21,0.9943602038536036,0.05391918182510591,pepper,True,True,,pepper_field,field_test
25300,21,21,0.9926860285566695,0.08734504165293266,pepper,True,True,,pepper_field,field_test
25303,21,21,0.9906370861965619,0.0722764749770397,pepper,True,True,,pepper_field,field_test
25310,21,21,0.9794833550337122,0.10188859908668024,pepper,True,True,,pepper_field,field_test
25321,20,22,0.8082324379210153,0.5753876940674892,pepper,True,True,,pepper_field,field_test
25336,20,22,0.7263009815667156,0.6607302221010791,pepper,True,True,,pepper_field,field_test
25338,20,0,0.0,,pepper,False,False,image_too_blurry,pepper_field,field_test
25339,20,20,0.9782480250858162,0.6074144944188121,pepper,True,True,,pepper_field,field_test
25345,20,22,0.6051448617186531,0.5079638036597738,pepper,True,True,,pepper_field,field_test
25365,20,20,0.919519540246362,0.5218411685974726,pepper,True,True,,pepper_field,field_test
25371,20,22,0.8019058817602954,0.6557426791550462,pepper,True,True,,pepper_field,field_test
25387,20,20,0.987830198782072,0.2958347814891953,pepper,True,True,,pepper_field,field_test
25396,20,22,0.9893945350928421,0.29458150754739587,pepper,True,True,,pepper_field,field_test
25398,20,20,0.6285409122406039,0.6351685963119789,pepper,True,True,,pepper_field,field_test
25401,20,20,0.8391111142272668,0.6044249806546597,pepper,True,True,,pepper_field,field_test
25404,20,20,0.8677619030104458,0.5618174196548025,pepper,True,True,,pepper_field,field_test
25414,20,20,0.9965490894273833,0.16433144513403197,pepper,True,True,,pepper_field,field_test
25451,20,22,0.6556286396592585,0.6391440581554435,pepper,True,True,,pepper_field,field_test
25452,20,20,0.8480065040935065,0.602403183979419,pepper,True,True,,pepper_field,field_test
25455,20,20,0.7725208218600058,0.5320731676584238,pepper,True,True,,pepper_field,field_test
25486,20,20,0.9965766551047501,0.23364505746201591,pepper,True,True,,pepper_field,field_test
25512,20,20,0.9962615010943348,0.12980871178954867,pepper,True,True,,pepper_field,field_test
25513,20,20,0.9961176347636144,0.1303426575471407,pepper,True,True,,pepper_field,field_test
25514,20,20,0.9964815648642744,0.130084760037545,pepper,True,True,,pepper_field,field_test
25527,20,20,0.9967092016302097,0.19725088812313873,pepper,True,True,,pepper_field,field_test
25537,20,20,0.9631674244335321,0.3434598114671146,pepper,True,True,,pepper_field,field_test
25555,20,20,0.9650407774461066,0.365183924009741,pepper,True,True,,pepper_field,field_test
25564,20,22,0.807269584931398,0.6456014957934091,pepper,True,True,,pepper_field,field_test
25571,20,20,0.9742624314811411,0.31464347563832407,pepper,True,True,,pepper_field,field_test
25574,20,20,0.9900770970136915,0.29389247996830903,pepper,True,True,,pepper_field,field_test
25583,20,20,0.9980430963831312,0.1417857017655807,pepper,True,True,,pepper_field,field_test
25588,20,20,0.9980326187576999,0.14960117649356497,pepper,True,True,,pepper_field,field_test
25603,20,20,0.9575600053925349,0.3442464392278938,pepper,True,True,,pepper_field,field_test
25608,20,20,0.9820664829721677,0.3400173214685587,pepper,True,True,,pepper_field,field_test
25665,19,19,0.9940029489024038,0.1812511195656914,pepper,True,True,,pepper_field,field_test
25669,19,19,0.9842735594628139,0.48178284504903846,pepper,True,True,,pepper_field,field_test
25699,19,19,0.9988072601397013,0.0906783565747512,pepper,True,True,,pepper_field,field_test
25712,19,19,0.9925373795225191,0.25562533812605115,pepper,True,True,,pepper_field,field_test
25738,19,19,0.982511733012661,0.44286356348007505,pepper,True,True,,pepper_field,field_test
25744,19,19,0.9984804391864388,0.1051762555917396,pepper,True,True,,pepper_field,field_test
25745,19,19,0.9986691716193458,0.09111390186107349,pepper,True,True,,pepper_field,field_test
25756,19,19,0.9965956430901568,0.13896457561626985,pepper,True,True,,pepper_field,field_test
25760,19,19,0.9984542961817413,0.09264266679388933,pepper,True,True,,pepper_field,field_test
25773,19,19,0.9897520637709086,0.43036976279525563,pepper,True,True,,pepper_field,field_test
25776,19,19,0.9958702673404657,0.39634160951143205,pepper,True,True,,pepper_field,field_test
25792,19,19,0.9971318978495379,0.1371550052078312,pepper,True,True,,pepper_field,field_test
25799,19,19,0.9959555427265905,0.18345348223743863,pepper,True,True,,pepper_field,field_test
25828,19,19,0.9952893183460721,0.20724126348059224,pepper,True,True,,pepper_field,field_test
25841,19,19,0.9968067450263032,0.18112214487705136,pepper,True,True,,pepper_field,field_test
25842,19,19,0.988820962315805,0.2748394414748053,pepper,True,True,,pepper_field,field_test
25854,23,23,0.9966520559487073,0.08823246482309521,pepper,True,True,,pepper_field,field_test
25880,23,23,0.986548821520882,0.22822773767596605,pepper,True,True,,pepper_field,field_test
25882,23,23,0.9932338698885359,0.12081281848181824,pepper,True,True,,pepper_field,field_test
25918,23,23,0.9972480682199311,0.10314638337125803,pepper,True,True,,pepper_field,field_test
25927,23,23,0.9962841802759245,0.09793460004447141,pepper,True,True,,pepper_field,field_test
25947,23,23,0.9815536626879785,0.1777272253847132,pepper,True,True,,pepper_field,field_test
25953,23,23,0.9946893221875718,0.11710033845582268,pepper,True,True,,pepper_field,field_test
25971,23,23,0.9943019027393534,0.12193706133666882,pepper,True,True,,pepper_field,field_test
25979,23,23,0.9951267931000485,0.08639822360572103,pepper,True,True,,pepper_field,field_test
25993,23,23,0.9966233613594822,0.11947830425432504,pepper,True,True,,pepper_field,field_test
25996,23,23,0.9949434166315869,0.06714660333032452,pepper,True,True,,pepper_field,field_test
26013,23,23,0.997054189263522,0.09670373388218034,pepper,True,True,,pepper_field,field_test
26020,23,23,0.9966475808683789,0.05147098378299153,pepper,True,True,,pepper_field,field_test
26032,23,23,0.9958677509447842,0.1011249735689077,pepper,True,True,,pepper_field,field_test
26046,23,23,0.9787861998652769,0.22423443278589794,pepper,True,True,,pepper_field,field_test
26051,23,23,0.9944768974326238,0.1391666404780696,pepper,True,True,,pepper_field,field_test
26061,23,23,0.9965616258402328,0.04246425109939289,pepper,True,True,,pepper_field,field_test
26096,19,19,0.9920817746579897,0.3841937078800066,pepper,True,True,,pepper_field,field_test
26099,19,19,0.9885980663562249,0.46512219839386026,pepper,True,True,,pepper_field,field_test
26117,19,19,0.9941039031256612,0.30360834647662105,pepper,True,True,,pepper_field,field_test
26133,19,19,0.9947976152179876,0.3005262206327963,pepper,True,True,,pepper_field,field_test
26137,19,19,0.9937580443973139,0.3931380201299979,pepper,True,True,,pepper_field,field_test
26139,19,19,0.9965011059708554,0.2597178418614765,pepper,True,True,,pepper_field,field_test
26155,19,19,0.9978955261932261,0.09645540079255055,pepper,True,True,,pepper_field,field_test
26156,19,19,0.9982046126648608,0.10156475737373383,pepper,True,True,,pepper_field,field_test
26159,19,19,0.9974725965020439,0.1096009444692212,pepper,True,True,,pepper_field,field_test
26160,19,19,0.9977772350822299,0.10906787023091091,pepper,True,True,,pepper_field,field_test
26170,19,19,0.9969560235785749,0.17805103849010484,pepper,True,True,,pepper_field,field_test
26173,19,19,0.9952176782969429,0.18313749362314868,pepper,True,True,,pepper_field,field_test
26174,19,19,0.9966391065470599,0.14070627965961502,pepper,True,True,,pepper_field,field_test
26175,19,19,0.9966857099728837,0.14785112528511624,pepper,True,True,,pepper_field,field_test
26183,19,19,0.9912809461260162,0.2323234218405581,pepper,True,True,,pepper_field,field_test
26198,19,19,0.9935921636359621,0.1967751468566019,pepper,True,True,,pepper_field,field_test
26200,19,19,0.9962621831847023,0.1655371762967982,pepper,True,True,,pepper_field,field_test
26212,19,19,0.9988995576078824,0.16710221184278207,pepper,True,True,,pepper_field,field_test
26213,19,19,0.9983372479837943,0.2598827484250912,pepper,True,True,,pepper_field,field_test
26244,19,19,0.9931008336944228,0.2385169292127436,pepper,True,True,,pepper_field,field_test
26253,19,19,0.9900804893571516,0.28771511457975074,pepper,True,True,,pepper_field,field_test
26278,19,19,0.9944437833570413,0.2474921134790704,pepper,True,True,,pepper_field,field_test
26287,19,19,0.9729183167816953,0.4069602929528505,pepper,True,True,,pepper_field,field_test
26293,19,19,0.9883942478954935,0.2685442742775528,pepper,True,True,,pepper_field,field_test
26294,19,19,0.9971370516859293,0.1450042060070943,pepper,True,True,,pepper_field,field_test
26298,19,19,0.9976360266064278,0.14463180704325507,pepper,True,True,,pepper_field,field_test
26301,19,19,0.9982818631941514,0.1052126148826662,pepper,True,True,,pepper_field,field_test
26318,19,19,0.9971609881198558,0.09574985207305631,pepper,True,True,,pepper_field,field_test
26320,19,19,0.9944760359897008,0.16395842850744724,pepper,True,True,,pepper_field,field_test
26321,19,19,0.9963497830260555,0.21528846659501322,pepper,True,True,,pepper_field,field_test
26328,19,19,0.9973720484253665,0.1517633874337796,pepper,True,True,,pepper_field,field_test
26330,19,19,0.997920210750147,0.12480971346743841,pepper,True,True,,pepper_field,field_test
26331,19,19,0.9774296428471888,0.4636715169215222,pepper,True,True,,pepper_field,field_test
26336,19,19,0.9763877828323542,0.4042689824061183,pepper,True,True,,pepper_field,field_test
26340,19,19,0.9814872580511455,0.5022593304221776,pepper,True,True,,pepper_field,field_test
26341,19,19,0.9783470418045699,0.5177101588891702,pepper,True,True,,pepper_field,field_test
26342,19,19,0.9748243653022696,0.5280974628582413,pepper,True,True,,pepper_field,field_test
26361,19,19,0.9946152762474183,0.1509647621370711,pepper,True,True,,pepper_field,field_test
26376,19,19,0.9316198410173928,0.44945884411434145,pepper,True,True,,pepper_field,field_test
26380,19,19,0.9954980114993367,0.15517939633688338,pepper,True,True,,pepper_field,field_test
26384,19,19,0.9797993147772989,0.39224133563664265,pepper,True,True,,pepper_field,field_test
26394,19,19,0.9656905291200427,0.3960474076170616,pepper,True,True,,pepper_field,field_test
26399,19,19,0.9960528113826036,0.13622734072157971,pepper,True,True,,pepper_field,field_test
26400,19,19,0.996731671174147,0.1313615651767741,pepper,True,True,,pepper_field,field_test
26405,19,19,0.9973405984057415,0.12131482035093355,pepper,True,True,,pepper_field,field_test
26415,19,19,0.932685906304216,0.3485286793308211,pepper,True,True,,pepper_field,field_test
26416,19,19,0.9075930197124917,0.37329401583485733,pepper,True,True,,pepper_field,field_test
26417,19,19,0.9072677463306987,0.3763152981699157,pepper,True,True,,pepper_field,field_test
26418,19,19,0.925801529398996,0.35851804554092104,pepper,True,True,,pepper_field,field_test
26419,19,19,0.9077991856507222,0.3783660749829112,pepper,True,True,,pepper_field,field_test
26438,19,19,0.9945682862048453,0.2386518812515539,pepper,True,True,,pepper_field,field_test
26452,19,19,0.9930425052292143,0.23945181754038203,pepper,True,True,,pepper_field,field_test
26483,19,19,0.9980254588095844,0.20940126598948627,pepper,True,True,,pepper_field,field_test
26495,19,19,0.991577676435,0.25049295656668824,pepper,True,True,,pepper_field,field_test
26500,23,23,0.9932103378425166,0.08575115306008374,pepper,True,True,,pepper_field,field_test
26507,23,23,0.9959490716805384,0.04780919917268345,pepper,True,True,,pepper_field,field_test
26514,23,23,0.9961965496219182,0.3847897936676803,pepper,True,True,,pepper_field,field_test
26538,23,23,0.9970651306630904,0.08867746700712797,pepper,True,True,,pepper_field,field_test
26539,23,23,0.7821212458699595,0.5513179635158719,pepper,True,True,,pepper_field,field_test
26547,23,23,0.9980313548565201,0.1826404898006173,pepper,True,True,,pepper_field,field_test
26563,23,23,0.7295545299942215,0.5411245590980296,pepper,True,True,,pepper_field,field_test
26570,23,23,0.9964707585955038,0.06380165598460197,pepper,True,True,,pepper_field,field_test
26578,23,23,0.9973439472260586,0.14092108318288799,pepper,True,True,,pepper_field,field_test
26581,23,23,0.9982742207050076,0.12118418835540434,pepper,True,True,,pepper_field,field_test
26582,23,23,0.9978918689432029,0.12961452800509154,pepper,True,True,,pepper_field,field_test
26594,23,23,0.9957864845280303,0.15139338974752414,pepper,True,True,,pepper_field,field_test
26605,23,23,0.9981835508286697,0.12942642631198376,pepper,True,True,,pepper_field,field_test
26626,23,23,0.995031031809831,0.30094844814420596,pepper,True,True,,pepper_field,field_test
26629,23,22,0.8048470696060973,0.34133857390429423,pepper,True,True,,pepper_field,field_test
26681,23,23,0.9974239690538806,0.11859571877753794,pepper,True,True,,pepper_field,field_test
26691,23,23,0.9953198907067363,0.2976153714296823,pepper,True,True,,pepper_field,field_test
26700,23,23,0.9965739004041253,0.22815662881270393,pepper,True,True,,pepper_field,field_test
26757,23,23,0.9920819018829546,0.14682594837061724,pepper,True,True,,pepper_field,field_test
26758,23,23,0.9961700976928521,0.14723093458459613,pepper,True,True,,pepper_field,field_test
26759,23,23,0.9957685035601679,0.16795238912116295,pepper,True,True,,pepper_field,field_test
26763,23,23,0.9966513987515553,0.03426556525139013,pepper,True,True,,pepper_field,field_test
26775,23,23,0.9965128513492089,0.04781286506209148,pepper,True,True,,pepper_field,field_test
26780,23,23,0.9964986258873348,0.050664161305520095,pepper,True,True,,pepper_field,field_test
26790,23,23,0.9977268396157175,0.06499643338987082,pepper,True,True,,pepper_field,field_test
26791,23,23,0.9892405048174253,0.2336361525167605,pepper,True,True,,pepper_field,field_test
26792,23,23,0.9963632691322125,0.07663286978628325,pepper,True,True,,pepper_field,field_test
26796,23,23,0.9974137408661371,0.09584634089639121,pepper,True,True,,pepper_field,field_test
26807,23,23,0.9973273637779071,0.06878028258603486,pepper,True,True,,pepper_field,field_test
26813,23,23,0.9923124445878715,0.20197886991631875,pepper,True,True,,pepper_field,field_test
26820,23,23,0.9595237226122003,0.3242581413702814,pepper,True,True,,pepper_field,field_test
26830,23,23,0.9959622122672775,0.1706185356514659,pepper,True,True,,pepper_field,field_test
26833,23,23,0.9969002342325902,0.19564988543531203,pepper,True,True,,pepper_field,field_test
26837,23,23,0.9970606287895696,0.14642678565573786,pepper,True,True,,pepper_field,field_test
26845,23,23,0.9980033427542608,0.08290473902775064,pepper,True,True,,pepper_field,field_test
26847,23,0,0.0,,pepper,False,False,image_too_blurry,pepper_field,field_test
26857,23,23,0.9975325237385283,0.14189982827270875,pepper,True,True,,pepper_field,field_test
26866,23,23,0.9959006762420552,0.20438484314879846,pepper,True,True,,pepper_field,field_test
26878,23,23,0.9983797074362674,0.1357974285871929,pepper,True,True,,pepper_field,field_test
26885,23,23,0.9937659390504738,0.09025512629734433,pepper,True,True,,pepper_field,field_test
26894,23,23,0.5675285386320897,0.47622372160827897,pepper,True,True,,pepper_field,field_test
26900,23,23,0.9968152416716564,0.08188981194123546,pepper,True,True,,pepper_field,field_test
26905,23,23,0.9940953051028723,0.12855885711980952,pepper,True,True,,pepper_field,field_test
26921,23,23,0.9932403998097044,0.12285811885307518,pepper,True,True,,pepper_field,field_test
26950,23,23,0.9959450145399482,0.07529899691768605,pepper,True,True,,pepper_field,field_test
26957,23,23,0.9938444354094299,0.1166952979087792,pepper,True,True,,pepper_field,field_test
26962,23,23,0.9944479480357374,0.08646173675082158,pepper,True,True,,pepper_field,field_test
26970,23,23,0.9949829314892696,0.0927610525836875,pepper,True,True,,pepper_field,field_test
26974,23,23,0.9974122345207166,0.07493146421841423,pepper,True,True,,pepper_field,field_test
26988,23,23,0.9520123311647817,0.4365072991468192,pepper,True,True,,pepper_field,field_test
26989,23,23,0.9245296007947238,0.3287632378759334,pepper,True,True,,pepper_field,field_test
26990,23,23,0.9960023303719375,0.11271294222717676,pepper,True,True,,pepper_field,field_test
26992,23,23,0.9909937031161548,0.10633541752391751,pepper,True,True,,pepper_field,field_test
26993,23,23,0.9523471057139578,0.3643042690101854,pepper,True,True,,pepper_field,field_test
27008,23,23,0.9545180292163863,0.42671206805266404,pepper,True,True,,pepper_field,field_test
27042,23,23,0.9952419047049594,0.08314483762599778,pepper,True,True,,pepper_field,field_test
27046,23,23,0.9965891473471845,0.06614053378442775,pepper,True,True,,pepper_field,field_test
27052,23,23,0.9971357051048871,0.03908889346981126,pepper,True,True,,pepper_field,field_test
27056,23,23,0.9976420692732021,0.05681435007764701,pepper,True,True,,pepper_field,field_test
27066,23,23,0.9968811283756599,0.08742188007117457,pepper,True,True,,pepper_field,field_test
27073,23,23,0.9924467558239619,0.10345126777506763,pepper,True,True,,pepper_field,field_test
27082,23,23,0.9950310835084559,0.07642779098661368,pepper,True,True,,pepper_field,field_test
27105,23,23,0.9966962906843754,0.0641759292306594,pepper,True,True,,pepper_field,field_test
27114,23,23,0.9910236217441487,0.15557418032517012,pepper,True,True,,pepper_field,field_test
27130,23,23,0.9930228967210311,0.07187489568512773,pepper,True,True,,pepper_field,field_test
27140,23,23,0.9974889152606601,0.05222376637754078,pepper,True,True,,pepper_field,field_test
27156,23,23,0.9972700516526966,0.08803999062550094,pepper,True,True,,pepper_field,field_test
27157,23,23,0.9945626100403201,0.08394286370726556,pepper,True,True,,pepper_field,field_test
27165,23,23,0.9950821941489254,0.08497357762816726,pepper,True,True,,pepper_field,field_test
27185,23,23,0.9952528151505313,0.10364837938483351,pepper,True,True,,pepper_field,field_test
27186,23,23,0.9890632521819428,0.3390408308853776,pepper,True,True,,pepper_field,field_test
27187,23,23,0.9963917242398117,0.25904559333401067,pepper,True,True,,pepper_field,field_test
27214,23,23,0.9890191773380286,0.17444660494809483,pepper,True,True,,pepper_field,field_test
27215,23,23,0.9856085808833022,0.18256546892039438,pepper,True,True,,pepper_field,field_test
27218,23,23,0.993539648868668,0.12145416560574696,pepper,True,True,,pepper_field,field_test
27229,23,23,0.9945401543304,0.07707783820802794,pepper,False,True,out_of_distribution,pepper_field,field_test
27234,23,23,0.9936426440693507,0.08709823808647088,pepper,False,True,out_of_distribution,pepper_field,field_test
27237,23,23,0.9944897765037856,0.13781636863062718,pepper,True,True,,pepper_field,field_test
27238,23,23,0.997609495700866,0.06542052292888412,pepper,True,True,,pepper_field,field_test
27255,23,23,0.9913148222733258,0.12065583371667465,pepper,True,True,,pepper_field,field_test
27260,23,23,0.9971606113905318,0.04479152707702383,pepper,True,True,,pepper_field,field_test
27263,23,23,0.9968983481403695,0.04559588755133981,pepper,True,True,,pepper_field,field_test
27276,23,23,0.997152089550372,0.03933892821447693,pepper,True,True,,pepper_field,field_test
27280,23,23,0.9963123264472687,0.04325455258199762,pepper,True,True,,pepper_field,field_test
27304,23,23,0.9954846676722396,0.03822257759093217,pepper,True,True,,pepper_field,field_test
27321,22,22,0.9834832039685619,0.22811561087057963,pepper,True,True,,pepper_field,field_test
27341,22,22,0.9976335290802322,0.11525176691110917,pepper,True,True,,pepper_field,field_test
27349,22,22,0.9981175524375078,0.082321547510119,pepper,True,True,,pepper_field,field_test
27362,22,22,0.9922396872879087,0.1548018259031143,pepper,True,True,,pepper_field,field_test
27368,22,22,0.9976867383270144,0.08010308259256771,pepper,True,True,,pepper_field,field_test
27374,22,22,0.9965569218652057,0.09193844335621992,pepper,False,True,out_of_distribution,pepper_field,field_test
27375,22,22,0.9975026996791662,0.08251208714727931,pepper,True,True,,pepper_field,field_test
27411,22,22,0.9966501424554597,0.0967261612762782,pepper,True,True,,pepper_field,field_test
27420,22,22,0.9942568353930651,0.10486317099308196,pepper,True,True,,pepper_field,field_test
27423,22,22,0.9970308213033975,0.09291124619694435,pepper,True,True,,pepper_field,field_test
27451,22,22,0.9980350309675363,0.05608539809286417,pepper,True,True,,pepper_field,field_test
27455,22,22,0.9971569629973888,0.10327435778513139,pepper,True,True,,pepper_field,field_test
27459,22,0,0.0,,pepper,False,False,image_too_blurry,pepper_field,field_test
27462,22,22,0.9969607975807637,0.07873568427306965,pepper,True,True,,pepper_field,field_test
27475,22,22,0.9863074248297732,0.41009070331702513,pepper,True,True,,pepper_field,field_test
27478,22,22,0.9931300941685476,0.29454824740483976,pepper,True,True,,pepper_field,field_test
27488,22,22,0.9981348697410305,0.10061681914572596,pepper,True,True,,pepper_field,field_test
27492,22,0,0.0,,pepper,False,False,image_too_blurry,pepper_field,field_test
27494,22,22,0.9973732372710291,0.11666218865620681,pepper,True,True,,pepper_field,field_test
27495,22,22,0.9976900353175464,0.08372483872363334,pepper,True,True,,pepper_field,field_test
27505,22,22,0.9980534843652182,0.09064757762846032,pepper,True,True,,pepper_field,field_test
27512,22,22,0.9970745872668051,0.0848491533773279,pepper,True,True,,pepper_field,field_test
27517,22,22,0.9965120668268368,0.12957657620188434,pepper,True,True,,pepper_field,field_test
27526,22,22,0.9978679658566327,0.05022279471193758,pepper,True,True,,pepper_field,field_test
27541,22,22,0.9975579486917778,0.06403484021809847,pepper,True,True,,pepper_field,field_test
27566,22,22,0.9984411102225912,0.14262021217738208,pepper,True,True,,pepper_field,field_test
27586,22,22,0.9839720448413443,0.3159470315573184,pepper,True,True,,pepper_field,field_test
27610,22,22,0.9968404564707523,0.08465494097908088,pepper,True,True,,pepper_field,field_test
27626,22,22,0.9965056874119825,0.11640215129609432,pepper,True,True,,pepper_field,field_test
27633,22,22,0.9982138231005244,0.09112298769255311,pepper,True,True,,pepper_field,field_test
27675,22,20,0.9830186296968336,0.49116005156840303,pepper,True,True,,pepper_field,field_test
27696,22,0,0.0,,pepper,False,False,image_too_blurry,pepper_field,field_test
27700,22,22,0.9964138528440024,0.13612351347298224,pepper,True,True,,pepper_field,field_test
27717,22,22,0.9970428877655794,0.14823507017644788,pepper,True,True,,pepper_field,field_test
27728,22,22,0.9838228879942957,0.20811068209133166,pepper,True,True,,pepper_field,field_test
27735,22,22,0.9976707358514598,0.07997786703319976,pepper,True,True,,pepper_field,field_test
27736,22,22,0.9967373914606116,0.09074894113991361,pepper,True,True,,pepper_field,field_test
27743,22,22,0.995228143675464,0.1238023512599018,pepper,True,True,,pepper_field,field_test
27751,22,22,0.9945544240640415,0.22561983308126965,pepper,True,True,,pepper_field,field_test
27752,22,22,0.9973844093541345,0.08810929188775796,pepper,True,True,,pepper_field,field_test
27753,22,22,0.997050902906122,0.13139733808868703,pepper,True,True,,pepper_field,field_test
27773,22,22,0.9969014360227503,0.1477578643686268,pepper,True,True,,pepper_field,field_test
27775,22,22,0.9978359953345328,0.08436786778863015,pepper,True,True,,pepper_field,field_test
27785,22,22,0.9886091229592785,0.643735390037889,pepper,True,True,,pepper_field,field_test
27786,22,22,0.8977910842219311,0.69774828063029,pepper,True,True,,pepper_field,field_test
27789,22,22,0.9775006099755755,0.6571482817988062,pepper,True,True,,pepper_field,field_test
27793,22,22,0.9882017751041041,0.5944684090702295,pepper,True,True,,pepper_field,field_test
27796,22,22,0.9283078618088555,0.7419359600142375,pepper,True,True,,pepper_field,field_test
27800,22,22,0.9449207155354058,0.7027814314841916,pepper,True,True,,pepper_field,field_test
27814,22,22,0.9194585462950798,0.6941640304139175,pepper,True,True,,pepper_field,field_test
27827,22,22,0.986326707788272,0.6476009812135871,pepper,True,True,,pepper_field,field_test
27834,22,22,0.9680032479019021,0.701585908491345,pepper,True,True,,pepper_field,field_test
27849,22,22,0.684296151378451,0.610238163893668,pepper,True,True,,pepper_field,field_test
27860,22,22,0.7895241451984578,0.5532385023746017,pepper,True,True,,pepper_field,field_test
27861,22,22,0.9915295843075735,0.3426617830600738,pepper,False,True,out_of_distribution,pepper_field,field_test
27868,22,22,0.9118078057443292,0.37124187361404803,pepper,True,True,,pepper_field,field_test
27869,22,22,0.9797560496807504,0.34049825789350097,pepper,True,True,,pepper_field,field_test
27874,22,22,0.9956478402660716,0.1524710092419419,pepper,True,True,,pepper_field,field_test
27875,22,22,0.9949890858390958,0.13320547480508016,pepper,True,True,,pepper_field,field_test
27877,22,22,0.9903845555571432,0.15502711151939064,pepper,True,True,,pepper_field,field_test
27880,22,22,0.9963390531392871,0.1338640484615592,pepper,True,True,,pepper_field,field_test
27896,22,22,0.9160697883811441,0.5367615214764455,pepper,True,True,,pepper_field,field_test
27908,22,22,0.9972486864816331,0.09342432739174034,pepper,True,True,,pepper_field,field_test
27911,22,22,0.9956891583108496,0.11457334649477358,pepper,True,True,,pepper_field,field_test
27955,22,22,0.9972725515467921,0.10092875156188807,pepper,True,True,,pepper_field,field_test
27960,22,0,0.0,,pepper,False,False,image_too_blurry,pepper_field,field_test
27966,22,22,0.9966498793304877,0.31724308220610276,pepper,True,True,,pepper_field,field_test
27983,22,22,0.9962738781190843,0.3055533159254642,pepper,True,True,,pepper_field,field_test
28016,22,22,0.9755635296373837,0.35663275572875175,pepper,True,True,,pepper_field,field_test
28018,22,22,0.8320142665819288,0.331326152392734,pepper,True,True,,pepper_field,field_test
28023,22,22,0.7974995865967666,0.4823667209152769,pepper,True,True,,pepper_field,field_test
28024,22,0,0.0,,pepper,False,False,image_too_blurry,pepper_field,field_test
28025,22,0,0.0,,pepper,False,False,image_too_blurry,pepper_field,field_test
28043,22,0,0.0,,pepper,False,False,image_too_blurry,pepper_field,field_test
28052,22,22,0.6279772438392328,0.4092006870196714,pepper,True,True,,pepper_field,field_test
28057,22,22,0.8590115499277495,0.44100144279774844,pepper,True,True,,pepper_field,field_test
28071,22,0,0.0,,pepper,False,False,image_too_blurry,pepper_field,field_test
28073,22,22,0.9982130833598217,0.20449910423240913,pepper,True,True,,pepper_field,field_test
28079,22,0,0.0,,pepper,False,False,image_too_blurry,pepper_field,field_test
28081,22,22,0.9971621080819388,0.23195267219744053,pepper,True,True,,pepper_field,field_test
28087,22,22,0.9925899021465135,0.12885118681551988,pepper,True,True,,pepper_field,field_test
28094,22,22,0.9949985812861992,0.1310624266441024,pepper,True,True,,pepper_field,field_test
28096,22,22,0.9964685321508652,0.10006536213237105,pepper,True,True,,pepper_field,field_test
28126,22,22,0.9976999289450764,0.16139620898609575,pepper,True,True,,pepper_field,field_test
28139,22,22,0.9647350378219298,0.25912405833067975,pepper,True,True,,pepper_field,field_test
28140,22,22,0.9830543934281687,0.29058297960485724,pepper,True,True,,pepper_field,field_test
28155,22,22,0.9849322069992457,0.2726112685058397,pepper,True,True,,pepper_field,field_test
28167,22,22,0.9967136318222254,0.20800851771022677,pepper,True,True,,pepper_field,field_test
28168,22,0,0.0,,pepper,False,False,image_too_blurry,pepper_field,field_test
28188,22,0,0.0,,pepper,False,False,image_too_blurry,pepper_field,field_test
28193,22,22,0.9881964783475702,0.26715590428398517,pepper,True,True,,pepper_field,field_test
28215,22,22,0.4975331492898791,0.42481336563394256,pepper,True,True,,pepper_field,field_test
28222,22,0,0.0,,pepper,False,False,image_too_blurry,pepper_field,field_test
28227,22,22,0.9926746540502575,0.30771236466987917,pepper,True,True,,pepper_field,field_test
28236,22,21,0.7425881615709709,0.33294515590597173,pepper,True,True,,pepper_field,field_test
28248,19,19,0.9966894209776688,0.15935183575780898,pepper,True,True,,pepper_field,field_test
28254,19,19,0.986275830278107,0.29126413348842073,pepper,True,True,,pepper_field,field_test
28256,19,0,0.0,,pepper,False,False,image_too_blurry,pepper_field,field_test
28259,19,19,0.9972483457750012,0.14415481029251853,pepper,True,True,,pepper_field,field_test
28289,19,19,0.9964489063392273,0.13730445279189396,pepper,True,True,,pepper_field,field_test
28297,19,19,0.9984544031820625,0.14132237416952265,pepper,True,True,,pepper_field,field_test
28310,19,19,0.9745128802438309,0.32577756649198275,pepper,True,True,,pepper_field,field_test
28311,19,19,0.9911595610322275,0.2780009482690823,pepper,True,True,,pepper_field,field_test
28312,19,19,0.9841942190987307,0.22812867638015077,pepper,True,True,,pepper_field,field_test
28316,19,19,0.9983171685342294,0.14630267082346737,pepper,True,True,,pepper_field,field_test
28322,19,19,0.5233323110622979,0.6237149350894249,pepper,True,True,,pepper_field,field_test
28339,19,19,0.9955205431114951,0.21463078298668992,pepper,True,True,,pepper_field,field_test
28344,19,19,0.991316250593564,0.39304357249179633,pepper,True,True,,pepper_field,field_test
28346,19,19,0.9583495514560537,0.33030306410593924,pepper,True,True,,pepper_field,field_test
28366,19,19,0.9955398909550303,0.18597247918134285,pepper,True,True,,pepper_field,field_test
28379,19,19,0.9944147997565097,0.17938555544092938,pepper,True,True,,pepper_field,field_test
28409,19,19,0.9715281233985203,0.4072882772826394,pepper,True,True,,pepper_field,field_test
28427,19,19,0.9746807000058162,0.23071849908470465,pepper,True,True,,pepper_field,field_test
28428,19,19,0.9847170457873553,0.24641689310308101,pepper,True,True,,pepper_field,field_test
28439,19,19,0.9968149721583228,0.14277568092135007,pepper,True,True,,pepper_field,field_test
28452,19,19,0.9594453683174369,0.35401440696412967,pepper,True,True,,pepper_field,field_test
28459,19,19,0.9916680568629515,0.21985541075175985,pepper,True,True,,pepper_field,field_test
28462,19,19,0.9935316856069198,0.2526250082275612,pepper,True,True,,pepper_field,field_test
28464,19,19,0.9919232088247614,0.2530661061650177,pepper,True,True,,pepper_field,field_test
28465,19,19,0.9844397181796041,0.24947725419384192,pepper,True,True,,pepper_field,field_test
28473,19,19,0.9965515644784674,0.1588570045783696,pepper,True,True,,pepper_field,field_test
28484,19,19,0.9930469784125271,0.18270991965746286,pepper,True,True,,pepper_field,field_test
28486,19,19,0.9954858552033341,0.16231103626162957,pepper,True,True,,pepper_field,field_test
28489,19,19,0.9939389202884702,0.17840152982134327,pepper,True,True,,pepper_field,field_test
28491,19,19,0.9953863039239492,0.18277078407417247,pepper,True,True,,pepper_field,field_test
28492,19,19,0.9950540059544096,0.21869689071907628,pepper,True,True,,pepper_field,field_test
28495,19,19,0.9949312731571784,0.19212521791795678,pepper,True,True,,pepper_field,field_test
28502,19,19,0.9909621314405773,0.23751580142416295,pepper,True,True,,pepper_field,field_test
28516,19,19,0.9930108525444761,0.20935027008361795,pepper,True,True,,pepper_field,field_test
28526,19,19,0.9931236389334243,0.2225474926367228,pepper,True,True,,pepper_field,field_test
28534,19,19,0.9933360532590533,0.3149424294415617,pepper,True,True,,pepper_field,field_test
28544,19,19,0.994086929754693,0.18745148394037692,pepper,True,True,,pepper_field,field_test
28573,19,19,0.5313682743734308,0.5548969667223043,pepper,True,True,,pepper_field,field_test
28632,19,19,0.9930839394088281,0.39595694810370285,pepper,True,True,,pepper_field,field_test
28656,19,19,0.9715661055283854,0.3917316719325723,pepper,True,True,,pepper_field,field_test
28673,19,19,0.9631993870467739,0.5152683567715742,pepper,True,True,,pepper_field,field_test
28678,19,19,0.9815546886625077,0.308080340029513,pepper,True,True,,pepper_field,field_test
28679,19,0,0.0,,pepper,False,False,image_too_blurry,pepper_field,field_test
28685,19,19,0.9978175867722089,0.16424461351279906,pepper,True,True,,pepper_field,field_test
28690,19,19,0.9935224753116759,0.19060506528939747,pepper,True,True,,pepper_field,field_test
28698,19,19,0.9902204884557805,0.5130922883310377,pepper,True,True,,pepper_field,field_test
28700,19,19,0.9984412375438824,0.281869861583258,pepper,True,True,,pepper_field,field_test
28706,19,19,0.9975171095644981,0.30499633694057104,pepper,True,True,,pepper_field,field_test
28709,19,19,0.9975834333445118,0.16684522054048512,pepper,True,True,,pepper_field,field_test
28733,19,19,0.9956024513945039,0.37977860705955935,pepper,True,True,,pepper_field,field_test
28745,19,19,0.9939835334237334,0.20538189812280638,pepper,True,True,,pepper_field,field_test
28759,19,19,0.9965170935173935,0.19883301484912375,pepper,True,True,,pepper_field,field_test
28764,19,19,0.9914352562512102,0.1831372341230404,pepper,True,True,,pepper_field,field_test
28765,19,19,0.9953263825179144,0.21522963809845153,pepper,True,True,,pepper_field,field_test
28776,19,19,0.9965796913183659,0.32475217411465995,pepper,True,True,,pepper_field,field_test
28781,19,19,0.9881841189226769,0.2108498972841516,pepper,True,True,,pepper_field,field_test
28803,19,19,0.9861379999448076,0.2635657000274285,pepper,True,True,,pepper_field,field_test
28807,19,19,0.9907518339569228,0.2658699549657981,pepper,True,True,,pepper_field,field_test
28837,19,19,0.9971228117623379,0.1486003709944399,pepper,True,True,,pepper_field,field_test
28853,19,19,0.997346470932438,0.1695009475163154,pepper,True,True,,pepper_field,field_test
28858,19,19,0.9981091104313708,0.23960426106527644,pepper,True,True,,pepper_field,field_test
28860,19,19,0.9737952424238222,0.32119377767195034,pepper,True,True,,pepper_field,field_test
28861,19,19,0.9915747986252513,0.30074317649746507,pepper,True,True,,pepper_field,field_test
28864,19,19,0.9949043383663584,0.20727682046055063,pepper,True,True,,pepper_field,field_test
28867,19,19,0.9962670763391299,0.16485715183812,pepper,True,True,,pepper_field,field_test
28895,19,19,0.9960012305151784,0.16762119485496751,pepper,True,True,,pepper_field,field_test
28896,19,19,0.9896371578851918,0.23991778301876066,pepper,True,True,,pepper_field,field_test
28898,19,19,0.9700245209477242,0.2677291125160073,pepper,True,True,,pepper_field,field_test
28912,19,19,0.9970579020622007,0.14664492528629425,pepper,True,True,,pepper_field,field_test
28918,19,19,0.959103433258481,0.34820147042978444,pepper,True,True,,pepper_field,field_test
28920,19,19,0.9916412991178861,0.1654859097567387,pepper,True,True,,pepper_field,field_test
28926,19,19,0.9933948405403802,0.2292686024732673,pepper,True,True,,pepper_field,field_test
28929,19,19,0.9906000615164621,0.16665423560362091,pepper,True,True,,pepper_field,field_test
28935,19,19,0.995353384632438,0.13766812183706578,pepper,True,True,,pepper_field,field_test
28941,19,19,0.9913304985478905,0.26561076439841746,pepper,True,True,,pepper_field,field_test
28945,19,19,0.9946674918654652,0.17859062661669234,pepper,True,True,,pepper_field,field_test
28947,19,19,0.9834306406575922,0.2678516720277522,pepper,True,True,,pepper_field,field_test
28955,19,19,0.9966152547220507,0.13143288373688278,pepper,True,True,,pepper_field,field_test
28970,19,19,0.9959261713047907,0.1280421546989131,pepper,True,True,,pepper_field,field_test
28984,19,19,0.987397820355971,0.2539554683476499,pepper,True,True,,pepper_field,field_test
28988,19,19,0.9685343360853068,0.18993699797193475,pepper,True,True,,pepper_field,field_test
28990,19,19,0.986339370089828,0.2749276346428158,pepper,True,True,,pepper_field,field_test
28998,19,19,0.994337642082983,0.15247837014380383,pepper,True,True,,pepper_field,field_test
29015,19,19,0.996333423115547,0.21414527370046854,pepper,True,True,,pepper_field,field_test
29038,19,19,0.9737058682892827,0.22651341796637214,pepper,True,True,,pepper_field,field_test
29045,19,19,0.9973632754257798,0.15300760410196956,pepper,True,True,,pepper_field,field_test
29087,19,19,0.9938362179083279,0.24463607929461928,pepper,True,True,,pepper_field,field_test
29089,19,19,0.9979601502642848,0.18357263647534294,pepper,True,True,,pepper_field,field_test
29095,19,19,0.9980463898454175,0.1275685449414663,pepper,True,True,,pepper_field,field_test
29204,36,36,0.9958706652965235,0.11516424777096212,strawberry,True,True,,strawberry_field,field_test
29205,36,36,0.9940383515382291,0.14140137509965678,strawberry,True,True,,strawberry_field,field_test
29206,36,36,0.9953793648604847,0.1116163528490548,strawberry,True,True,,strawberry_field,field_test
29207,36,36,0.993959506419013,0.13662596995210563,strawberry,True,True,,strawberry_field,field_test
29235,35,35,0.9989236047884489,0.16305873851686403,strawberry,True,True,,strawberry_field,field_test
29252,35,35,0.992001199021705,0.16367184018198233,strawberry,True,True,,strawberry_field,field_test
29255,35,35,0.9967520125294944,0.09181629573210226,strawberry,True,True,,strawberry_field,field_test
29278,35,35,0.9912464671040453,0.1340126847355807,strawberry,True,True,,strawberry_field,field_test
29279,35,35,0.8975891144000805,0.47838880114722593,strawberry,True,True,,strawberry_field,field_test
29331,35,35,0.9943097765208286,0.1547248060783758,strawberry,True,True,,strawberry_field,field_test
29355,36,36,0.9978852707812025,0.070428338050878,strawberry,True,True,,strawberry_field,field_test
29356,36,0,0.0,,strawberry,False,False,image_too_blurry,strawberry_field,field_test
29357,36,36,0.9970658676664821,0.06842257535613827,strawberry,True,True,,strawberry_field,field_test
29358,36,36,0.9977500355807788,0.0743275914761069,strawberry,True,True,,strawberry_field,field_test
29586,37,0,0.0,,strawberry,False,False,image_too_blurry,strawberry_field,field_test
29591,37,37,0.9712454804025781,0.17101874570483366,strawberry,True,True,,strawberry_field,field_test
29592,37,37,0.9958590195144912,0.08825318122035719,strawberry,True,True,,strawberry_field,field_test
29599,37,37,0.9971245247994951,0.06457439076636295,strawberry,True,True,,strawberry_field,field_test
29642,38,0,0.0,,strawberry,False,False,camera_obscured,strawberry_field,field_test
29677,38,0,0.0,,strawberry,False,False,camera_obscured,strawberry_field,field_test
29680,38,0,0.0,,strawberry,False,False,camera_obscured,strawberry_field,field_test
29714,37,37,0.9968613490461025,0.08852226637659921,strawberry,True,True,,strawberry_field,field_test
29715,37,37,0.9964336580944212,0.08013528362037081,strawberry,True,True,,strawberry_field,field_test
29745,37,37,0.9965088535195272,0.09547302673123648,strawberry,True,True,,strawberry_field,field_test
29746,37,37,0.9966959763497228,0.10527605390316097,strawberry,True,True,,strawberry_field,field_test
29751,37,37,0.9974101796286551,0.053560212230324145,strawberry,True,True,,strawberry_field,field_test
29756,37,0,0.0,,strawberry,False,False,image_too_blurry,strawberry_field,field_test
29757,37,37,0.9840005315924264,0.17352892593704405,strawberry,True,True,,strawberry_field,field_test
29777,37,0,0.0,,strawberry,False,False,image_too_blurry,strawberry_field,field_test
29778,37,0,0.0,,strawberry,False,False,image_too_blurry,strawberry_field,field_test
29783,37,37,0.996591545392906,0.14787681592899005,strawberry,True,True,,strawberry_field,field_test
29784,37,37,0.996563962833578,0.12463186006288962,strawberry,True,True,,strawberry_field,field_test
29785,37,37,0.9950871517890292,0.07747988570462438,strawberry,True,True,,strawberry_field,field_test
29794,37,37,0.9965940374178252,0.09545043218830251,strawberry,True,True,,strawberry_field,field_test
29795,37,0,0.0,,strawberry,False,False,image_too_blurry,strawberry_field,field_test
29796,37,37,0.9590781675846363,0.26004032746437,strawberry,True,True,,strawberry_field,field_test
29797,37,37,0.9959930165660585,0.08744871251423969,strawberry,True,True,,strawberry_field,field_test
29798,37,37,0.9965468846689983,0.04289015289475606,strawberry,True,True,,strawberry_field,field_test
29799,37,37,0.9955711601158919,0.07234753199596189,strawberry,True,True,,strawberry_field,field_test
29815,35,35,0.9952079807199347,0.13390797579131608,strawberry,True,True,,strawberry_field,field_test
29817,35,0,0.0,,strawberry,False,False,image_too_blurry,strawberry_field,field_test
29834,35,35,0.9288861750355758,0.33703315796776434,strawberry,True,True,,strawberry_field,field_test
29835,35,35,0.9961173789901977,0.06173402478591228,strawberry,True,True,,strawberry_field,field_test
29852,35,35,0.9878903111159201,0.2477388674577523,strawberry,True,True,,strawberry_field,field_test
29856,35,35,0.9960873244630536,0.1409411921562812,strawberry,True,True,,strawberry_field,field_test
29865,35,35,0.9944930652876178,0.22209256972801572,strawberry,True,True,,strawberry_field,field_test
29868,35,35,0.9939673079184269,0.09598191259205335,strawberry,True,True,,strawberry_field,field_test
29877,35,35,0.9788726581111038,0.26356303230356737,strawberry,True,True,,strawberry_field,field_test
29891,35,35,0.9953190480653024,0.08817162751006324,strawberry,True,True,,strawberry_field,field_test
29901,35,35,0.9941056962244517,0.13936157183140718,strawberry,True,True,,strawberry_field,field_test
29905,35,35,0.9952696160510579,0.09006839384268794,strawberry,True,True,,strawberry_field,field_test
29927,35,35,0.9918412889595339,0.11674199494667614,strawberry,True,True,,strawberry_field,field_test
29931,35,0,0.0,,strawberry,False,False,camera_obscured,strawberry_field,field_test
29932,35,0,0.0,,strawberry,False,False,camera_obscured,strawberry_field,field_test
29933,35,0,0.0,,strawberry,False,False,camera_obscured,strawberry_field,field_test
29945,35,35,0.9948344605822239,0.12995660450165125,strawberry,True,True,,strawberry_field,field_test
29977,38,0,0.0,,strawberry,False,False,camera_obscured,strawberry_field,field_test
29978,38,0,0.0,,strawberry,False,False,camera_obscured,strawberry_field,field_test
29996,35,35,0.9900002801173824,0.2109588198988448,strawberry,True,True,,strawberry_field,field_test
30002,35,35,0.9653630793158924,0.27936126339389344,strawberry,True,True,,strawberry_field,field_test
30012,35,35,0.9199430801256119,0.23610175655970056,strawberry,True,True,,strawberry_field,field_test
30026,35,35,0.940209620391569,0.28631692604301306,strawberry,True,True,,strawberry_field,field_test
30027,35,0,0.0,,strawberry,False,False,image_too_blurry,strawberry_field,field_test
30028,35,35,0.9939538333048965,0.14708366112803883,strawberry,True,True,,strawberry_field,field_test
30029,35,35,0.9959098684605497,0.13350034379297748,strawberry,True,True,,strawberry_field,field_test
30034,35,35,0.9868467030206511,0.18727216062640994,strawberry,True,True,,strawberry_field,field_test
30035,35,35,0.9929201474582894,0.25713391352340387,strawberry,True,True,,strawberry_field,field_test
30036,35,35,0.9919934187385462,0.1863455665195235,strawberry,True,True,,strawberry_field,field_test
30100,36,36,0.9846881552837757,0.17520735473104798,strawberry,True,True,,strawberry_field,field_test
30101,36,36,0.9964739900058682,0.1258782607283896,strawberry,True,True,,strawberry_field,field_test
30102,36,36,0.9956595222867871,0.12412022789763233,strawberry,True,True,,strawberry_field,field_test
30126,36,0,0.0,,strawberry,False,False,image_too_blurry,strawberry_field,field_test
30127,36,36,0.9974789853122548,0.07196329588861117,strawberry,True,True,,strawberry_field,field_test
30128,36,0,0.0,,strawberry,False,False,image_too_blurry,strawberry_field,field_test
30129,36,36,0.9952693238758183,0.1051746868420601,strawberry,True,True,,strawberry_field,field_test
30130,36,36,0.9976208649637847,0.07936003529511493,strawberry,True,True,,strawberry_field,field_test
30253,36,36,0.9959884432307761,0.08580753966843424,strawberry,True,True,,strawberry_field,field_test
30254,36,36,0.9922435248186577,0.14828943093957192,strawberry,True,True,,strawberry_field,field_test
30279,36,0,0.0,,strawberry,False,False,image_too_blurry,strawberry_field,field_test
30286,36,36,0.9913661271024502,0.240285384514886,strawberry,True,True,,strawberry_field,field_test
30287,36,36,0.9919289238868175,0.18924697128055357,strawberry,True,True,,strawberry_field,field_test
30288,36,36,0.9544845045288239,0.25088504008177426,strawberry,True,True,,strawberry_field,field_test
30359,36,36,0.9952469436774258,0.0768586376774385,strawberry,True,True,,strawberry_field,field_test
30360,36,36,0.9949108300073402,0.1352058079902938,strawberry,True,True,,strawberry_field,field_test
30361,36,36,0.9938134723270867,0.18935692617789646,strawberry,True,True,,strawberry_field,field_test
30362,36,0,0.0,,strawberry,False,False,image_too_blurry,strawberry_field,field_test
30363,36,36,0.9940713971380348,0.09440524607799583,strawberry,True,True,,strawberry_field,field_test
30364,36,36,0.9786973194471256,0.2625446353545208,strawberry,True,True,,strawberry_field,field_test
30365,36,36,0.9962540494508874,0.09395275811885839,strawberry,True,True,,strawberry_field,field_test
30366,36,0,0.0,,strawberry,False,False,image_too_blurry,strawberry_field,field_test
30573,36,36,0.9976033335644182,0.13040548936739693,strawberry,True,True,,strawberry_field,field_test
30574,36,36,0.9972433629870054,0.10652615944615373,strawberry,True,True,,strawberry_field,field_test
30575,36,36,0.9943149846241801,0.14856620324037717,strawberry,True,True,,strawberry_field,field_test
30581,36,36,0.9965772936836558,0.0952901624752891,strawberry,True,True,,strawberry_field,field_test
30582,36,36,0.9877383517011484,0.23369096431632874,strawberry,True,True,,strawberry_field,field_test
30583,36,0,0.0,,strawberry,False,False,image_too_blurry,strawberry_field,field_test
30584,36,36,0.9881339368380915,0.2741093875348861,strawberry,True,True,,strawberry_field,field_test
30585,36,36,0.9966002344529276,0.21086235848048418,strawberry,True,True,,strawberry_field,field_test
30586,36,36,0.9980911512562864,0.09397695535106032,strawberry,True,True,,strawberry_field,field_test
30587,36,36,0.9851425381887017,0.24859497421925836,strawberry,True,True,,strawberry_field,field_test
30588,36,0,0.0,,strawberry,False,False,image_too_blurry,strawberry_field,field_test
30593,36,36,0.9930469555484875,0.20334227977247288,strawberry,True,True,,strawberry_field,field_test
30594,36,36,0.9912689684326811,0.24485196128876185,strawberry,True,True,,strawberry_field,field_test
30595,36,36,0.9967507109803008,0.08441085406578486,strawberry,True,True,,strawberry_field,field_test
30596,36,36,0.9979085544735494,0.0951911467689357,strawberry,True,True,,strawberry_field,field_test
30597,36,36,0.8576257885316236,0.4023015200370291,strawberry,True,True,,strawberry_field,field_test
30598,36,0,0.0,,strawberry,False,False,image_too_blurry,strawberry_field,field_test
30599,36,0,0.0,,strawberry,False,False,image_too_blurry,strawberry_field,field_test
30600,36,0,0.0,,strawberry,False,False,image_too_blurry,strawberry_field,field_test
30601,36,36,0.9942329637214985,0.18947528293874272,strawberry,True,True,,strawberry_field,field_test
30602,36,36,0.963424609369132,0.37064573437271786,strawberry,True,True,,strawberry_field,field_test
30632,36,36,0.9918453477258986,0.3370750700448717,strawberry,True,True,,strawberry_field,field_test
30635,36,36,0.9949200793620874,0.1222379282985181,strawberry,True,True,,strawberry_field,field_test
30647,36,36,0.991912409336429,0.13738967381114653,strawberry,True,True,,strawberry_field,field_test
30648,36,36,0.9915236349897601,0.1415595973353876,strawberry,True,True,,strawberry_field,field_test
30750,36,36,0.9967489059046802,0.09599332339946476,strawberry,True,True,,strawberry_field,field_test
30751,36,0,0.0,,strawberry,False,False,image_too_blurry,strawberry_field,field_test
30752,36,0,0.0,,strawberry,False,False,image_too_blurry,strawberry_field,field_test
30784,36,36,0.9969650500065232,0.05342495093053068,strawberry,True,True,,strawberry_field,field_test
30785,36,36,0.9946767970328947,0.09663477658348407,strawberry,True,True,,strawberry_field,field_test
30786,36,36,0.9930643168162934,0.08820207056784302,strawberry,True,True,,strawberry_field,field_test
30787,36,0,0.0,,strawberry,False,False,image_too_blurry,strawberry_field,field_test
30788,36,36,0.9961787824352512,0.05964455117082834,strawberry,True,True,,strawberry_field,field_test
30789,36,36,0.9936001782681494,0.07981714522342576,strawberry,True,True,,strawberry_field,field_test
30790,36,36,0.9959247806880854,0.05949411513805336,strawberry,True,True,,strawberry_field,field_test
30791,36,0,0.0,,strawberry,False,False,image_too_blurry,strawberry_field,field_test
30810,36,36,0.9955841602851212,0.14288090635014394,strawberry,True,True,,strawberry_field,field_test
30811,36,36,0.9955587255320829,0.074615591112829,strawberry,True,True,,strawberry_field,field_test
30812,36,0,0.0,,strawberry,False,False,image_too_blurry,strawberry_field,field_test
30813,36,36,0.9943186309097537,0.22044708202663355,strawberry,True,True,,strawberry_field,field_test
30814,36,36,0.9900987330986677,0.21714012673010075,strawberry,True,True,,strawberry_field,field_test
30815,36,0,0.0,,strawberry,False,False,image_too_blurry,strawberry_field,field_test
30816,36,0,0.0,,strawberry,False,False,image_too_blurry,strawberry_field,field_test
30817,36,36,0.995427670948494,0.07978815547876417,strawberry,True,True,,strawberry_field,field_test
30818,36,36,0.9944067163696908,0.1146186248287333,strawberry,True,True,,strawberry_field,field_test
30819,36,0,0.0,,strawberry,False,False,image_too_blurry,strawberry_field,field_test
30820,36,0,0.0,,strawberry,False,False,image_too_blurry,strawberry_field,field_test
30821,36,36,0.9933265611529508,0.10883697996455743,strawberry,True,True,,strawberry_field,field_test
30822,36,0,0.0,,strawberry,False,False,image_too_blurry,strawberry_field,field_test
30823,36,0,0.0,,strawberry,False,False,image_too_blurry,strawberry_field,field_test
30824,36,36,0.9831232147537503,0.26415427326286633,strawberry,True,True,,strawberry_field,field_test
30825,36,36,0.9937933332819582,0.21198955819576204,strawberry,True,True,,strawberry_field,field_test
30826,36,36,0.9953705802509728,0.10237312099316553,strawberry,True,True,,strawberry_field,field_test
30827,36,0,0.0,,strawberry,False,False,image_too_blurry,strawberry_field,field_test
30839,36,0,0.0,,strawberry,False,False,image_too_blurry,strawberry_field,field_test
30840,36,36,0.9957575431751842,0.08437974655348657,strawberry,True,True,,strawberry_field,field_test
30841,36,36,0.9932530231272556,0.11342204003017775,strawberry,True,True,,strawberry_field,field_test
30842,36,36,0.9938842323342066,0.1289181603616807,strawberry,True,True,,strawberry_field,field_test
30843,36,36,0.9958125355952583,0.12324725419580351,strawberry,True,True,,strawberry_field,field_test
30857,36,36,0.9963143438685601,0.07611075788900235,strawberry,True,True,,strawberry_field,field_test
30858,36,36,0.9940612031575919,0.10938894043656067,strawberry,True,True,,strawberry_field,field_test
30859,36,36,0.9931885348093853,0.12276739452850405,strawberry,True,True,,strawberry_field,field_test
30860,36,0,0.0,,strawberry,False,False,image_too_blurry,strawberry_field,field_test
30861,36,0,0.0,,strawberry,False,False,image_too_blurry,strawberry_field,field_test
30862,36,36,0.993644008062791,0.22932594276529006,strawberry,True,True,,strawberry_field,field_test
30863,36,36,0.9798191743814684,0.2950911471130355,strawberry,True,True,,strawberry_field,field_test
30864,36,0,0.0,,strawberry,False,False,image_too_blurry,strawberry_field,field_test
30865,36,0,0.0,,strawberry,False,False,image_too_blurry,strawberry_field,field_test
30866,36,0,0.0,,strawberry,False,False,image_too_blurry,strawberry_field,field_test
30867,36,0,0.0,,strawberry,False,False,image_too_blurry,strawberry_field,field_test
30868,36,36,0.9928363011269884,0.09359403479823536,strawberry,True,True,,strawberry_field,field_test
30869,36,36,0.9976118988124334,0.04492186908353912,strawberry,True,True,,strawberry_field,field_test
30870,36,36,0.9657442719217415,0.2674730526143757,strawberry,True,True,,strawberry_field,field_test
30885,36,36,0.9950745160778194,0.08962115848387198,strawberry,True,True,,strawberry_field,field_test
30902,36,0,0.0,,strawberry,False,False,image_too_blurry,strawberry_field,field_test
30903,36,36,0.997399218562851,0.11369861192410169,strawberry,True,True,,strawberry_field,field_test
30904,36,36,0.9969737015542595,0.08253411614010497,strawberry,True,True,,strawberry_field,field_test
30905,36,36,0.9794549000944494,0.3230281025879499,strawberry,True,True,,strawberry_field,field_test
30906,36,36,0.9975034906132425,0.09751302560525987,strawberry,True,True,,strawberry_field,field_test
30907,36,36,0.9919788686615523,0.21231431558621705,strawberry,True,True,,strawberry_field,field_test
30908,36,0,0.0,,strawberry,False,False,image_too_blurry,strawberry_field,field_test
30909,36,0,0.0,,strawberry,False,False,image_too_blurry,strawberry_field,field_test
30910,36,0,0.0,,strawberry,False,False,image_too_blurry,strawberry_field,field_test
30911,36,0,0.0,,strawberry,False,False,image_too_blurry,strawberry_field,field_test
30912,36,36,0.9964356120842934,0.1086165508544743,strawberry,True,True,,strawberry_field,field_test
30913,36,36,0.9976258475319794,0.08622215061841998,strawberry,True,True,,strawberry_field,field_test
30914,36,36,0.9945289484117582,0.16655215597858652,strawberry,True,True,,strawberry_field,field_test
30915,36,0,0.0,,strawberry,False,False,image_too_blurry,strawberry_field,field_test
30916,36,0,0.0,,strawberry,False,False,image_too_blurry,strawberry_field,field_test
30917,36,0,0.0,,strawberry,False,False,image_too_blurry,strawberry_field,field_test
30918,36,0,0.0,,strawberry,False,False,image_too_blurry,strawberry_field,field_test
30919,36,36,0.9959748571073572,0.09321322950162392,strawberry,True,True,,strawberry_field,field_test
30920,36,36,0.9453957502950301,0.31388665467321464,strawberry,True,True,,strawberry_field,field_test
30921,36,36,0.9983292342656146,0.0819004914444107,strawberry,True,True,,strawberry_field,field_test
30922,36,0,0.0,,strawberry,False,False,image_too_blurry,strawberry_field,field_test
30927,36,36,0.9963909238879483,0.06686735121680154,strawberry,True,True,,strawberry_field,field_test
30928,36,36,0.9962907558577021,0.09551579221189133,strawberry,True,True,,strawberry_field,field_test
30929,36,0,0.0,,strawberry,False,False,image_too_blurry,strawberry_field,field_test
30930,36,36,0.9973846254608418,0.04942759826410914,strawberry,True,True,,strawberry_field,field_test
30938,36,0,0.0,,strawberry,False,False,image_too_blurry,strawberry_field,field_test
30939,36,36,0.9972798777694071,0.056455161683772515,strawberry,True,True,,strawberry_field,field_test
30940,36,36,0.9929049742264807,0.08810760653122252,strawberry,True,True,,strawberry_field,field_test
30941,36,36,0.9931292670894811,0.09153805865876863,strawberry,True,True,,strawberry_field,field_test
30942,36,0,0.0,,strawberry,False,False,image_too_blurry,strawberry_field,field_test
30943,36,36,0.9942939385691105,0.07558106020867805,strawberry,True,True,,strawberry_field,field_test
30944,36,0,0.0,,strawberry,False,False,image_too_blurry,strawberry_field,field_test
30945,36,36,0.9938399146628084,0.09761796172428672,strawberry,True,True,,strawberry_field,field_test
30946,36,0,0.0,,strawberry,False,False,image_too_blurry,strawberry_field,field_test
30947,36,0,0.0,,strawberry,False,False,image_too_blurry,strawberry_field,field_test
30948,36,0,0.0,,strawberry,False,False,image_too_blurry,strawberry_field,field_test
30949,36,0,0.0,,strawberry,False,False,image_too_blurry,strawberry_field,field_test
30950,36,36,0.9976084884004488,0.046869553491836635,strawberry,True,True,,strawberry_field,field_test
30951,36,36,0.9940076470447898,0.08307960236157075,strawberry,True,True,,strawberry_field,field_test
30952,36,36,0.9929204876979993,0.09397335079927305,strawberry,True,True,,strawberry_field,field_test
30956,36,0,0.0,,strawberry,False,False,image_too_blurry,strawberry_field,field_test
30961,36,0,0.0,,strawberry,False,False,image_too_blurry,strawberry_field,field_test
30962,36,0,0.0,,strawberry,False,False,image_too_blurry,strawberry_field,field_test
30963,36,36,0.995758022172306,0.0891922477634175,strawberry,True,True,,strawberry_field,field_test
30964,36,36,0.9948970983751215,0.10264459960586492,strawberry,True,True,,strawberry_field,field_test
30965,36,36,0.9967229168642939,0.0845080695958762,strawberry,True,True,,strawberry_field,field_test
30966,36,0,0.0,,strawberry,False,False,image_too_blurry,strawberry_field,field_test
30967,36,0,0.0,,strawberry,False,False,image_too_blurry,strawberry_field,field_test
30980,36,36,0.9939981228337245,0.12741408009192445,strawberry,True,True,,strawberry_field,field_test
30981,36,0,0.0,,strawberry,False,False,image_too_blurry,strawberry_field,field_test
31019,36,36,0.9666974303780625,0.5285871652311025,strawberry,True,True,,strawberry_field,field_test
31035,36,0,0.0,,strawberry,False,False,image_too_blurry,strawberry_field,field_test
31036,36,36,0.9915257507260424,0.25020905931048887,strawberry,True,True,,strawberry_field,field_test
31037,36,36,0.9936668868033485,0.20876088684069938,strawberry,True,True,,strawberry_field,field_test
31038,36,36,0.9933852039279598,0.24919031162044014,strawberry,True,True,,strawberry_field,field_test
31048,36,0,0.0,,strawberry,False,False,image_too_blurry,strawberry_field,field_test
31063,36,36,0.9952904043209242,0.21281080763424431,strawberry,True,True,,strawberry_field,field_test
31072,36,36,0.9869946963641305,0.18016756227779052,strawberry,True,True,,strawberry_field,field_test
31073,36,36,0.9900626910835891,0.14421143110528067,strawberry,True,True,,strawberry_field,field_test
31074,36,36,0.9547292013407056,0.2289614617089799,strawberry,True,True,,strawberry_field,field_test
31079,36,36,0.9461589692468808,0.247089442995289,strawberry,True,True,,strawberry_field,field_test
31080,36,36,0.991440380694718,0.22331820177235406,strawberry,True,True,,strawberry_field,field_test
31081,36,0,0.0,,strawberry,False,False,image_too_blurry,strawberry_field,field_test
31087,36,36,0.6623131301338473,0.6869065772207996,strawberry,False,True,out_of_distribution,strawberry_field,field_test
31088,36,36,0.9783487496462382,0.28868197998271417,strawberry,True,True,,strawberry_field,field_test
31093,36,36,0.9629049971209996,0.41927011534072633,strawberry,True,True,,strawberry_field,field_test
31094,36,36,0.6841265773723192,0.6024370021071128,strawberry,True,True,,strawberry_field,field_test
31095,36,36,0.9390647128364333,0.5121790936213905,strawberry,True,True,,strawberry_field,field_test
31103,36,36,0.9875606710859036,0.15828360528962193,strawberry,True,True,,strawberry_field,field_test
31104,36,36,0.9887631418098713,0.19042232945180493,strawberry,True,True,,strawberry_field,field_test
31147,36,0,0.0,,strawberry,False,False,image_too_blurry,strawberry_field,field_test
31148,36,36,0.9908238818142022,0.23882307207509035,strawberry,True,True,,strawberry_field,field_test
31149,36,36,0.8520126043319796,0.6283550879999367,strawberry,True,True,,strawberry_field,field_test
31150,36,36,0.7248560106822982,0.736690541886104,strawberry,False,True,out_of_distribution,strawberry_field,field_test
31151,36,36,0.8149367152081989,0.6179107225690581,strawberry,True,True,,strawberry_field,field_test
31152,38,0,0.0,,strawberry,False,False,camera_obscured,strawberry_field,field_test
31153,38,0,0.0,,strawberry,False,False,image_too_blurry,strawberry_field,field_test
31154,38,38,0.9700675659517355,0.38582106392609417,strawberry,True,True,,strawberry_field,field_test
31164,36,36,0.4517920877863252,0.733498147593354,strawberry,False,True,out_of_distribution,strawberry_field,field_test
31165,36,36,0.8874704478383987,0.609465689442527,strawberry,True,True,,strawberry_field,field_test
31166,36,36,0.9193852310786884,0.5290524863352888,strawberry,True,True,,strawberry_field,field_test
31167,36,36,0.9949643448534893,0.3524027989665087,strawberry,True,True,,strawberry_field,field_test
31168,36,36,0.9908945707609546,0.26139231149449293,strawberry,True,True,,strawberry_field,field_test
31169,36,36,0.7185819578886071,0.6529197614775772,strawberry,True,True,,strawberry_field,field_test
31170,36,36,0.9920115984481511,0.2578096829998472,strawberry,True,True,,strawberry_field,field_test
31171,36,36,0.9789194345630032,0.32087545511092896,strawberry,True,True,,strawberry_field,field_test
31172,36,36,0.8802259641838984,0.5736542858032712,strawberry,True,True,,strawberry_field,field_test
31179,36,0,0.0,,strawberry,False,False,image_too_blurry,strawberry_field,field_test
31180,36,36,0.9922511958447132,0.20291502315628207,strawberry,True,True,,strawberry_field,field_test
31181,36,36,0.9974106255846309,0.14873106996141772,strawberry,True,True,,strawberry_field,field_test
31182,36,36,0.9957651507462493,0.1986806590374246,strawberry,True,True,,strawberry_field,field_test
31183,36,36,0.9961931477568605,0.17866290808915286,strawberry,True,True,,strawberry_field,field_test
31184,36,36,0.9965572149306612,0.2173547649466847,strawberry,True,True,,strawberry_field,field_test
31190,36,36,0.9798110010149803,0.4467416140173238,strawberry,True,True,,strawberry_field,field_test
31194,36,36,0.9906483080570441,0.16709357185171014,strawberry,True,True,,strawberry_field,field_test
31195,36,36,0.992576966852919,0.15916737173397633,strawberry,True,True,,strawberry_field,field_test
31196,36,36,0.9932520616932203,0.16268958026538405,strawberry,True,True,,strawberry_field,field_test
31197,36,36,0.9913901463420075,0.23755652450340303,strawberry,True,True,,strawberry_field,field_test
31198,36,36,0.9959870703962748,0.17794833237955554,strawberry,True,True,,strawberry_field,field_test
31199,36,36,0.9905077401653058,0.22420777232390188,strawberry,True,True,,strawberry_field,field_test
31222,37,37,0.9963239262335092,0.04794145348956991,strawberry,True,True,,strawberry_field,field_test
31223,37,37,0.9980109592147143,0.09038502343997079,strawberry,True,True,,strawberry_field,field_test
31224,37,0,0.0,,strawberry,False,False,image_too_blurry,strawberry_field,field_test
31225,37,37,0.9963690543245238,0.05949719667461917,strawberry,True,True,,strawberry_field,field_test
31226,37,37,0.9965846269112132,0.06144275784132003,strawberry,True,True,,strawberry_field,field_test
31227,37,37,0.9954084547937138,0.10900304493893986,strawberry,True,True,,strawberry_field,field_test
31228,37,37,0.9965185393334229,0.09518218059960692,strawberry,True,True,,strawberry_field,field_test
31229,37,37,0.9970644370710986,0.04527750467460323,strawberry,True,True,,strawberry_field,field_test
31235,37,37,0.9958953140447275,0.057316768063204515,strawberry,True,True,,strawberry_field,field_test
31248,37,37,0.9974816109097369,0.06367300018996636,strawberry,True,True,,strawberry_field,field_test
31257,37,37,0.9916513101309202,0.12881939767209483,strawberry,True,True,,strawberry_field,field_test
31258,37,37,0.9961788943397836,0.05087503060540066,strawberry,True,True,,strawberry_field,field_test
31259,37,37,0.9965555707156342,0.060880685726839134,strawberry,True,True,,strawberry_field,field_test
31260,37,0,0.0,,strawberry,False,False,image_too_blurry,strawberry_field,field_test
31317,36,36,0.9915171489442542,0.20999303157676297,strawberry,True,True,,strawberry_field,field_test
31318,36,36,0.9904667552452893,0.1972352512850184,strawberry,True,True,,strawberry_field,field_test
31319,36,36,0.9926119214176822,0.1602986329991033,strawberry,True,True,,strawberry_field,field_test
31320,36,0,0.0,,strawberry,False,False,image_too_blurry,strawberry_field,field_test
31321,36,36,0.9934868538141328,0.15870526025911935,strawberry,True,True,,strawberry_field,field_test
31322,36,36,0.9802129566064272,0.38946921013185576,strawberry,True,True,,strawberry_field,field_test
31323,36,36,0.9952189469544583,0.17610325980626274,strawberry,True,True,,strawberry_field,field_test
31328,36,36,0.9770703009997856,0.33085391794427954,strawberry,True,True,,strawberry_field,field_test
31337,36,36,0.9631441518028949,0.4715489326248802,strawberry,True,True,,strawberry_field,field_test
31338,36,36,0.9126532046688444,0.6094762449458979,strawberry,True,True,,strawberry_field,field_test
31339,36,36,0.47931074677208374,0.716884623123192,strawberry,False,True,out_of_distribution,strawberry_field,field_test
31340,36,36,0.9240233970134752,0.5246507023712804,strawberry,True,True,,strawberry_field,field_test
31370,36,36,0.9933739843697031,0.3865331045035123,strawberry,True,True,,strawberry_field,field_test
31371,36,36,0.9918553653508809,0.2644101780929864,strawberry,True,True,,strawberry_field,field_test
31385,36,36,0.9851231300475483,0.31802479283955254,strawberry,True,True,,strawberry_field,field_test
31401,36,36,0.857722383053718,0.6546037535336446,strawberry,True,True,,strawberry_field,field_test
31402,36,35,0.8159340388506294,0.4295440466205842,strawberry,True,True,,strawberry_field,field_test
31403,36,36,0.6642919377769986,0.7029287518939416,strawberry,False,True,out_of_distribution,strawberry_field,field_test
31404,36,36,0.8561513913048995,0.5881620431771271,strawberry,True,True,,strawberry_field,field_test
31405,36,36,0.9651987294926077,0.4330494950841124,strawberry,True,True,,strawberry_field,field_test
31409,36,36,0.9829429188907307,0.23596334480944736,strawberry,True,True,,strawberry_field,field_test
31410,36,36,0.9971861820984591,0.15478725137338112,strawberry,True,True,,strawberry_field,field_test
31411,36,36,0.9960729317966759,0.22799956250178055,strawberry,True,True,,strawberry_field,field_test
31412,36,36,0.997666886681749,0.1863458678099943,strawberry,True,True,,strawberry_field,field_test
31413,36,36,0.9945542629188651,0.17861621144043527,strawberry,True,True,,strawberry_field,field_test
31414,36,36,0.9970755863086755,0.18682080816335245,strawberry,True,True,,strawberry_field,field_test
31451,37,37,0.9938751130676692,0.1228801232551342,strawberry,True,True,,strawberry_field,field_test
31470,37,37,0.984840127977028,0.1104600064750072,strawberry,True,True,,strawberry_field,field_test
31489,37,37,0.9970098649672188,0.14447241616267892,strawberry,True,True,,strawberry_field,field_test
31490,37,37,0.9952305827509668,0.12922635786399472,strawberry,True,True,,strawberry_field,field_test
31491,37,37,0.9955904405395114,0.07481173234424832,strawberry,True,True,,strawberry_field,field_test
31531,36,36,0.9648159386684702,0.31758775521541305,strawberry,True,True,,strawberry_field,field_test
31532,36,36,0.9406951637782838,0.38269358548057963,strawberry,True,True,,strawberry_field,field_test
31559,36,36,0.9966762859426709,0.18958508169700405,strawberry,True,True,,strawberry_field,field_test
31565,36,36,0.9888733068835988,0.281241292214091,strawberry,True,True,,strawberry_field,field_test
31566,36,36,0.9794933864675123,0.2988971646698293,strawberry,True,True,,strawberry_field,field_test
31567,36,36,0.9912588135207308,0.4024530941380756,strawberry,True,True,,strawberry_field,field_test
31568,36,36,0.9633724712596159,0.2486179495005063,strawberry,True,True,,strawberry_field,field_test
31569,36,36,0.9964800296038178,0.16747979331284646,strawberry,True,True,,strawberry_field,field_test
31585,36,36,0.9852917930557177,0.2949198883592328,strawberry,True,True,,strawberry_field,field_test
31586,36,36,0.9556910521750652,0.3568146439702967,strawberry,True,True,,strawberry_field,field_test
31587,36,36,0.9819692749360417,0.4132286874239176,strawberry,True,True,,strawberry_field,field_test
31588,36,36,0.9968413547341659,0.16280422037176845,strawberry,True,True,,strawberry_field,field_test
31600,36,36,0.9666642736445441,0.3244116969043491,strawberry,True,True,,strawberry_field,field_test
31601,36,36,0.9855819681793305,0.2943763412455894,strawberry,True,True,,strawberry_field,field_test
31602,36,36,0.9868312171563821,0.4041850463274703,strawberry,True,True,,strawberry_field,field_test
31603,36,36,0.9639859732122499,0.24549410059964938,strawberry,True,True,,strawberry_field,field_test
31617,35,35,0.9941982322384487,0.13289321969635315,strawberry,True,True,,strawberry_field,field_test
31625,35,35,0.9943231114058605,0.13244974206973792,strawberry,True,True,,strawberry_field,field_test
31635,35,35,0.9902239616810752,0.18663083949925496,strawberry,True,True,,strawberry_field,field_test
31639,35,0,0.0,,strawberry,False,False,image_too_blurry,strawberry_field,field_test
31660,35,35,0.9957171308896257,0.16090997521341688,strawberry,True,True,,strawberry_field,field_test
31661,35,35,0.9945815699316671,0.12119266330292344,strawberry,True,True,,strawberry_field,field_test
31662,35,35,0.9961679251638472,0.11765137666032532,strawberry,True,True,,strawberry_field,field_test
31669,35,35,0.9955016401186678,0.10682942151474584,strawberry,True,True,,strawberry_field,field_test
31682,36,36,0.9958969301019146,0.21379709454109752,strawberry,True,True,,strawberry_field,field_test
31722,35,35,0.992625897003058,0.18158414109209975,strawberry,True,True,,strawberry_field,field_test
31729,35,35,0.9965649087654245,0.09498793098144631,strawberry,True,True,,strawberry_field,field_test
31734,38,38,0.9914829318706063,0.16342762055114513,strawberry,True,True,,strawberry_field,field_test
31735,38,38,0.9476384335595357,0.3025273705214394,strawberry,True,True,,strawberry_field,field_test
31761,38,0,0.0,,strawberry,False,False,camera_obscured,strawberry_field,field_test
31762,38,38,0.9914779862987099,0.16726310891274232,strawberry,True,True,,strawberry_field,field_test
31763,38,38,0.9476622971274611,0.28119905792249167,strawberry,True,True,,strawberry_field,field_test
31786,35,35,0.9961103071036698,0.11392065580303623,strawberry,True,True,,strawberry_field,field_test
31805,35,35,0.994934708782974,0.15861172436654358,strawberry,True,True,,strawberry_field,field_test
31826,35,35,0.9977603376468206,0.10785783780472669,strawberry,True,True,,strawberry_field,field_test
31834,38,35,0.8331496554870598,0.37080226639890435,strawberry,True,True,,strawberry_field,field_test
31847,34,34,0.996315604646363,0.15829098952973664,strawberry,True,True,,strawberry_field,field_test
31859,34,34,0.9970237401784481,0.1061106433870751,strawberry,True,True,,strawberry_field,field_test
31876,34,34,0.9922139175226233,0.14912270436816577,strawberry,True,True,,strawberry_field,field_test
31881,34,34,0.9934577510204533,0.2040345526427061,strawberry,True,True,,strawberry_field,field_test
31892,34,34,0.9969645860711056,0.07612705633806727,strawberry,True,True,,strawberry_field,field_test
31898,34,34,0.996467659725025,0.07071232227327218,strawberry,True,True,,strawberry_field,field_test
31903,34,34,0.9972959058283657,0.07037956775187304,strawberry,True,True,,strawberry_field,field_test
31940,34,34,0.9967281956835888,0.05126622676226422,strawberry,True,True,,strawberry_field,field_test
31944,34,34,0.9967917517647596,0.0888497157932,strawberry,True,True,,strawberry_field,field_test
31947,34,34,0.9972966469366682,0.08520679134341447,strawberry,True,True,,strawberry_field,field_test
31948,34,34,0.9903776874972297,0.31611813233066655,strawberry,True,True,,strawberry_field,field_test
31961,34,34,0.9925434831074473,0.16408934157867994,strawberry,True,True,,strawberry_field,field_test
31964,34,34,0.996500524414605,0.11962075444173648,strawberry,True,True,,strawberry_field,field_test
31973,34,34,0.9938471439860653,0.12486723293399593,strawberry,True,True,,strawberry_field,field_test
31984,34,34,0.9957801090796136,0.10362894095739084,strawberry,True,True,,strawberry_field,field_test
31997,34,34,0.9966431617820588,0.15241991254230336,strawberry,True,True,,strawberry_field,field_test
31998,34,34,0.9931821077393034,0.06427322653335998,strawberry,True,True,,strawberry_field,field_test
32013,34,34,0.9966212751232201,0.08668708479924159,strawberry,True,True,,strawberry_field,field_test
32023,34,34,0.9952242655376916,0.1057160612823671,strawberry,True,True,,strawberry_field,field_test
32038,34,34,0.9964151425461921,0.11811599461794264,strawberry,True,True,,strawberry_field,field_test
32053,34,34,0.9968194570252513,0.05940451138760805,strawberry,True,True,,strawberry_field,field_test
32062,34,34,0.9954853943659756,0.08250327365211729,strawberry,True,True,,strawberry_field,field_test
32070,34,34,0.9977422869104167,0.06915467538744213,strawberry,True,True,,strawberry_field,field_test
32081,32,32,0.9968405637454003,0.09026685471849794,strawberry,True,True,,strawberry_field,field_test
32086,32,32,0.99555572633467,0.13400212003072365,strawberry,True,True,,strawberry_field,field_test
32097,32,32,0.9962838735322318,0.09715074327496953,strawberry,True,True,,strawberry_field,field_test
32105,32,32,0.9978906669341332,0.03564592034152336,strawberry,True,True,,strawberry_field,field_test
32112,32,32,0.9963728405242052,0.06507048639499535,strawberry,True,True,,strawberry_field,field_test
32119,32,32,0.9963914026853987,0.05563838737864346,strawberry,True,True,,strawberry_field,field_test
32124,32,32,0.9877516250746059,0.23609591302326116,strawberry,True,True,,strawberry_field,field_test
32130,32,32,0.9931650358932084,0.10894999465919553,strawberry,True,True,,strawberry_field,field_test
32131,32,32,0.9969598544820817,0.08846194944275054,strawberry,True,True,,strawberry_field,field_test
32135,32,32,0.9921229929936681,0.2083311267680703,strawberry,True,True,,strawberry_field,field_test
32136,32,32,0.7541071978939081,0.5617092271975841,strawberry,False,True,out_of_distribution,strawberry_field,field_test
32145,32,32,0.99732102985252,0.049888277410685355,strawberry,True,True,,strawberry_field,field_test
32149,32,32,0.9962693207451824,0.09352201374376712,strawberry,True,True,,strawberry_field,field_test
32157,32,32,0.996954328333644,0.060766748298461515,strawberry,True,True,,strawberry_field,field_test
32160,32,32,0.9965696375501693,0.09629720711751544,strawberry,True,True,,strawberry_field,field_test
32173,32,32,0.99687968295862,0.09570964969978057,strawberry,True,True,,strawberry_field,field_test
32176,32,32,0.9965563515902044,0.07964651646623333,strawberry,True,True,,strawberry_field,field_test
32181,32,32,0.9955639641798943,0.11371721605802532,strawberry,True,True,,strawberry_field,field_test
32187,32,32,0.9976042615868025,0.046877128262437395,strawberry,True,True,,strawberry_field,field_test
32207,32,32,0.998210546222092,0.04970017076940858,strawberry,True,True,,strawberry_field,field_test
32217,32,32,0.9954661114574682,0.16539301889009028,strawberry,True,True,,strawberry_field,field_test
32224,32,32,0.9972688968785602,0.1209446369125109,strawberry,True,True,,strawberry_field,field_test
32225,32,32,0.9965395014092545,0.14906155743302962,strawberry,True,True,,strawberry_field,field_test
32228,32,32,0.997510894533859,0.0987711687220939,strawberry,True,True,,strawberry_field,field_test
32229,32,32,0.9959063877025077,0.215294382237316,strawberry,True,True,,strawberry_field,field_test
32239,32,32,0.9976704389035314,0.06577996695863153,strawberry,True,True,,strawberry_field,field_test
32254,32,32,0.9950799244132541,0.13529402543751157,strawberry,True,True,,strawberry_field,field_test
32293,32,32,0.9977092381143141,0.03751211827174683,strawberry,True,True,,strawberry_field,field_test
32325,34,34,0.9944836809870125,0.19093738788917403,strawberry,True,True,,strawberry_field,field_test
32330,34,34,0.9968047372389885,0.1083798659416233,strawberry,True,True,,strawberry_field,field_test
32355,34,34,0.9966542829636527,0.08059625195623488,strawberry,True,True,,strawberry_field,field_test
32386,34,34,0.9970296700524014,0.1419256397475468,strawberry,True,True,,strawberry_field,field_test
32390,34,34,0.9969603399107063,0.13709369715252895,strawberry,True,True,,strawberry_field,field_test
32404,34,34,0.9965446013097503,0.10174528527672377,strawberry,True,True,,strawberry_field,field_test
32409,34,34,0.993872307177728,0.1534211597953571,strawberry,True,True,,strawberry_field,field_test
32415,34,34,0.993621872007542,0.13062980062568197,strawberry,True,True,,strawberry_field,field_test
32418,34,34,0.9952897167931287,0.11056258281391451,strawberry,True,True,,strawberry_field,field_test
32426,34,34,0.9811155765866987,0.14627632479110375,strawberry,True,True,,strawberry_field,field_test
32428,34,34,0.9934463979847488,0.18994644024630603,strawberry,True,True,,strawberry_field,field_test
32435,34,34,0.9977434730491435,0.04885077461974252,strawberry,True,True,,strawberry_field,field_test
32437,34,34,0.9961811812874105,0.06250449375893585,strawberry,True,True,,strawberry_field,field_test
32441,34,34,0.9934905778782427,0.12205977766892617,strawberry,True,True,,strawberry_field,field_test
32445,34,34,0.9948372807302729,0.12928643841737486,strawberry,True,True,,strawberry_field,field_test
32447,34,34,0.9966254003063197,0.1120705402943023,strawberry,True,True,,strawberry_field,field_test
32448,34,34,0.9923363008908492,0.1624992898290828,strawberry,True,True,,strawberry_field,field_test
32475,34,34,0.9962530820491204,0.14071850069481628,strawberry,True,True,,strawberry_field,field_test
32487,34,34,0.9970517080579341,0.06790955092502171,strawberry,True,True,,strawberry_field,field_test
32490,34,34,0.994612354247043,0.13357041653828472,strawberry,True,True,,strawberry_field,field_test
32520,34,34,0.996252860802867,0.09924793298875179,strawberry,True,True,,strawberry_field,field_test
32521,34,34,0.9972975239284599,0.07556206438384694,strawberry,True,True,,strawberry_field,field_test
32539,34,34,0.9976660737859353,0.08958286789922743,strawberry,True,True,,strawberry_field,field_test
32547,34,34,0.9963285913216812,0.07986900422262888,strawberry,True,True,,strawberry_field,field_test
32559,34,34,0.9965436617243053,0.0936393860813246,strawberry,True,True,,strawberry_field,field_test
32572,34,34,0.9942976169694534,0.16333800777759233,strawberry,True,True,,strawberry_field,field_test
32582,34,34,0.9974976889499197,0.07464747055394028,strawberry,True,True,,strawberry_field,field_test
32587,34,34,0.9947653900492831,0.11181806946914719,strawberry,True,True,,strawberry_field,field_test
32590,34,34,0.997444466179538,0.09289349312571482,strawberry,True,True,,strawberry_field,field_test
32592,34,34,0.9962154926627814,0.046783364774287794,strawberry,True,True,,strawberry_field,field_test
32595,34,34,0.9935078045265879,0.1891245543379747,strawberry,True,True,,strawberry_field,field_test
32603,34,34,0.9947537214477687,0.18990391133710782,strawberry,True,True,,strawberry_field,field_test
32636,34,34,0.9951271732857551,0.11596085617427232,strawberry,True,True,,strawberry_field,field_test
32638,34,34,0.9962770017491569,0.0810948543465958,strawberry,True,True,,strawberry_field,field_test
32644,34,34,0.99666015025695,0.12567167705422966,strawberry,True,True,,strawberry_field,field_test
32658,34,34,0.996943690393415,0.12231955189968158,strawberry,True,True,,strawberry_field,field_test
32679,34,34,0.9962983038728501,0.11634140293258466,strawberry,True,True,,strawberry_field,field_test
32686,34,34,0.994679162609335,0.11172220479156048,strawberry,True,True,,strawberry_field,field_test
32694,34,34,0.9897208390754064,0.17775800934275554,strawberry,True,True,,strawberry_field,field_test
32699,34,34,0.9970086596362538,0.06718409718431817,strawberry,True,True,,strawberry_field,field_test
32706,34,34,0.9962374033764388,0.11617273183327015,strawberry,True,True,,strawberry_field,field_test
32712,34,34,0.9929111047391803,0.1281941628335752,strawberry,True,True,,strawberry_field,field_test
32717,34,34,0.9928923936794287,0.12201439258470459,strawberry,True,True,,strawberry_field,field_test
32719,34,34,0.9937328528075293,0.13344320025900003,strawberry,True,True,,strawberry_field,field_test
32721,34,34,0.9925370144499929,0.15358571525613074,strawberry,True,True,,strawberry_field,field_test
32725,34,34,0.9951814368445359,0.054056602898778894,strawberry,True,True,,strawberry_field,field_test
32728,34,34,0.9974998488634639,0.0642875179211937,strawberry,True,True,,strawberry_field,field_test
32732,34,34,0.9933833335319964,0.18846814606714024,strawberry,True,True,,strawberry_field,field_test
32734,34,34,0.9981793054797135,0.04050873514510811,strawberry,True,True,,strawberry_field,field_test
32756,34,34,0.9965139528055608,0.1130668165032449,strawberry,True,True,,strawberry_field,field_test
32765,34,34,0.9739298028894278,0.3278577994440356,strawberry,True,True,,strawberry_field,field_test
32770,34,34,0.99785730627547,0.08896624430343691,strawberry,True,True,,strawberry_field,field_test
32771,34,34,0.9931400202270957,0.1358536766486823,strawberry,True,True,,strawberry_field,field_test
32784,32,32,0.996735373872532,0.2087750933851652,strawberry,True,True,,strawberry_field,field_test
32805,27,27,0.863138799819024,0.6127512127434507,eggplant,True,True,,eggplant_field,field_test
32817,27,27,0.9892149482874272,0.15156397282644185,eggplant,True,True,,eggplant_field,field_test
32819,27,27,0.9962206707045207,0.05743149491596444,eggplant,True,True,,eggplant_field,field_test
32823,27,27,0.6581014269449909,0.6308111576875298,eggplant,True,True,,eggplant_field,field_test
32825,27,27,0.9937250943942396,0.11107303211864628,eggplant,True,True,,eggplant_field,field_test
32839,27,27,0.9980208145123571,0.061226489922736715,eggplant,True,True,,eggplant_field,field_test
32840,27,27,0.9943713955196494,0.12463573635840186,eggplant,True,True,,eggplant_field,field_test
32847,28,28,0.992291560689279,0.3439112082293496,eggplant,True,True,,eggplant_field,field_test
32848,28,28,0.9948142103356451,0.3279852382232923,eggplant,True,True,,eggplant_field,field_test
32859,27,27,0.9924059315799858,0.08555996281645972,eggplant,True,True,,eggplant_field,field_test
32862,29,29,0.971699357503507,0.2087691963652789,eggplant,True,True,,eggplant_field,field_test
32896,28,28,0.989935199063811,0.27496310028243465,eggplant,True,True,,eggplant_field,field_test
32897,28,28,0.9794966385002224,0.2798515131922895,eggplant,True,True,,eggplant_field,field_test
32910,26,26,0.9921369175385417,0.34391394424092536,eggplant,True,True,,eggplant_field,field_test
32913,26,26,0.9925264340510032,0.23906133694183196,eggplant,True,True,,eggplant_field,field_test
32926,26,26,0.9983932349748288,0.13383588830233428,eggplant,True,True,,eggplant_field,field_test
32927,26,26,0.9983690707880518,0.09328427764519565,eggplant,True,True,,eggplant_field,field_test
32956,26,26,0.9909252618739351,0.2532001628087994,eggplant,True,True,,eggplant_field,field_test
32983,27,27,0.9950376468710186,0.06138565748369618,eggplant,True,True,,eggplant_field,field_test
32991,27,27,0.4111781483875598,0.7894223821721581,eggplant,False,True,out_of_distribution,eggplant_field,field_test
33002,26,26,0.9985912222320669,0.12644580438682196,eggplant,True,True,,eggplant_field,field_test
33016,27,27,0.7444390936557093,0.6547753957646629,eggplant,True,True,,eggplant_field,field_test
33024,20,20,0.9981852945580771,0.18738125672677086,pepper,True,True,,pepper_field,field_test
33048,20,20,0.9959597467448371,0.17423644447650877,pepper,True,True,,pepper_field,field_test
33054,20,20,0.9691743546527422,0.5047938142910722,pepper,True,True,,pepper_field,field_test
33057,20,20,0.9946399247845824,0.20813358367028822,pepper,True,True,,pepper_field,field_test
33058,20,20,0.9975770256276637,0.11807244095713121,pepper,True,True,,pepper_field,field_test
33066,20,20,0.995779148516295,0.14499475338473333,pepper,True,True,,pepper_field,field_test
33074,20,20,0.990515102017336,0.38919969192549153,pepper,True,True,,pepper_field,field_test
33109,31,31,0.9909257323626024,0.2140689891090355,eggplant,True,True,,eggplant_field,field_test
33110,31,31,0.9951165392802694,0.08477418393072123,eggplant,True,True,,eggplant_field,field_test
33117,31,31,0.9968395638319127,0.15210666465609624,eggplant,True,True,,eggplant_field,field_test
33139,31,31,0.9969082360652058,0.07360407680038339,eggplant,True,True,,eggplant_field,field_test
33140,31,31,0.9948865517825993,0.15233038166681767,eggplant,True,True,,eggplant_field,field_test
33164,31,31,0.9941706952188777,0.1767997206625782,eggplant,True,True,,eggplant_field,field_test
33191,32,32,0.995088883514195,0.05273978111904354,strawberry,True,True,,strawberry_field,field_test
33200,32,32,0.9962833901653904,0.058934312574803194,strawberry,True,True,,strawberry_field,field_test
33212,32,32,0.9964426111032588,0.0767442559832835,strawberry,True,True,,strawberry_field,field_test
33223,32,32,0.9969554565159096,0.07629292882450467,strawberry,True,True,,strawberry_field,field_test
33226,32,32,0.9941829112451693,0.10253546163484029,strawberry,True,True,,strawberry_field,field_test
33229,32,32,0.9963214236230213,0.053401028986743926,strawberry,True,True,,strawberry_field,field_test
33261,32,32,0.9964752159675161,0.14158329586137897,strawberry,True,True,,strawberry_field,field_test
33264,32,32,0.9978455786408664,0.10118034679597765,strawberry,True,True,,strawberry_field,field_test
33292,32,32,0.9970865874600264,0.12551205213885397,strawberry,True,True,,strawberry_field,field_test
33293,32,32,0.9971173336308874,0.07210090350890308,strawberry,True,True,,strawberry_field,field_test
33303,32,32,0.9981976493531948,0.08495285447617973,strawberry,True,True,,strawberry_field,field_test
33305,32,32,0.9972416529462909,0.07683973927706922,strawberry,True,True,,strawberry_field,field_test
33318,32,32,0.9951479881459185,0.13916108255234838,strawberry,True,True,,strawberry_field,field_test
33340,32,32,0.9948640303578096,0.16174462794994793,strawberry,True,True,,strawberry_field,field_test
33358,32,32,0.9968625058455151,0.07383881815232884,strawberry,True,True,,strawberry_field,field_test
33363,32,32,0.997107823555715,0.05092678497586112,strawberry,True,True,,strawberry_field,field_test
33372,32,32,0.9968386555195776,0.06683995976846413,strawberry,True,True,,strawberry_field,field_test
33386,32,32,0.996695298375477,0.08849320335007982,strawberry,True,True,,strawberry_field,field_test
33405,32,32,0.9930440794231992,0.12216548479026224,strawberry,True,True,,strawberry_field,field_test
33408,32,32,0.9971919029231741,0.0867836849175595,strawberry,True,True,,strawberry_field,field_test
33422,25,25,0.9961203672602713,0.06983586725039159,eggplant,True,True,,eggplant_field,field_test
33427,25,25,0.9965946665775238,0.07945735659290021,eggplant,True,True,,eggplant_field,field_test
33439,25,25,0.9043103382909556,0.32304033342287486,eggplant,True,True,,eggplant_field,field_test
33451,32,32,0.9967009105312057,0.08121948182868943,strawberry,True,True,,strawberry_field,field_test
33458,32,32,0.9955776921085804,0.07942081127099909,strawberry,True,True,,strawberry_field,field_test
33460,32,32,0.9973977091547302,0.15260966999297443,strawberry,True,True,,strawberry_field,field_test
33466,32,32,0.9932690892550874,0.0918109915833254,strawberry,True,True,,strawberry_field,field_test
33476,25,25,0.9955632609300741,0.12422178471075529,eggplant,True,True,,eggplant_field,field_test
33480,25,25,0.9975283324008838,0.07848777743132884,eggplant,True,True,,eggplant_field,field_test
33486,26,26,0.9952558988691361,0.2778400485997994,eggplant,True,True,,eggplant_field,field_test
33493,26,26,0.9583096363774889,0.3119583968315689,eggplant,True,True,,eggplant_field,field_test
33498,26,26,0.9982083591775164,0.10647634632002978,eggplant,True,True,,eggplant_field,field_test
33520,25,25,0.31488369100840735,0.6998537904447727,eggplant,False,True,low_confidence,eggplant_field,field_test
33522,25,25,0.932410109572694,0.43261663869641254,eggplant,True,True,,eggplant_field,field_test
33533,32,32,0.997675656146564,0.10005955059522265,strawberry,True,True,,strawberry_field,field_test
33561,32,32,0.9976965421055363,0.08436567924496918,strawberry,True,True,,strawberry_field,field_test
33573,32,32,0.9898266049652936,0.20803231869141325,strawberry,True,True,,strawberry_field,field_test
33609,32,32,0.9974351298827147,0.05907837104151037,strawberry,True,True,,strawberry_field,field_test
33623,32,32,0.996500622112358,0.0676703498564285,strawberry,True,True,,strawberry_field,field_test
33625,32,32,0.9969009956401589,0.07020256574585848,strawberry,True,True,,strawberry_field,field_test
33645,32,32,0.9924443842489128,0.18663201402968044,strawberry,True,True,,strawberry_field,field_test
33646,32,32,0.9970510585518186,0.1087267915361646,strawberry,True,True,,strawberry_field,field_test
33648,32,32,0.9926619928993168,0.10502616555309752,strawberry,True,True,,strawberry_field,field_test
33714,37,37,0.9934125269631106,0.0934335680547278,strawberry,True,True,,strawberry_field,field_test
33715,37,37,0.9953417279665988,0.05004981628969052,strawberry,True,True,,strawberry_field,field_test
33716,37,37,0.9951169034162499,0.05013651627751092,strawberry,True,True,,strawberry_field,field_test
33853,37,37,0.9715716247939387,0.07738456087351198,strawberry,True,True,,strawberry_field,field_test
33854,37,37,0.9791959537052536,0.0793807018382211,strawberry,True,True,,strawberry_field,field_test
33855,37,0,0.0,,strawberry,False,False,image_too_blurry,strawberry_field,field_test
33866,37,37,0.9960925971700423,0.05515367301471508,strawberry,True,True,,strawberry_field,field_test
33867,37,37,0.9962413335647806,0.09565841475249237,strawberry,True,True,,strawberry_field,field_test
33868,37,37,0.9965766884690803,0.07725386023815473,strawberry,True,True,,strawberry_field,field_test
33869,37,37,0.996492876356401,0.05698709166488314,strawberry,True,True,,strawberry_field,field_test
33870,37,37,0.9969041827367906,0.05838636371592565,strawberry,True,True,,strawberry_field,field_test
33871,37,37,0.9974784605694353,0.0697285921654629,strawberry,True,True,,strawberry_field,field_test
33889,37,37,0.9944678164196983,0.1326135749051307,strawberry,True,True,,strawberry_field,field_test
33900,37,37,0.9973289382846539,0.07409206060481921,strawberry,True,True,,strawberry_field,field_test
33901,37,37,0.9949080209236872,0.1070404166350083,strawberry,True,True,,strawberry_field,field_test
33902,37,37,0.9933662504780452,0.14450119730138378,strawberry,True,True,,strawberry_field,field_test
33904,37,37,0.9957583468271307,0.16203302403945063,strawberry,True,True,,strawberry_field,field_test
33905,37,37,0.9880079789774049,0.24578881775654393,strawberry,True,True,,strawberry_field,field_test
33906,37,37,0.9932013817755616,0.0850907791822112,strawberry,True,True,,strawberry_field,field_test
33907,37,37,0.9952328669143454,0.075465217608504,strawberry,True,True,,strawberry_field,field_test
33908,37,37,0.9956006457695241,0.1310997201054389,strawberry,True,True,,strawberry_field,field_test
33909,37,37,0.9938964055483771,0.14131557321373078,strawberry,True,True,,strawberry_field,field_test
33964,37,37,0.9933502777511727,0.07092522065449613,strawberry,True,True,,strawberry_field,field_test
33976,37,37,0.9931367423779496,0.06718186500330714,strawberry,True,True,,strawberry_field,field_test
33977,37,37,0.9977339249159356,0.06830021173859113,strawberry,True,True,,strawberry_field,field_test
33978,37,37,0.9957131011927643,0.09933264235706252,strawberry,True,True,,strawberry_field,field_test
33979,37,37,0.9967026081316092,0.09415427188382652,strawberry,True,True,,strawberry_field,field_test
34001,37,37,0.9828114131332989,0.14142437305232036,strawberry,True,True,,strawberry_field,field_test
34002,37,37,0.9919397855141079,0.07401304838895606,strawberry,True,True,,strawberry_field,field_test
34003,37,37,0.9956763287425222,0.12958334800196303,strawberry,True,True,,strawberry_field,field_test
34004,37,37,0.9956048484858715,0.13699429618839365,strawberry,True,True,,strawberry_field,field_test
34072,37,37,0.9925269922073804,0.05623951368870994,strawberry,True,True,,strawberry_field,field_test
34073,37,37,0.9955755026216911,0.09053457872974002,strawberry,True,True,,strawberry_field,field_test
34074,37,37,0.9938031094114115,0.05112707940521366,strawberry,True,True,,strawberry_field,field_test
34075,37,37,0.9936639082773291,0.05247596915950237,strawberry,True,True,,strawberry_field,field_test
34076,37,0,0.0,,strawberry,False,False,image_too_blurry,strawberry_field,field_test
34077,37,37,0.9968224719795684,0.06787338603750936,strawberry,True,True,,strawberry_field,field_test
34114,37,37,0.995126959365881,0.17608310257368798,strawberry,True,True,,strawberry_field,field_test
34115,37,37,0.9841790235696517,0.12695425945861327,strawberry,True,True,,strawberry_field,field_test
34116,37,37,0.997266905188955,0.060656189965829,strawberry,True,True,,strawberry_field,field_test
34117,37,37,0.989094525025092,0.16082475652358208,strawberry,True,True,,strawberry_field,field_test
34118,37,37,0.9954690366354256,0.07812466189504974,strawberry,True,True,,strawberry_field,field_test
34173,37,37,0.9947406772281021,0.10926725258192016,strawberry,True,True,,strawberry_field,field_test
34174,37,37,0.9944913220331981,0.15535422737555904,strawberry,True,True,,strawberry_field,field_test
34239,37,37,0.9977303912869314,0.035216224887022696,strawberry,True,True,,strawberry_field,field_test
34240,37,37,0.996071249246485,0.09675052656385397,strawberry,True,True,,strawberry_field,field_test
34241,37,37,0.9968423134230335,0.033576496801108524,strawberry,True,True,,strawberry_field,field_test
34247,36,36,0.9941809791388174,0.09070774528275383,strawberry,True,True,,strawberry_field,field_test
34248,36,0,0.0,,strawberry,False,False,image_too_blurry,strawberry_field,field_test
34249,36,36,0.9904084436419263,0.24765396004217766,strawberry,True,True,,strawberry_field,field_test
34259,37,37,0.9953649537776244,0.10196149144865141,strawberry,True,True,,strawberry_field,field_test
34274,36,0,0.0,,strawberry,False,False,image_too_blurry,strawberry_field,field_test
34275,36,36,0.9872323012428925,0.21382789872018426,strawberry,True,True,,strawberry_field,field_test
34295,36,0,0.0,,strawberry,False,False,image_too_blurry,strawberry_field,field_test
34296,36,36,0.9963986225388393,0.06236703135993227,strawberry,True,True,,strawberry_field,field_test
34297,36,36,0.996018949987309,0.049783893089800246,strawberry,True,True,,strawberry_field,field_test
34298,36,36,0.9876220336859485,0.23009652133199188,strawberry,True,True,,strawberry_field,field_test
34299,36,36,0.9961331325329624,0.0726870795618233,strawberry,True,True,,strawberry_field,field_test
34300,36,36,0.9962844232213459,0.053047242007358,strawberry,True,True,,strawberry_field,field_test
34301,37,37,0.9878528648445918,0.13867041677527991,strawberry,True,True,,strawberry_field,field_test
34302,37,37,0.991391886580592,0.1642692360938518,strawberry,True,True,,strawberry_field,field_test
34318,37,37,0.9876264181710451,0.19193765974546184,strawberry,True,True,,strawberry_field,field_test
34330,37,37,0.9963556489046466,0.0847475257534206,strawberry,True,True,,strawberry_field,field_test
34335,37,37,0.9942631940151188,0.15916313373176205,strawberry,True,True,,strawberry_field,field_test
34336,37,37,0.9956180899109259,0.15048723193666969,strawberry,True,True,,strawberry_field,field_test
34337,37,37,0.9869247822712469,0.17059196232076168,strawberry,True,True,,strawberry_field,field_test
34338,37,37,0.9969551641618271,0.08865704410207753,strawberry,True,True,,strawberry_field,field_test
34356,37,37,0.9972463825448029,0.07272645059092353,strawberry,True,True,,strawberry_field,field_test
34357,37,37,0.9963754583417804,0.07236998815228413,strawberry,True,True,,strawberry_field,field_test
34358,37,37,0.996147063113167,0.03380330150369737,strawberry,True,True,,strawberry_field,field_test
34364,37,0,0.0,,strawberry,False,False,image_too_blurry,strawberry_field,field_test
34390,37,37,0.9950838352238801,0.05726065627769916,strawberry,True,True,,strawberry_field,field_test
34394,37,0,0.0,,strawberry,False,False,image_too_blurry,strawberry_field,field_test
34395,37,0,0.0,,strawberry,False,False,image_too_blurry,strawberry_field,field_test
34402,37,37,0.9957193840538315,0.06525956042399184,strawberry,True,True,,strawberry_field,field_test
34403,37,37,0.9957160776274976,0.05176908020710713,strawberry,True,True,,strawberry_field,field_test
34421,37,37,0.9957275291630328,0.1068219178941201,strawberry,True,True,,strawberry_field,field_test
34422,37,37,0.9926341289613613,0.05077010157606998,strawberry,True,True,,strawberry_field,field_test
34423,37,37,0.9944499680336979,0.05067015999227975,strawberry,True,True,,strawberry_field,field_test
34424,37,37,0.9965087832676738,0.09780869006845527,strawberry,True,True,,strawberry_field,field_test
34425,37,37,0.9942468520043641,0.1439378106586221,strawberry,True,True,,strawberry_field,field_test
34426,37,37,0.985693989274035,0.14649850181827062,strawberry,True,True,,strawberry_field,field_test
34427,37,37,0.9958609969922684,0.09090944516729149,strawberry,True,True,,strawberry_field,field_test
34428,37,37,0.99682657954518,0.08933265522900435,strawberry,True,True,,strawberry_field,field_test
34434,37,37,0.9909845166900938,0.06763025531813138,strawberry,True,True,,strawberry_field,field_test
34435,37,37,0.9945917363938575,0.06730370392631779,strawberry,True,True,,strawberry_field,field_test
34437,37,37,0.9965894405281446,0.09371311068547583,strawberry,True,True,,strawberry_field,field_test
34438,37,37,0.9971564689532333,0.055046072463668105,strawberry,True,True,,strawberry_field,field_test
34449,37,37,0.9957244950678017,0.1193385868892215,strawberry,True,True,,strawberry_field,field_test
34450,37,37,0.9952087663094686,0.06835832814702902,strawberry,True,True,,strawberry_field,field_test
34451,37,37,0.9931291599149408,0.11805289741742653,strawberry,True,True,,strawberry_field,field_test
34478,37,0,0.0,,strawberry,False,False,image_too_blurry,strawberry_field,field_test
34479,37,37,0.9939107646019221,0.112151090089192,strawberry,True,True,,strawberry_field,field_test
34484,37,37,0.9905425147398919,0.09762046241781153,strawberry,True,True,,strawberry_field,field_test
34500,37,37,0.9925103280956307,0.0876765229949743,strawberry,True,True,,strawberry_field,field_test
34503,37,37,0.9962964940537299,0.07046631670432923,strawberry,True,True,,strawberry_field,field_test
34519,37,0,0.0,,strawberry,False,False,image_too_blurry,strawberry_field,field_test
34520,37,37,0.9943590407199163,0.11717229711691401,strawberry,True,True,,strawberry_field,field_test
34521,37,37,0.9961425601044253,0.0800850755261131,strawberry,True,True,,strawberry_field,field_test
34522,37,37,0.8839770258880386,0.11841718096963816,strawberry,True,True,,strawberry_field,field_test
34523,37,37,0.9533140229518149,0.1231800245464385,strawberry,True,True,,strawberry_field,field_test
34539,37,37,0.9940198857332856,0.06893805554481713,strawberry,True,True,,strawberry_field,field_test
34550,37,37,0.9964886681320092,0.06718214774147713,strawberry,True,True,,strawberry_field,field_test
34555,37,37,0.9958088743271315,0.04452874128062634,strawberry,True,True,,strawberry_field,field_test
34556,37,37,0.9957539826992505,0.07266782809565298,strawberry,True,True,,strawberry_field,field_test
34557,37,37,0.9963068874079324,0.0702317061373543,strawberry,True,True,,strawberry_field,field_test
34566,37,37,0.9942592276125098,0.14896014574054517,strawberry,True,True,,strawberry_field,field_test
34567,37,37,0.9968345745391196,0.05549144879831758,strawberry,True,True,,strawberry_field,field_test
34568,37,37,0.9951448629628374,0.04016776917950837,strawberry,True,True,,strawberry_field,field_test
34569,37,37,0.9910270093820501,0.08093878640631269,strawberry,True,True,,strawberry_field,field_test
34570,37,37,0.992289795047003,0.16412346522097876,strawberry,True,True,,strawberry_field,field_test
34595,37,37,0.9962479181503108,0.05599655334080089,strawberry,True,True,,strawberry_field,field_test
34627,37,37,0.9962577500415667,0.04047764759110706,strawberry,True,True,,strawberry_field,field_test
34643,37,37,0.9934304853611284,0.07228102519136204,strawberry,True,True,,strawberry_field,field_test
34689,37,37,0.9971872458479005,0.040940198869150346,strawberry,True,True,,strawberry_field,field_test
34691,37,37,0.9954163863882265,0.09027612144132557,strawberry,True,True,,strawberry_field,field_test
34692,37,37,0.9949204935906251,0.07071556256641087,strawberry,True,True,,strawberry_field,field_test
34693,37,37,0.9953625404727655,0.11373306918563708,strawberry,True,True,,strawberry_field,field_test
34694,37,37,0.9969290334761036,0.11681128819141307,strawberry,True,True,,strawberry_field,field_test
34695,37,0,0.0,,strawberry,False,False,image_too_blurry,strawberry_field,field_test
34711,37,37,0.9761311295476023,0.14192876461604498,strawberry,True,True,,strawberry_field,field_test
34712,37,37,0.9971103748062087,0.06614053046343571,strawberry,True,True,,strawberry_field,field_test
34713,37,37,0.9977230833849098,0.08700349416351205,strawberry,True,True,,strawberry_field,field_test
34714,37,37,0.9955032609973729,0.06934629717412188,strawberry,True,True,,strawberry_field,field_test
34716,36,0,0.0,,strawberry,False,False,image_too_blurry,strawberry_field,field_test
34717,36,36,0.9905866257338812,0.18825896092703076,strawberry,True,True,,strawberry_field,field_test
34749,36,0,0.0,,strawberry,False,False,image_too_blurry,strawberry_field,field_test
34750,36,0,0.0,,strawberry,False,False,image_too_blurry,strawberry_field,field_test
34767,36,36,0.996264985201141,0.07856367476609738,strawberry,True,True,,strawberry_field,field_test
34768,36,36,0.9952867327612505,0.14543541784196123,strawberry,True,True,,strawberry_field,field_test
34776,36,36,0.9937994226637106,0.09064917139643813,strawberry,True,True,,strawberry_field,field_test
34790,36,36,0.9926188191239992,0.15368182614914505,strawberry,True,True,,strawberry_field,field_test
34839,34,34,0.9930207692219939,0.18247826178682902,strawberry,True,True,,strawberry_field,field_test
34860,34,34,0.9959877638398886,0.10516239981881736,strawberry,True,True,,strawberry_field,field_test
34928,34,34,0.9951953450544845,0.08769467897800287,strawberry,True,True,,strawberry_field,field_test
34934,34,34,0.9964501785768338,0.11390057905593409,strawberry,True,True,,strawberry_field,field_test
34964,37,37,0.9971344861330992,0.1224197718528206,strawberry,True,True,,strawberry_field,field_test
34965,37,37,0.996136206851181,0.0805433813603198,strawberry,True,True,,strawberry_field,field_test
34966,37,37,0.99114249591821,0.13178483923352924,strawberry,True,True,,strawberry_field,field_test
34967,37,37,0.9958925840354005,0.0660483400085824,strawberry,True,True,,strawberry_field,field_test
35070,36,36,0.9955669617339257,0.07393001526282972,strawberry,True,True,,strawberry_field,field_test
35071,36,36,0.9956588408831422,0.06948066761484051,strawberry,True,True,,strawberry_field,field_test
35072,36,36,0.9969897123664253,0.060637088775276626,strawberry,True,True,,strawberry_field,field_test
35082,37,37,0.9912985576433122,0.06341813414124409,strawberry,True,True,,strawberry_field,field_test
35083,37,37,0.99553204442278,0.056334442587211875,strawberry,True,True,,strawberry_field,field_test
35084,37,37,0.9942126334787287,0.09498603097906344,strawberry,True,True,,strawberry_field,field_test
35085,37,37,0.9961642347762347,0.07147613202343572,strawberry,True,True,,strawberry_field,field_test
35090,37,37,0.9963922898732585,0.04209286934530376,strawberry,True,True,,strawberry_field,field_test
35091,37,37,0.9926841718177208,0.0670283402038544,strawberry,True,True,,strawberry_field,field_test
35092,37,37,0.9963599165268894,0.061526856393159246,strawberry,True,True,,strawberry_field,field_test
35093,37,37,0.9956724049494292,0.05533596485590997,strawberry,True,True,,strawberry_field,field_test
35102,36,0,0.0,,strawberry,False,False,image_too_blurry,strawberry_field,field_test
35142,38,0,0.0,,strawberry,False,False,image_too_blurry,strawberry_field,field_test
35143,38,0,0.0,,strawberry,False,False,camera_obscured,strawberry_field,field_test
35144,38,0,0.0,,strawberry,False,False,camera_obscured,strawberry_field,field_test
35212,37,37,0.9954356829073744,0.11858980840597777,strawberry,True,True,,strawberry_field,field_test
35213,37,37,0.9960810423176369,0.04716577793223209,strawberry,True,True,,strawberry_field,field_test
35214,37,37,0.9941619837272678,0.060876083235216205,strawberry,True,True,,strawberry_field,field_test
35215,37,37,0.9953950632830582,0.03693933122300397,strawberry,True,True,,strawberry_field,field_test
35223,37,37,0.9956018972769415,0.07463433695797905,strawberry,True,True,,strawberry_field,field_test
35224,37,37,0.9958725270780875,0.059708489587940505,strawberry,True,True,,strawberry_field,field_test
35225,37,37,0.9957350428435869,0.05003504342378273,strawberry,True,True,,strawberry_field,field_test
35226,37,37,0.9939504781382303,0.06909139088568261,strawberry,True,True,,strawberry_field,field_test
35227,37,0,0.0,,strawberry,False,False,image_too_blurry,strawberry_field,field_test
35228,37,37,0.9955441526848332,0.13478258013969346,strawberry,True,True,,strawberry_field,field_test
35229,37,0,0.0,,strawberry,False,False,image_too_blurry,strawberry_field,field_test
35230,37,0,0.0,,strawberry,False,False,image_too_blurry,strawberry_field,field_test
35231,37,0,0.0,,strawberry,False,False,image_too_blurry,strawberry_field,field_test
35232,37,37,0.9964510322455259,0.06185262917551104,strawberry,True,True,,strawberry_field,field_test
35233,37,0,0.0,,strawberry,False,False,image_too_blurry,strawberry_field,field_test
35234,37,0,0.0,,strawberry,False,False,image_too_blurry,strawberry_field,field_test
35235,37,0,0.0,,strawberry,False,False,image_too_blurry,strawberry_field,field_test
35236,37,0,0.0,,strawberry,False,False,image_too_blurry,strawberry_field,field_test
35289,37,0,0.0,,strawberry,False,False,image_too_blurry,strawberry_field,field_test
35290,37,37,0.9952879960041301,0.07961154889357092,strawberry,True,True,,strawberry_field,field_test
35291,37,37,0.9948097051432286,0.05802914697401984,strawberry,True,True,,strawberry_field,field_test
35292,37,37,0.994882983900336,0.08406225211098528,strawberry,True,True,,strawberry_field,field_test
35293,37,37,0.9962170437576371,0.06340485264354623,strawberry,True,True,,strawberry_field,field_test
35294,37,37,0.9969471396619058,0.042285207721492024,strawberry,True,True,,strawberry_field,field_test
35295,37,37,0.9892981328408298,0.17786003613087975,strawberry,True,True,,strawberry_field,field_test
35369,36,0,0.0,,strawberry,False,False,image_too_blurry,strawberry_field,field_test
35377,36,0,0.0,,strawberry,False,False,image_too_blurry,strawberry_field,field_test
35378,36,36,0.9973566748293801,0.10048317864980105,strawberry,True,True,,strawberry_field,field_test
35379,36,36,0.9960324708196695,0.09756405905709076,strawberry,True,True,,strawberry_field,field_test
35380,36,36,0.9938851998798577,0.2025923521029429,strawberry,True,True,,strawberry_field,field_test
35381,36,36,0.9902434223918226,0.2237714497160641,strawberry,True,True,,strawberry_field,field_test
35382,36,36,0.9978474140371356,0.17930519899508202,strawberry,True,True,,strawberry_field,field_test
35384,36,36,0.9861350492300491,0.2346745984238302,strawberry,True,True,,strawberry_field,field_test
35395,36,36,0.9950845928614436,0.10554192557697273,strawberry,True,True,,strawberry_field,field_test
35430,35,0,0.0,,strawberry,False,False,image_too_blurry,strawberry_field,field_test
35431,35,35,0.9961079810703655,0.11754005114219956,strawberry,True,True,,strawberry_field,field_test
35439,35,35,0.9864760215897707,0.1971353192504367,strawberry,True,True,,strawberry_field,field_test
35446,35,35,0.9909309194241868,0.18265013792784535,strawberry,True,True,,strawberry_field,field_test
35451,35,35,0.9896196638393745,0.16680271090486665,strawberry,True,True,,strawberry_field,field_test
35454,35,35,0.9965281863539188,0.12011813049428388,strawberry,True,True,,strawberry_field,field_test
35484,35,35,0.9958571608193899,0.3372455677811088,strawberry,False,True,out_of_distribution,strawberry_field,field_test
35501,35,35,0.9942273482502314,0.07925871135236595,strawberry,True,True,,strawberry_field,field_test
35522,35,35,0.9947603864194328,0.07706347260978819,strawberry,True,True,,strawberry_field,field_test
35552,22,22,0.9943973927149232,0.11688784629443139,pepper,True,True,,pepper_field,field_test
35557,22,22,0.9979127546603467,0.11081509285462632,pepper,True,True,,pepper_field,field_test
35558,22,22,0.9354630126756178,0.3758286902749628,pepper,True,True,,pepper_field,field_test
35561,22,22,0.9948285608687184,0.1255924669524745,pepper,True,True,,pepper_field,field_test
35562,22,22,0.9966205876990537,0.1223599438281221,pepper,True,True,,pepper_field,field_test
35567,22,22,0.9969660555673306,0.14910321163721674,pepper,True,True,,pepper_field,field_test
35570,22,22,0.998140286241028,0.10428584951117015,pepper,True,True,,pepper_field,field_test
35574,23,23,0.9962477830304524,0.04908592099476272,pepper,True,True,,pepper_field,field_test
35600,22,22,0.9967147801642038,0.15353129186216208,pepper,True,True,,pepper_field,field_test
35619,22,22,0.9968161790030451,0.09840028375369936,pepper,True,True,,pepper_field,field_test
35620,23,23,0.9952650193201927,0.06299649239873184,pepper,True,True,,pepper_field,field_test
35625,23,23,0.9946421441664707,0.0693698755514024,pepper,True,True,,pepper_field,field_test
35631,23,23,0.9948810116333818,0.07091297878072411,pepper,True,True,,pepper_field,field_test
35636,22,22,0.9929845747452748,0.17426964719226046,pepper,True,True,,pepper_field,field_test
35646,23,23,0.9911815812261385,0.3037665785263226,pepper,True,True,,pepper_field,field_test
35647,23,23,0.9936746467301725,0.2672620227948057,pepper,True,True,,pepper_field,field_test
35653,23,23,0.9973306817180756,0.2057079480656504,pepper,True,True,,pepper_field,field_test
35654,23,23,0.9955811343389359,0.22689391396241443,pepper,True,True,,pepper_field,field_test
35655,23,23,0.9977903593375608,0.20906663513553214,pepper,True,True,,pepper_field,field_test
35659,23,23,0.9947695020210975,0.27276794972303287,pepper,True,True,,pepper_field,field_test
35660,23,23,0.9935284012519751,0.2566856481987265,pepper,True,True,,pepper_field,field_test
35679,22,22,0.995232484568678,0.18757157038437355,pepper,True,True,,pepper_field,field_test
35687,22,22,0.9879493316357169,0.2057670651554815,pepper,True,True,,pepper_field,field_test
35688,22,22,0.9925690409247786,0.1838928809429512,pepper,True,True,,pepper_field,field_test
35692,22,22,0.9964567032679914,0.16581818296046524,pepper,True,True,,pepper_field,field_test
35693,22,22,0.9967528836428503,0.15079080309175596,pepper,True,True,,pepper_field,field_test
35694,22,22,0.9975009729523211,0.13172408626058174,pepper,True,True,,pepper_field,field_test
35707,22,22,0.9984415466439132,0.1352564852575281,pepper,True,True,,pepper_field,field_test
35733,22,22,0.9951418836425463,0.19688012551938017,pepper,True,True,,pepper_field,field_test
35734,22,22,0.996083070195844,0.17516123829477936,pepper,True,True,,pepper_field,field_test
35758,22,22,0.9975635749980722,0.13665208228623704,pepper,True,True,,pepper_field,field_test
35770,22,22,0.9982884520320932,0.14190265455583773,pepper,True,True,,pepper_field,field_test
35771,22,22,0.9981609789295265,0.13790840745126764,pepper,True,True,,pepper_field,field_test
35818,23,23,0.9976261776858032,0.13990839683755607,pepper,True,True,,pepper_field,field_test
35822,23,23,0.9980696584684119,0.08900160902910847,pepper,True,True,,pepper_field,field_test
35827,23,23,0.997629017198051,0.11177309606946695,pepper,True,True,,pepper_field,field_test
35834,23,23,0.9927356348297168,0.15618691264725637,pepper,True,True,,pepper_field,field_test
35835,23,23,0.9944701201561901,0.11399777652321574,pepper,True,True,,pepper_field,field_test
35836,23,23,0.9872096147853976,0.2270840129683821,pepper,True,True,,pepper_field,field_test
35837,23,23,0.9943191421979238,0.11280402314125637,pepper,True,True,,pepper_field,field_test
35861,23,23,0.9971892520212384,0.08150466741985896,pepper,True,True,,pepper_field,field_test
35862,23,23,0.9966745546947714,0.09164168664280847,pepper,True,True,,pepper_field,field_test
35886,23,23,0.9965519761475539,0.05311041394025773,pepper,True,True,,pepper_field,field_test
35887,23,23,0.9966743257154875,0.06780728612890041,pepper,True,True,,pepper_field,field_test
35929,23,23,0.9929955681893005,0.18230853282769188,pepper,True,True,,pepper_field,field_test
35930,23,23,0.9933302183169682,0.1809876466113688,pepper,True,True,,pepper_field,field_test
35931,23,23,0.9950225854854838,0.16996111684363013,pepper,True,True,,pepper_field,field_test
35939,23,23,0.9931298024915917,0.10891385555688626,pepper,True,True,,pepper_field,field_test
35948,23,23,0.9969172071795007,0.057778205350065504,pepper,True,True,,pepper_field,field_test
35956,23,23,0.9961779845207778,0.13005894364057646,pepper,True,True,,pepper_field,field_test
35965,23,23,0.9967320180919284,0.06792080187761851,pepper,True,True,,pepper_field,field_test
35978,23,23,0.9918174402862819,0.29974175788452806,pepper,True,True,,pepper_field,field_test
35983,23,23,0.9927751045362387,0.1809201473556188,pepper,True,True,,pepper_field,field_test
35984,23,23,0.9935277469461505,0.18045922837781259,pepper,True,True,,pepper_field,field_test
35992,23,23,0.9869601032505907,0.3695636808039502,pepper,True,True,,pepper_field,field_test
36013,23,23,0.9957606385292056,0.09944746158968831,pepper,True,True,,pepper_field,field_test
36014,23,23,0.9955524575102573,0.15435083701068597,pepper,True,True,,pepper_field,field_test
36017,22,22,0.996495317538337,0.2498576017145685,pepper,True,True,,pepper_field,field_test
36020,19,19,0.9984946895127794,0.216078930347112,pepper,True,True,,pepper_field,field_test
36025,22,22,0.9966327220800051,0.11306102157725073,pepper,True,True,,pepper_field,field_test
36029,22,22,0.9885925199487676,0.29029258163365856,pepper,True,True,,pepper_field,field_test
36032,22,22,0.9931252509940862,0.21547933480060288,pepper,True,True,,pepper_field,field_test
36040,22,22,0.9961914332042503,0.14175210549973372,pepper,True,True,,pepper_field,field_test
36047,22,22,0.9935557356614493,0.1881714926978204,pepper,False,True,out_of_distribution,pepper_field,field_test
36079,22,22,0.9980651581469339,0.11843917758356581,pepper,True,True,,pepper_field,field_test
36083,22,22,0.9939432768555594,0.2249872087580943,pepper,True,True,,pepper_field,field_test
36095,22,22,0.9971291387580391,0.20110684744864682,pepper,True,True,,pepper_field,field_test
36096,22,22,0.9957368001629497,0.21878728992642804,pepper,True,True,,pepper_field,field_test
36119,22,22,0.9968457944711419,0.12926712101781712,pepper,True,True,,pepper_field,field_test
36133,22,22,0.9969671598202573,0.1591162665112097,pepper,True,True,,pepper_field,field_test
36142,22,22,0.9986676346371919,0.14978117622563303,pepper,True,True,,pepper_field,field_test
36147,22,22,0.9983056305689442,0.14882832773508436,pepper,True,True,,pepper_field,field_test
36155,22,22,0.997154048688853,0.17594905810297057,pepper,True,True,,pepper_field,field_test
36161,22,22,0.984488523145696,0.22550076778201344,pepper,True,True,,pepper_field,field_test
36166,22,22,0.9879288877256026,0.19894017523685958,pepper,True,True,,pepper_field,field_test
36167,22,22,0.9948764980899956,0.15521975153099077,pepper,True,True,,pepper_field,field_test
36171,22,22,0.9973225120459313,0.16950222066030385,pepper,True,True,,pepper_field,field_test
36172,22,22,0.9963026333027382,0.1861515341958131,pepper,True,True,,pepper_field,field_test
36191,22,22,0.9983067295863299,0.13405960113106163,pepper,True,True,,pepper_field,field_test
36202,22,22,0.998670367503889,0.09653368718813615,pepper,True,True,,pepper_field,field_test
36203,22,22,0.9986451653472465,0.11832800641943886,pepper,True,True,,pepper_field,field_test
36204,22,22,0.9948761630653877,0.14952185122429262,pepper,True,True,,pepper_field,field_test
36225,22,22,0.9975863963182714,0.1867713402823571,pepper,True,True,,pepper_field,field_test
36251,22,22,0.9981058376328835,0.11454230576053215,pepper,True,True,,pepper_field,field_test
36274,13,13,0.9949441125108137,0.15127796019183304,cucumber,True,True,,plantwild,field_test
36284,13,13,0.9961491430088197,0.13054162970714944,cucumber,True,True,,plantwild,field_test
36288,13,13,0.9878087123113719,0.19286512736069805,cucumber,True,True,,plantwild,field_test
36291,13,13,0.9979439617723234,0.04738693416526041,cucumber,True,True,,plantwild,field_test
36300,13,13,0.9968426087720206,0.15261983592136663,cucumber,True,True,,plantwild,field_test
36308,13,13,0.903568047252482,0.463154765391266,cucumber,True,True,,plantwild,field_test
36343,13,13,0.9904814347318681,0.16986493261567404,cucumber,True,True,,plantwild,field_test
36344,13,0,0.0,,cucumber,False,False,image_too_blurry,plantwild,field_test
36347,13,13,0.9966304122422518,0.06543583061320613,cucumber,True,True,,plantwild,field_test
36352,13,13,0.9971068137058413,0.058373237380037635,cucumber,True,True,,plantwild,field_test
36367,13,13,0.9051949608110921,0.3576827604366313,cucumber,True,True,,plantwild,field_test
36374,13,13,0.9944082208623928,0.1202722404999198,cucumber,True,True,,plantwild,field_test
36382,15,15,0.9929264632005697,0.2204958223756901,cucumber,True,True,,plantwild,field_test
36390,15,15,0.9954278627802913,0.20378360561163,cucumber,True,True,,plantwild,field_test
36397,15,15,0.9869332524235059,0.3848265355093967,cucumber,True,True,,plantwild,field_test
36410,15,15,0.9902387596863449,0.14784780116863927,cucumber,True,True,,plantwild,field_test
36420,15,15,0.9606987099816016,0.30316593840686845,cucumber,True,True,,plantwild,field_test
36429,15,15,0.9932308077833899,0.1271266326696543,cucumber,True,True,,plantwild,field_test
36430,15,15,0.9945499001577537,0.2197643698307925,cucumber,True,True,,plantwild,field_test
36445,13,13,0.9915845519339678,0.1685901450553966,cucumber,True,True,,plantwild,field_test
36460,13,15,0.5133679075606081,0.45261279548388234,cucumber,True,True,,plantwild,field_test
36472,15,15,0.9692684341216798,0.46943137101915655,cucumber,True,True,,plantwild,field_test
36474,15,15,0.9945598030905063,0.15253238436286054,cucumber,True,True,,plantwild,field_test
36483,15,15,0.7427387277938514,0.6093664502644897,cucumber,True,True,,plantwild,field_test
36485,15,15,0.6943132072224228,0.8262044356433654,cucumber,False,True,out_of_distribution,plantwild,field_test
36494,13,13,0.9981336613997097,0.08246795652480066,cucumber,True,True,,plantwild,field_test
36495,13,13,0.9962945389844731,0.10775645257963795,cucumber,True,True,,plantwild,field_test
36496,23,23,0.9974645537464486,0.11756754857008334,pepper,True,True,,pepper_field,field_test
36524,2,2,0.753251583996616,0.4821181603686423,tomato,True,True,,plantwild,field_test
36527,2,3,0.86442390767514,0.37457981234264826,tomato,True,True,,plantwild,field_test
36532,2,2,0.9273561139683422,0.478860800719338,tomato,True,True,,plantwild,field_test
36554,2,5,0.9551638645650525,0.3475309398789521,tomato,True,True,,plantwild,field_test
36555,2,2,0.9982460649023686,0.17867076253705028,tomato,True,True,,plantwild,field_test
36566,2,2,0.636934728156549,0.592228584403798,tomato,True,True,,plantwild,field_test
36580,2,2,0.9976003380580214,0.15531052430248016,tomato,True,True,,plantwild,field_test
36586,2,5,0.933513575933678,0.4902475111212228,tomato,True,True,,plantwild,field_test
36602,2,2,0.9926175173100975,0.23045593045283908,tomato,True,True,,plantwild,field_test
36608,2,2,0.9968005860589365,0.23891454527761868,tomato,True,True,,plantwild,field_test
36636,33,33,0.9981260284467565,0.12661280087142457,strawberry,True,True,,plantwild,field_test
36649,13,13,0.9977424258439075,0.08999532165809299,cucumber,True,True,,plantwild,field_test
36661,13,13,0.9961185122721615,0.10067959641389002,cucumber,True,True,,plantwild,field_test
36673,33,33,0.9947228125623165,0.2226082414121613,strawberry,True,True,,plantwild,field_test
36686,2,2,0.9979385945082079,0.19283363609459703,tomato,True,True,,plantwild,field_test
36689,2,2,0.6647710652346865,0.5033390561151123,tomato,True,True,,plantwild,field_test
36700,2,2,0.895196283330204,0.4620446776588314,tomato,True,True,,plantwild,field_test
36710,33,33,0.9979621912502997,0.09826878776302461,strawberry,True,True,,plantwild,field_test
36712,33,33,0.9227026165132959,0.31475377432739227,strawberry,True,True,,plantwild,field_test
36716,33,33,0.9971381315576977,0.0450655331053843,strawberry,True,True,,plantwild,field_test
36720,2,2,0.8179175729457565,0.3975439831489005,tomato,True,True,,plantwild,field_test
36721,2,2,0.9916609773986199,0.24862897356836355,tomato,True,True,,plantwild,field_test
36758,24,24,0.9965188213634029,0.14611201459743806,pepper,True,True,,pepper_field,field_test
36766,23,23,0.9980159791849701,0.19846124430235468,pepper,True,True,,pepper_field,field_test
36779,23,23,0.9861528132829209,0.15982049365516682,pepper,True,True,,pepper_field,field_test
36780,23,23,0.9715460223070469,0.17391863639444782,pepper,True,True,,pepper_field,field_test
36817,24,24,0.9983211650662965,0.07729243028464605,pepper,True,True,,pepper_field,field_test
36833,24,24,0.9761287186471317,0.22500572291000287,pepper,True,True,,pepper_field,field_test
36834,24,24,0.9822713619487172,0.21574089616916148,pepper,True,True,,pepper_field,field_test
36839,24,24,0.9824001131829057,0.2282320150057936,pepper,True,True,,pepper_field,field_test
36885,23,23,0.9969782619485608,0.1670795729367922,pepper,True,True,,pepper_field,field_test
36898,23,23,0.9947122058648497,0.07161722348785227,pepper,True,True,,pepper_field,field_test
36910,23,23,0.9865589897760318,0.180946623950194,pepper,True,True,,pepper_field,field_test
36919,23,23,0.9934676156489104,0.11133386828084069,pepper,True,True,,pepper_field,field_test
36958,23,23,0.9892042247456604,0.08418034199078295,pepper,True,True,,pepper_field,field_test
36962,23,23,0.9904733438121551,0.13013709036958576,pepper,True,True,,pepper_field,field_test
36963,23,23,0.9929848297884523,0.12469300628767277,pepper,True,True,,pepper_field,field_test
36964,23,23,0.9891051642148256,0.12747934634392544,pepper,True,True,,pepper_field,field_test
36965,23,23,0.9872156068118252,0.13530105057223296,pepper,True,True,,pepper_field,field_test
36976,20,20,0.945125892885705,0.3950240242549198,pepper,True,True,,plantwild,field_test
36977,20,20,0.9915243217125638,0.3525636266656589,pepper,True,True,,plantwild,field_test
36986,20,20,0.8911294529618942,0.48791781148908475,pepper,False,True,out_of_distribution,plantwild,field_test
37012,20,20,0.998874789521059,0.1741016004210434,pepper,True,True,,plantwild,field_test
37015,20,20,0.9968977721381881,0.4376157508175058,pepper,True,True,,plantwild,field_test
37021,20,20,0.9705360763289347,0.39553691411776604,pepper,True,True,,plantwild,field_test
37029,24,24,0.8280811956215266,0.5411153937573328,pepper,True,True,,plantwild,field_test
37077,24,24,0.9896022575048472,0.3211741835664458,pepper,True,True,,plantwild,field_test
37093,24,24,0.9627186298134107,0.29046852444054916,pepper,True,True,,pepper_field,field_test
37094,24,24,0.9983325701594699,0.08362997914115988,pepper,True,True,,pepper_field,field_test
37105,24,24,0.9718362901416963,0.3997413980669322,pepper,True,True,,pepper_field,field_test
37122,24,24,0.9909171610024236,0.17955964376513278,pepper,True,True,,pepper_field,field_test
37128,24,24,0.9609509593282458,0.39242820597040673,pepper,True,True,,pepper_field,field_test
37168,24,24,0.9978136996244681,0.08640296102572098,pepper,True,True,,pepper_field,field_test
37171,24,24,0.996079836332004,0.11015881371898995,pepper,True,True,,pepper_field,field_test
37176,24,24,0.997072906515422,0.10850752747430792,pepper,True,True,,pepper_field,field_test
37181,24,24,0.996549335925104,0.12133440118726402,pepper,True,True,,pepper_field,field_test
37190,24,24,0.9923206860253236,0.21152201205290444,pepper,True,True,,pepper_field,field_test
37201,19,19,0.9993373229939991,0.22909602300216347,pepper,True,True,,pepper_field,field_test
37217,19,19,0.9989743453601008,0.20227437258405478,pepper,True,True,,pepper_field,field_test
37224,19,19,0.9969322429450335,0.349461265293313,pepper,True,True,,pepper_field,field_test
37233,21,21,0.973947422423263,0.625841557418454,pepper,True,True,,pepper_field,field_test
37240,21,21,0.7988008423503358,0.635378793022574,pepper,True,True,,pepper_field,field_test
37247,21,20,0.9048031443960807,0.48292973055617483,pepper,True,True,,pepper_field,field_test
37253,19,19,0.9987745578985783,0.24293633661191616,pepper,False,True,out_of_distribution,pepper_field,field_test
37254,19,19,0.9992432496110261,0.2205021536929166,pepper,False,True,out_of_distribution,pepper_field,field_test
37273,2,2,0.9918008997756983,0.2957325862017608,tomato,True,True,,plantwild,field_test
37310,9,9,0.9978257360914209,0.053002070112580735,tomato,True,True,,tlid,field_test
37314,9,9,0.9950299860710061,0.11355585965767334,tomato,True,True,,tlid,field_test
37326,9,9,0.9965997121769863,0.06882540907832246,tomato,True,True,,tlid,field_test
37337,9,9,0.9959912799888256,0.06513683731072639,tomato,True,True,,tlid,field_test
37346,9,9,0.9970560699273326,0.05812053544660345,tomato,True,True,,tlid,field_test
37366,9,9,0.9872027914104252,0.22430659117135154,tomato,True,True,,tlid,field_test
37370,9,9,0.9982060765912205,0.058045087700743014,tomato,True,True,,tlid,field_test
37383,9,9,0.9927286042978564,0.12496399119497681,tomato,True,True,,tlid,field_test
37400,9,9,0.9973568519487469,0.04620510308908765,tomato,True,True,,tlid,field_test
37408,9,9,0.9862179806827664,0.19232337841273583,tomato,True,True,,tlid,field_test
37409,9,9,0.9888923252522948,0.15890153089839165,tomato,True,True,,tlid,field_test
37421,9,9,0.9518133400468473,0.3295315413546227,tomato,True,True,,tlid,field_test
37424,9,9,0.9888642907174042,0.20706994343702145,tomato,True,True,,tlid,field_test
37433,9,9,0.9972208779548283,0.056435895479420406,tomato,True,True,,tlid,field_test
37436,9,1,0.9453406218991417,0.437965874449582,tomato,True,True,,tlid,field_test
37442,9,9,0.993256091371831,0.12205484863604044,tomato,True,True,,tlid,field_test
37444,9,9,0.9909328312977608,0.08365847863285758,tomato,True,True,,tlid,field_test
37451,9,9,0.9970383878102356,0.07980405126573609,tomato,True,True,,tlid,field_test
37460,9,9,0.6674331593337302,0.28377043647422306,tomato,True,True,,tlid,field_test
37461,9,9,0.993887131442801,0.0890692064528178,tomato,True,True,,tlid,field_test
37493,9,9,0.9973755924118531,0.10294000002576476,tomato,True,True,,tlid,field_test
37495,9,9,0.996402199177667,0.06838628130992841,tomato,True,True,,tlid,field_test
37510,9,9,0.9977820041763181,0.06067534161846577,tomato,True,True,,tlid,field_test
37532,9,9,0.9910458201926917,0.16492823416614177,tomato,True,True,,tlid,field_test
37533,9,9,0.9290185436341041,0.31834808325242125,tomato,True,True,,tlid,field_test
37535,9,9,0.9969516065347424,0.06648591291927841,tomato,True,True,,tlid,field_test
37542,9,9,0.8403278205062695,0.29120683515876156,tomato,True,True,,tlid,field_test
37555,9,9,0.9904535219935108,0.2103916639339931,tomato,True,True,,tlid,field_test
37573,9,9,0.991875669772937,0.1817245523068307,tomato,True,True,,tlid,field_test
37601,9,9,0.9964475783116612,0.056471369503584556,tomato,True,True,,tlid,field_test
37606,9,9,0.9199860701834037,0.3545632042404433,tomato,True,True,,tlid,field_test
37614,9,9,0.9944546669940755,0.11842638561023544,tomato,True,True,,tlid,field_test
37621,9,9,0.9945213974443701,0.11653436076344115,tomato,True,True,,tlid,field_test
37626,9,9,0.9962208134496627,0.07384608528576542,tomato,True,True,,tlid,field_test
37629,9,9,0.9974736139593264,0.06503099410854407,tomato,True,True,,tlid,field_test
37631,9,9,0.9875082358296069,0.22325004621011657,tomato,True,True,,tlid,field_test
37666,9,9,0.9820114155415212,0.18863103917806656,tomato,True,True,,tlid,field_test
37667,9,9,0.9975105407681207,0.048174077385868985,tomato,True,True,,tlid,field_test
37669,9,9,0.9964169932084719,0.0653242860379557,tomato,True,True,,tlid,field_test
37674,9,9,0.9972220725986843,0.07194395732347514,tomato,True,True,,tlid,field_test
37678,9,9,0.9961810943313247,0.10315514015309712,tomato,True,True,,tlid,field_test
37685,9,9,0.8620167092149612,0.312984662624723,tomato,True,True,,tlid,field_test
37688,9,9,0.9951747907205785,0.12335945600918441,tomato,True,True,,tlid,field_test
37705,9,1,0.9083679896741771,0.5286767473491873,tomato,True,True,,tlid,field_test
37749,0,0,0.923581446218379,0.12841472342950166,tomato,True,True,,tlid,field_test
37787,0,0,0.8614448999013156,0.26332224135832893,tomato,True,True,,tlid,field_test
37803,0,0,0.9783194896442984,0.08171675082966157,tomato,True,True,,tlid,field_test
37813,0,0,0.995584987838363,0.03950331271867913,tomato,True,True,,tlid,field_test
37820,0,0,0.9713286854309913,0.12843566743629609,tomato,True,True,,tlid,field_test
37823,0,0,0.9888721584557235,0.1141656351796454,tomato,True,True,,tlid,field_test
37845,0,0,0.9956800296178222,0.04151600135722555,tomato,True,True,,tlid,field_test
37847,0,0,0.9911009446624244,0.07539185175973273,tomato,True,True,,tlid,field_test
37885,0,0,0.9773483755216521,0.07873266049259042,tomato,True,True,,tlid,field_test
37886,0,0,0.9125803741030881,0.20295694348363758,tomato,True,True,,tlid,field_test
37898,0,0,0.993998080794163,0.046443185335392156,tomato,True,True,,tlid,field_test
37900,0,8,0.7029048970113134,0.30698103013027633,tomato,True,True,,tlid,field_test
37907,0,0,0.9788400313134867,0.14283860465544784,tomato,True,True,,tlid,field_test
37920,0,0,0.948831389196528,0.11996164220990913,tomato,True,True,,tlid,field_test
37947,0,0,0.9495373722899761,0.14636141036446737,tomato,True,True,,tlid,field_test
37954,0,0,0.9960494448295975,0.04203382177146986,tomato,True,True,,tlid,field_test
37963,0,10,0.8935156946344203,0.22175544906016165,tomato,True,True,,tlid,field_test
37968,0,8,0.8576963127454594,0.26304310950798604,tomato,True,True,,tlid,field_test
37971,0,0,0.9697717331737868,0.10184437654815226,tomato,True,True,,tlid,field_test
37997,9,9,0.9974423649749473,0.04334941210574961,tomato,True,True,,tlid,field_test
38012,9,9,0.9260291338425893,0.3825586203611181,tomato,True,True,,tlid,field_test
38015,9,9,0.9658217990401031,0.21897558007499707,tomato,True,True,,tlid,field_test
38032,9,9,0.9947919280060331,0.1494988752004729,tomato,True,True,,tlid,field_test
38043,9,9,0.9974218929515873,0.0653985639098622,tomato,True,True,,tlid,field_test
38046,9,9,0.9969667596328374,0.062038194412855185,tomato,True,True,,tlid,field_test
38047,9,9,0.9978313244171617,0.06767454441715182,tomato,True,True,,tlid,field_test
38060,9,9,0.9973131728793238,0.06070000678301568,tomato,True,True,,tlid,field_test
38064,9,9,0.9392832524646613,0.2303966513763953,tomato,True,True,,tlid,field_test
38087,9,0,0.9691574747106013,0.07301956396651166,tomato,True,True,,tlid,field_test
38094,9,9,0.9971248344634327,0.06156188939363316,tomato,True,True,,tlid,field_test
38095,9,9,0.9864276706763985,0.12457209463335994,tomato,True,True,,tlid,field_test
38099,9,9,0.9957007761957034,0.08761938291263127,tomato,True,True,,tlid,field_test
38100,9,9,0.9552507390473646,0.31241455047230127,tomato,True,True,,tlid,field_test
38106,9,9,0.988477031587443,0.1872727695973182,tomato,True,True,,tlid,field_test
38125,9,9,0.997866231320557,0.07168951461132678,tomato,True,True,,tlid,field_test
38127,9,9,0.9952289328503677,0.12281329859160017,tomato,True,True,,tlid,field_test
38142,9,9,0.9965012972535682,0.12882654864285326,tomato,True,True,,tlid,field_test
38144,9,9,0.9748930294364642,0.18385224678864587,tomato,True,True,,tlid,field_test
38146,9,1,0.5533801275472782,0.5286730902602298,tomato,True,True,,tlid,field_test
38160,9,9,0.7893271037987137,0.33160494667234963,tomato,True,True,,tlid,field_test
38174,9,9,0.9966089440177568,0.06111964340057896,tomato,True,True,,tlid,field_test
38199,9,9,0.9972598842003146,0.06046222698853532,tomato,True,True,,tlid,field_test
38205,9,9,0.9842226648820417,0.19035059149943945,tomato,True,True,,tlid,field_test
38207,9,9,0.9974094063844372,0.04175541870518773,tomato,True,True,,tlid,field_test
38235,9,9,0.9978445483488663,0.04493330451557531,tomato,True,True,,tlid,field_test
38245,9,9,0.9974401986251679,0.04963593947547318,tomato,True,True,,tlid,field_test
38250,9,9,0.9971897322904273,0.042018461693991704,tomato,True,True,,tlid,field_test
38260,9,9,0.9974022734692679,0.036677914925245636,tomato,True,True,,tlid,field_test
38266,9,9,0.9872954902972312,0.20430546841877084,tomato,True,True,,tlid,field_test
38270,9,9,0.9975539739003685,0.04849387286713247,tomato,True,True,,tlid,field_test
38284,9,1,0.41993731721084243,0.7994004614044233,tomato,True,True,,tlid,field_test
38301,9,9,0.9874709817201656,0.22251114517825754,tomato,True,True,,tlid,field_test
38314,9,9,0.9778351127971525,0.26991253971204776,tomato,True,True,,tlid,field_test
38317,9,9,0.9874057302308193,0.1928794196182413,tomato,True,True,,tlid,field_test
38326,9,9,0.9960817893713606,0.043503967383552,tomato,True,True,,tlid,field_test
38351,9,9,0.9341105920466632,0.3304640014326511,tomato,True,True,,tlid,field_test
38354,9,9,0.9977085813802261,0.054853171383372645,tomato,True,True,,tlid,field_test
38362,9,9,0.9910501796565321,0.17482872525558224,tomato,True,True,,tlid,field_test
38391,9,9,0.9968943788752875,0.05613799650443008,tomato,True,True,,tlid,field_test
38393,9,9,0.9958222652496185,0.09849818053545012,tomato,True,True,,tlid,field_test
38406,9,9,0.9922081129654057,0.12432696904730611,tomato,True,True,,tlid,field_test
38408,9,9,0.9977797468293164,0.0449563289670194,tomato,True,True,,tlid,field_test
38415,9,9,0.9979581696584704,0.049820693687320006,tomato,True,True,,tlid,field_test
38419,9,9,0.9971351584843873,0.042103910561268165,tomato,True,True,,tlid,field_test
38420,9,9,0.9972383516208088,0.04482509260995049,tomato,True,True,,tlid,field_test
38423,9,9,0.9973693630354813,0.05329604360108131,tomato,True,True,,tlid,field_test
38429,9,9,0.9974051095740529,0.04448604885272944,tomato,True,True,,tlid,field_test
38432,9,9,0.9973570001824318,0.04816673722648446,tomato,True,True,,tlid,field_test
38453,9,9,0.9951395606852319,0.0945174803214095,tomato,True,True,,tlid,field_test
38454,9,9,0.9963342907814831,0.1192410459640525,tomato,True,True,,tlid,field_test
38473,9,9,0.9961318707805091,0.09896314920992433,tomato,True,True,,tlid,field_test
38482,9,8,0.45237140588445296,0.4583638226624387,tomato,True,True,,tlid,field_test
38486,9,9,0.9875313182514973,0.1576625410463952,tomato,True,True,,tlid,field_test
38487,9,9,0.9971198293271734,0.05385480620485228,tomato,True,True,,tlid,field_test
38499,9,0,0.5734236251053606,0.3471339123488453,tomato,True,True,,tlid,field_test
38504,9,9,0.9963456023276842,0.07183449919053997,tomato,True,True,,tlid,field_test
38553,9,9,0.5969247722605792,0.37944451508395205,tomato,True,True,,tlid,field_test
38581,9,9,0.9936894227537307,0.07286596575185367,tomato,True,True,,tlid,field_test
38602,9,9,0.9945213241258145,0.08975042299412772,tomato,True,True,,tlid,field_test
38603,9,9,0.9934513316573484,0.07951843788370017,tomato,True,True,,tlid,field_test
38608,9,9,0.9958438271118001,0.11546559973728998,tomato,True,True,,tlid,field_test
38612,9,9,0.9961626449837488,0.08544757951602433,tomato,True,True,,tlid,field_test
38616,9,9,0.9961436764980013,0.0879172916043316,tomato,True,True,,tlid,field_test
38621,9,9,0.9966752441611821,0.07059510050816176,tomato,True,True,,tlid,field_test
38632,9,9,0.9963576559427408,0.14201236072673828,tomato,True,True,,tlid,field_test
38634,9,9,0.9972132550589579,0.06634775449610397,tomato,True,True,,tlid,field_test
38638,9,9,0.9753261774596444,0.17935223319377758,tomato,True,True,,tlid,field_test
38655,9,9,0.9975133048929756,0.06080478943255696,tomato,True,True,,tlid,field_test
38659,9,0,0.8413906379537944,0.21188342514568315,tomato,True,True,,tlid,field_test
38663,9,9,0.997844892551323,0.03754857453160865,tomato,True,True,,tlid,field_test
38674,9,9,0.9977044482680772,0.044005185023185844,tomato,True,True,,tlid,field_test
38680,9,0,0.9886550735521449,0.13417005217392708,tomato,True,True,,tlid,field_test
38701,9,9,0.9961373719750612,0.07677089932908021,tomato,True,True,,tlid,field_test
38705,9,9,0.9962031929722988,0.06784152868859616,tomato,True,True,,tlid,field_test
38714,9,9,0.9966719969598896,0.06684570145748792,tomato,True,True,,tlid,field_test
38715,9,9,0.9976702031584903,0.04282270143240707,tomato,True,True,,tlid,field_test
38718,9,9,0.9968681872580605,0.07706639952209804,tomato,True,True,,tlid,field_test
38730,9,9,0.9933005548867967,0.12187092714040615,tomato,True,True,,tlid,field_test
38733,9,9,0.9963520251998923,0.06128872195926938,tomato,True,True,,tlid,field_test
38736,9,9,0.9968697974407094,0.08690588474434369,tomato,True,True,,tlid,field_test
38761,9,9,0.995953993834532,0.08965191269462403,tomato,True,True,,tlid,field_test
38764,9,9,0.9970537513798851,0.06946394077685025,tomato,True,True,,tlid,field_test
38802,9,9,0.9974792131640512,0.04208478227528045,tomato,True,True,,tlid,field_test
38810,9,9,0.9969600670620453,0.08266389289617893,tomato,True,True,,tlid,field_test
38818,9,9,0.6003159527639645,0.4410712817113318,tomato,True,True,,tlid,field_test
38837,9,9,0.9979180852575796,0.05735934317923874,tomato,True,True,,tlid,field_test
38841,9,10,0.5213602474017114,0.36426702208547723,tomato,True,True,,tlid,field_test
38844,9,9,0.9964695079998697,0.06294236509196938,tomato,True,True,,tlid,field_test
38880,9,9,0.9828653263331003,0.15995488605940733,tomato,True,True,,tlid,field_test
38881,9,9,0.9655067474467758,0.2901101073730017,tomato,True,True,,tlid,field_test
38884,9,9,0.9898055469565812,0.17734579009717732,tomato,True,True,,tlid,field_test
38895,9,9,0.99728564667395,0.08647931466660608,tomato,True,True,,tlid,field_test
38896,9,9,0.9965503775417486,0.06752313679343613,tomato,True,True,,tlid,field_test
38901,9,9,0.9920723606106895,0.15479738493928186,tomato,True,True,,tlid,field_test
38905,9,9,0.9972374713654834,0.06428183597990755,tomato,True,True,,tlid,field_test
38910,9,9,0.9976748634267785,0.057766878646097974,tomato,True,True,,tlid,field_test
38924,9,9,0.9947575957941865,0.10462256624086952,tomato,True,True,,tlid,field_test
38926,9,9,0.9941842677927849,0.08495967049101183,tomato,True,True,,tlid,field_test
38928,9,9,0.9971354747218009,0.05188375460618455,tomato,True,True,,tlid,field_test
38970,9,9,0.9978223732273046,0.042337186447257924,tomato,True,True,,tlid,field_test
39000,9,9,0.9963696222469179,0.11315057505964465,tomato,True,True,,tlid,field_test
39003,9,9,0.9975482276323949,0.06481818162616104,tomato,True,True,,tlid,field_test
39007,9,9,0.9963492708196473,0.05395338727162535,tomato,True,True,,tlid,field_test
39008,9,9,0.9975077527675777,0.05216907920228886,tomato,True,True,,tlid,field_test
39023,9,9,0.9962518949285647,0.05251760118995563,tomato,True,True,,tlid,field_test
39024,9,9,0.9420000692011976,0.2656878662778618,tomato,True,True,,tlid,field_test
39047,9,9,0.9840255718672485,0.24259701690482038,tomato,True,True,,tlid,field_test
39062,9,9,0.9973624425740137,0.059856643927974296,tomato,True,True,,tlid,field_test
39064,9,9,0.9967527980190249,0.09053473731728301,tomato,True,True,,tlid,field_test
39068,9,9,0.9962907662559901,0.06824425229138997,tomato,True,True,,tlid,field_test
39075,9,9,0.9965837840325052,0.091127902491416,tomato,True,True,,tlid,field_test
39088,9,9,0.9975703000481866,0.059716466443904936,tomato,True,True,,tlid,field_test
39099,9,9,0.9880542973545137,0.15981530261012367,tomato,True,True,,tlid,field_test
39104,9,9,0.9957386686635914,0.07942631146821855,tomato,True,True,,tlid,field_test
39129,9,9,0.9979634901585347,0.04398997394758586,tomato,True,True,,tlid,field_test
39142,9,9,0.9736086622999238,0.17467143857161194,tomato,True,True,,tlid,field_test
39144,9,9,0.997134201535377,0.047051256458151,tomato,True,True,,tlid,field_test
39152,9,9,0.9972907996953134,0.06918884855553009,tomato,True,True,,tlid,field_test
39161,9,9,0.9955154085218941,0.12925184555936187,tomato,True,True,,tlid,field_test
39163,9,9,0.9981681858984885,0.06414386237906378,tomato,True,True,,tlid,field_test
39164,9,9,0.9971675002390132,0.11563410445877476,tomato,True,True,,tlid,field_test
39167,0,0,0.8490410324598764,0.26491469150752844,tomato,True,True,,tlid,field_test
39176,0,0,0.9968690689905125,0.04756676379555125,tomato,True,True,,tlid,field_test
39178,0,0,0.996526223385207,0.030686220724046143,tomato,True,True,,tlid,field_test
39195,0,0,0.5197205143016576,0.4094253611143477,tomato,True,True,,tlid,field_test
39199,0,0,0.9978824450120488,0.0482082870269811,tomato,True,True,,tlid,field_test
39223,0,0,0.9967984851540909,0.030037194157536473,tomato,True,True,,tlid,field_test
39234,0,0,0.997914408188688,0.04427871704395436,tomato,True,True,,tlid,field_test
39238,0,0,0.6174147961850819,0.2510520363936496,tomato,True,True,,tlid,field_test
39240,0,0,0.6655024635366988,0.43979878031570807,tomato,True,True,,tlid,field_test
39271,0,0,0.9974972962944062,0.045567682397885445,tomato,True,True,,tlid,field_test
39272,0,0,0.7335766425408649,0.2253474670835387,tomato,True,True,,tlid,field_test
39277,0,0,0.9951279289052214,0.054341603052349474,tomato,True,True,,tlid,field_test
39279,0,0,0.9967652521326115,0.03148055084318613,tomato,True,True,,tlid,field_test
39288,5,5,0.9917796461542914,0.30641890356162604,tomato,True,True,,plantwild,field_test
39289,5,5,0.9978450335337626,0.19209858756220544,tomato,True,True,,plantwild,field_test
39290,5,5,0.9546393496625188,0.3839191335108749,tomato,True,True,,plantwild,field_test
39294,6,6,0.9970954136013337,0.053215987418106514,tomato,True,True,,plantwild,field_test
39295,6,7,0.9976051456676435,0.18742566302136043,tomato,True,True,,plantwild,field_test
39308,6,4,0.7969720541759542,0.5966588319109398,tomato,True,True,,plantwild,field_test
39329,5,2,0.5356132393549369,0.5259776210617721,tomato,True,True,,plantwild,field_test
39349,6,6,0.9968827226396614,0.06024524561458833,tomato,True,True,,plantwild,field_test
39350,6,6,0.9949865817760893,0.1590137696559687,tomato,True,True,,plantwild,field_test
39361,6,6,0.979496034105685,0.23247497887171664,tomato,True,True,,plantwild,field_test
39383,6,6,0.9909862900179802,0.16075218894496568,tomato,True,True,,plantwild,field_test
39399,6,6,0.98408515530608,0.15406015502436443,tomato,True,True,,plantwild,field_test
39413,0,0,0.994395984683137,0.07688043645939646,tomato,True,True,,tlid,field_test
39418,0,0,0.9958105924694014,0.05018982585852194,tomato,True,True,,tlid,field_test
39421,0,0,0.9732088462645817,0.12169596868105192,tomato,True,True,,tlid,field_test
39423,0,0,0.995879452836957,0.10628400356693457,tomato,True,True,,tlid,field_test
39424,0,0,0.9964138792481314,0.04361646724391366,tomato,True,True,,tlid,field_test
39438,0,0,0.9977380754320723,0.048450896166709834,tomato,True,True,,tlid,field_test
39446,0,0,0.9723747420686156,0.11206287442672902,tomato,True,True,,tlid,field_test
39457,0,0,0.9954514989649077,0.061090684835873654,tomato,True,True,,tlid,field_test
39468,0,0,0.9891029253456685,0.09161000868983904,tomato,True,True,,tlid,field_test
39469,0,0,0.9963851354908798,0.0603593561733865,tomato,True,True,,tlid,field_test
39473,0,0,0.9772488936320385,0.10464741835790203,tomato,True,True,,tlid,field_test
39478,0,0,0.9884055978711416,0.10484957748864432,tomato,True,True,,tlid,field_test
39479,0,0,0.9974590086159856,0.05689160917442393,tomato,True,True,,tlid,field_test
39485,0,0,0.997449610562314,0.043094957818085255,tomato,True,True,,tlid,field_test
39494,0,0,0.8224294244549941,0.23072674589032416,tomato,True,True,,tlid,field_test
39506,0,0,0.995392771538645,0.09689344985379944,tomato,True,True,,tlid,field_test
39529,0,0,0.9980400818721088,0.04331861478886667,tomato,True,True,,tlid,field_test
39560,0,0,0.9956075431886803,0.047303230395221885,tomato,True,True,,tlid,field_test
39575,0,0,0.9975379481532664,0.043591040645030055,tomato,True,True,,tlid,field_test
39582,0,0,0.990287518290821,0.10229948584576198,tomato,True,True,,tlid,field_test
39591,0,0,0.9969299646150456,0.05459042520909407,tomato,True,True,,tlid,field_test
39600,0,0,0.994270590207014,0.058525952551143234,tomato,True,True,,tlid,field_test
39601,0,0,0.9813808555020529,0.09116753344819384,tomato,True,True,,tlid,field_test
39604,0,0,0.996346833960578,0.027963245351193544,tomato,True,True,,tlid,field_test
39626,0,0,0.9664188576091978,0.2960912504375792,tomato,True,True,,tlid,field_test
39630,0,0,0.9446950430120191,0.14430733094885007,tomato,True,True,,tlid,field_test
39634,0,0,0.993694131527624,0.06292637856252292,tomato,True,True,,tlid,field_test
39641,5,5,0.8837233109815018,0.5217716638679877,tomato,True,True,,plantwild,field_test
39642,3,3,0.7614828193141032,0.3089299097221654,tomato,True,True,,plantwild,field_test
39644,3,3,0.9697708824844746,0.3463749370178075,tomato,True,True,,plantwild,field_test
39674,3,3,0.9930368260072777,0.2326146316969595,tomato,True,True,,plantwild,field_test
39686,3,3,0.9987376572800646,0.10110937978213952,tomato,True,True,,plantwild,field_test
39697,3,3,0.9809985271318611,0.41647913606661435,tomato,True,True,,plantwild,field_test
39714,4,4,0.9984984187127953,0.07599283024919135,tomato,True,True,,plantwild,field_test
39732,4,4,0.9951509692771503,0.1726429669076739,tomato,True,True,,plantwild,field_test
39738,4,4,0.9990825618550516,0.14159247969124888,tomato,True,True,,plantwild,field_test
39759,3,3,0.9987409306381855,0.07945227896308993,tomato,True,True,,plantwild,field_test
39768,3,3,0.9806926771257222,0.3257381232298192,tomato,True,True,,plantwild,field_test
39791,3,3,0.9980039038531829,0.08068603904500327,tomato,True,True,,plantwild,field_test
39799,2,3,0.5825475660317573,0.6443856291094698,tomato,True,True,,plantwild,field_test
39803,2,2,0.9858595682881173,0.34838749566161686,tomato,True,True,,plantwild,field_test
39807,3,3,0.9988276553920966,0.1510306777261472,tomato,True,True,,plantwild,field_test
39809,3,3,0.9920730645105105,0.3457900377953287,tomato,False,True,out_of_distribution,plantwild,field_test
39816,3,3,0.8662365579863702,0.518545021992607,tomato,True,True,,plantwild,field_test
39821,3,3,0.990016444070762,0.11888832182016795,tomato,True,True,,plantwild,field_test
39833,3,3,0.9040026052344211,0.4044991237077966,tomato,False,True,out_of_distribution,plantwild,field_test
39844,3,3,0.9706047865667274,0.4656165293250445,tomato,False,True,out_of_distribution,plantwild,field_test
39847,3,3,0.9961103479983621,0.15252761614695465,tomato,True,True,,plantwild,field_test
39862,3,3,0.9911739609341291,0.45261393256869453,tomato,False,True,out_of_distribution,plantwild,field_test
39872,3,3,0.9964296556527589,0.19501809757372301,tomato,True,True,,plantwild,field_test
39877,4,4,0.9983132665884523,0.1465890595646402,tomato,True,True,,plantwild,field_test
39885,7,7,0.8924496786634171,0.3699915361610604,tomato,True,True,,plantwild,field_test
39888,5,5,0.9938137931256368,0.3434859779199404,tomato,True,True,,plantwild,field_test
39896,5,5,0.9960275519928368,0.160914792847054,tomato,True,True,,plantwild,field_test
39905,5,5,0.9842580470870372,0.4468371304123122,tomato,True,True,,plantwild,field_test
39918,7,7,0.8825293526092088,0.43856989744765806,tomato,True,True,,plantwild,field_test
39935,5,5,0.9982337416510411,0.18885720608409173,tomato,True,True,,plantwild,field_test
39967,5,5,0.7477548460188773,0.32626507725481824,tomato,True,True,,plantwild,field_test
39973,5,5,0.9841747217628245,0.31604716586143033,tomato,True,True,,plantwild,field_test
39987,5,5,0.9958176728876451,0.27937759530197925,tomato,True,True,,plantwild,field_test
40001,4,4,0.9910317272932997,0.263413691879834,tomato,True,True,,plantwild,field_test
40028,4,4,0.9989659180753728,0.0690029719189661,tomato,True,True,,plantwild,field_test
40029,4,4,0.9991003345545777,0.057119432808688586,tomato,True,True,,plantwild,field_test
40041,4,4,0.96725491607163,0.4783292556629074,tomato,True,True,,plantwild,field_test
40043,4,4,0.9694361728289894,0.48527854654420177,tomato,True,True,,plantwild,field_test
40048,4,4,0.9961682907747236,0.12516592264997284,tomato,True,True,,plantwild,field_test
40049,4,4,0.9943343987638443,0.21640291474096296,tomato,True,True,,plantwild,field_test
40055,7,7,0.9976545175426882,0.16790753623195465,tomato,True,True,,plantwild,field_test
40067,7,6,0.6802886561215739,0.23191634799233196,tomato,True,True,,plantwild,field_test
40076,7,7,0.8350549330094639,0.32732791929146865,tomato,True,True,,plantwild,field_test
40079,7,4,0.41412573698501304,0.6965531673148917,tomato,True,True,,plantwild,field_test
40097,4,4,0.9780336784645817,0.26240257465725847,tomato,True,True,,plantwild,field_test
40099,4,4,0.9958925100155125,0.21474688735033065,tomato,True,True,,plantwild,field_test
40103,4,0,0.0,,tomato,False,False,image_too_blurry,plantwild,field_test
40108,4,4,0.997215543278814,0.13619518919064966,tomato,True,True,,plantwild,field_test
40156,0,0,0.988157451620191,0.09412592003449738,tomato,True,True,,tlid,field_test
40190,0,0,0.9902924979380118,0.11512923763682936,tomato,True,True,,tlid,field_test
40194,0,0,0.9961628974364061,0.06118857759478036,tomato,True,True,,tlid,field_test
40210,0,0,0.9978179532912722,0.044605504855016465,tomato,True,True,,tlid,field_test
40229,0,0,0.9963309157265199,0.06016419817781227,tomato,True,True,,tlid,field_test
40244,0,0,0.6140225171541229,0.5064725206413132,tomato,True,True,,tlid,field_test
40255,0,0,0.9964420822706769,0.05119267916526571,tomato,True,True,,tlid,field_test
40257,0,0,0.9933423385569742,0.06738797782573347,tomato,True,True,,tlid,field_test
40274,0,0,0.990408081966105,0.05802944758844142,tomato,True,True,,tlid,field_test
40288,0,0,0.9963601746374074,0.042586939599668194,tomato,True,True,,tlid,field_test
40293,0,0,0.9928553650155818,0.08481905209741636,tomato,True,True,,tlid,field_test
40295,0,0,0.9867774604599157,0.09724406261214524,tomato,True,True,,tlid,field_test
40307,0,0,0.9963399413372963,0.048430693178772355,tomato,True,True,,tlid,field_test
40316,0,0,0.9972040106534238,0.03504258175629149,tomato,True,True,,tlid,field_test
40319,0,0,0.9955838316529922,0.08083456149888701,tomato,True,True,,tlid,field_test
40323,0,0,0.9959736150385213,0.04620723070108834,tomato,True,True,,tlid,field_test
40328,0,0,0.995399679907056,0.04527734465035593,tomato,True,True,,tlid,field_test
40340,0,0,0.9945627681656579,0.053103158933048844,tomato,True,True,,tlid,field_test
40361,0,0,0.9886924368767306,0.08117728810646285,tomato,True,True,,tlid,field_test
40371,0,0,0.9942794605291784,0.02854319016346918,tomato,True,True,,tlid,field_test
40372,0,10,0.6064726400869521,0.33266453628328163,tomato,True,True,,tlid,field_test
40375,0,0,0.9939660068297136,0.08374233468224923,tomato,True,True,,tlid,field_test
40376,0,9,0.7549385781704039,0.25444832100300474,tomato,True,True,,tlid,field_test
40377,0,0,0.9967246623098618,0.038391189935953696,tomato,True,True,,tlid,field_test
40381,0,0,0.9968037098202355,0.03461299107933513,tomato,True,True,,tlid,field_test
40393,0,0,0.9960274553838786,0.06112365462609648,tomato,True,True,,tlid,field_test
40403,0,0,0.9806798774211056,0.1096964174301791,tomato,True,True,,tlid,field_test
40434,0,0,0.9942184855582203,0.04723013330377002,tomato,True,True,,tlid,field_test
40475,0,0,0.9976908546636899,0.040446275171434065,tomato,True,True,,tlid,field_test
40479,0,0,0.9981168718878067,0.04974686266938155,tomato,True,True,,tlid,field_test
40481,0,0,0.995926049965305,0.030237928736566277,tomato,True,True,,tlid,field_test
40490,0,0,0.8687621279151578,0.256916124618759,tomato,True,True,,tlid,field_test
40493,0,0,0.9941590233264272,0.11803899703915877,tomato,True,True,,tlid,field_test
40501,0,0,0.9548216511781893,0.14080110883740515,tomato,True,True,,tlid,field_test
40536,0,0,0.9963527499728841,0.04608448601510984,tomato,True,True,,tlid,field_test
40538,0,0,0.9976151496720602,0.04167806130638696,tomato,True,True,,tlid,field_test
40542,0,0,0.9947737350400163,0.07227862249449624,tomato,True,True,,tlid,field_test
40585,0,0,0.9632947559339705,0.10205047109355525,tomato,True,True,,tlid,field_test
40594,0,0,0.9965587866218725,0.05704849517345367,tomato,True,True,,tlid,field_test
40604,0,0,0.9932361507220995,0.06974079014701728,tomato,True,True,,tlid,field_test
40611,0,0,0.9740757762964359,0.12527983836937284,tomato,True,True,,tlid,field_test
40631,0,0,0.996774845730555,0.04536745409072074,tomato,True,True,,tlid,field_test
40635,0,0,0.9944465035155627,0.04563662333717089,tomato,True,True,,tlid,field_test
40638,0,9,0.8338260678789209,0.34833123031581137,tomato,True,True,,tlid,field_test
40650,0,0,0.9972565622980786,0.06226858655264844,tomato,True,True,,tlid,field_test
40663,0,0,0.9946632684384024,0.06125835587185202,tomato,True,True,,tlid,field_test
40667,0,0,0.9966285462183977,0.03286848440100998,tomato,True,True,,tlid,field_test
40673,0,0,0.9975928360588349,0.038983464530746414,tomato,True,True,,tlid,field_test
40676,0,0,0.9923812740017489,0.04566601048481267,tomato,True,True,,tlid,field_test
40679,0,0,0.9966168561190558,0.03645608529784605,tomato,True,True,,tlid,field_test
40685,0,0,0.996308113790177,0.03878420539298,tomato,True,True,,tlid,field_test
40686,0,1,0.9002348274330094,0.5636349058209418,tomato,True,True,,tlid,field_test
40698,0,10,0.9755189744208659,0.18436795317108623,tomato,True,True,,tlid,field_test
40703,0,10,0.9739731324515589,0.18534529938583078,tomato,True,True,,tlid,field_test
40706,0,0,0.9981591394744488,0.04841533734951409,tomato,True,True,,tlid,field_test
40719,0,10,0.6554724143613653,0.283952039514461,tomato,True,True,,tlid,field_test
40763,0,0,0.9963473036920855,0.06414334201716021,tomato,True,True,,tlid,field_test
40768,0,10,0.9680176011955953,0.21137590972563802,tomato,True,True,,tlid,field_test
40772,0,0,0.9918850267873155,0.12340726713891137,tomato,True,True,,tlid,field_test
40780,0,0,0.9424191153406974,0.13705003662779913,tomato,True,True,,tlid,field_test
40788,0,0,0.9974664665209831,0.0386162987045342,tomato,True,True,,tlid,field_test
40811,0,0,0.9814417512937085,0.1678102588367847,tomato,True,True,,tlid,field_test
40815,0,0,0.9964560356141191,0.0731118794346114,tomato,True,True,,tlid,field_test
40817,0,8,0.828657888912518,0.47297101221427007,tomato,True,True,,tlid,field_test
40830,0,0,0.9970590607870264,0.06711266576440478,tomato,True,True,,tlid,field_test
40841,0,0,0.9950480454526616,0.09289204807696694,tomato,True,True,,tlid,field_test
40848,0,0,0.9960937840448278,0.04711449698868564,tomato,True,True,,tlid,field_test
40857,0,0,0.9937575015644566,0.03773609724037408,tomato,True,True,,tlid,field_test
40860,0,0,0.9978688699693832,0.035890531613964605,tomato,True,True,,tlid,field_test
40863,0,0,0.9901601833014977,0.05033204811251224,tomato,True,True,,tlid,field_test
40865,0,0,0.9975449573349441,0.03191154918333017,tomato,True,True,,tlid,field_test
40866,0,0,0.9764930278873033,0.16060601090623616,tomato,True,True,,tlid,field_test
40884,0,0,0.9971110604850727,0.05772960811822736,tomato,True,True,,tlid,field_test
40885,0,0,0.9973787490596786,0.0417268062922147,tomato,True,True,,tlid,field_test
40890,0,0,0.9959696521634027,0.04686128819021684,tomato,True,True,,tlid,field_test
40897,0,0,0.9137891434005982,0.18997045893432074,tomato,True,True,,tlid,field_test
40903,0,0,0.9974006530366047,0.03890498134516962,tomato,True,True,,tlid,field_test
40931,0,0,0.9972462838023348,0.03054501677178778,tomato,True,True,,tlid,field_test
40937,0,0,0.9929865340017099,0.062305015419052756,tomato,True,True,,tlid,field_test
40949,0,0,0.8336054376437042,0.27425697086280865,tomato,True,True,,tlid,field_test
40955,0,0,0.9973683799583588,0.0446893739355384,tomato,True,True,,tlid,field_test
40958,0,0,0.9942691881591774,0.0804329705771194,tomato,True,True,,tlid,field_test
40960,0,0,0.9757828514057473,0.12149863732282995,tomato,True,True,,tlid,field_test
40985,0,0,0.9934675208902236,0.10139261505612696,tomato,True,True,,tlid,field_test
40989,0,8,0.7421560447131141,0.4122863347206631,tomato,True,True,,tlid,field_test
40994,0,0,0.9908510761343752,0.06871510138752979,tomato,True,True,,tlid,field_test
40999,0,0,0.9934426210768799,0.06866259566467936,tomato,True,True,,tlid,field_test
41000,0,0,0.9959608533846804,0.050490567316943236,tomato,True,True,,tlid,field_test
41012,0,0,0.9970138497593638,0.05433797442153898,tomato,True,True,,tlid,field_test
41016,0,0,0.9968914801795216,0.07360206145201242,tomato,True,True,,tlid,field_test
41042,0,0,0.9843141351225382,0.15388803922665462,tomato,True,True,,tlid,field_test
41066,20,20,0.9975814809011329,0.2547230881858168,pepper,True,True,,pepper_field,field_test
41072,20,20,0.9973347757336058,0.13777806193509834,pepper,True,True,,pepper_field,field_test
41073,20,20,0.9940551774852974,0.27791267127439134,pepper,True,True,,pepper_field,field_test
41074,20,20,0.9940696372911518,0.14654555563436245,pepper,True,True,,pepper_field,field_test
41077,20,20,0.9982795084896284,0.15252050948067997,pepper,True,True,,pepper_field,field_test
41078,20,20,0.9986056156609666,0.10727118327836727,pepper,True,True,,pepper_field,field_test
41083,20,20,0.9983606649396553,0.16884417039530542,pepper,True,True,,pepper_field,field_test
41094,20,20,0.9959640957548018,0.2607890287587207,pepper,True,True,,pepper_field,field_test
41098,20,20,0.997692459795367,0.13353775233505094,pepper,True,True,,pepper_field,field_test
41099,20,20,0.9978831500663605,0.13988153295665984,pepper,True,True,,pepper_field,field_test
41110,20,20,0.9959302554293552,0.33522288945269973,pepper,True,True,,pepper_field,field_test
41116,20,20,0.9811281548451216,0.36223391330682664,pepper,True,True,,pepper_field,field_test
41120,20,20,0.9948145263409645,0.2769269860693965,pepper,True,True,,pepper_field,field_test
41124,20,20,0.9979610566617212,0.23671792170562456,pepper,True,True,,pepper_field,field_test
41128,20,20,0.9970406736910451,0.18380709168476728,pepper,True,True,,pepper_field,field_test
41132,20,20,0.9986262863458174,0.15506547230709478,pepper,True,True,,pepper_field,field_test
41137,20,20,0.9971441034619196,0.17493306935265052,pepper,True,True,,pepper_field,field_test
41152,20,20,0.9973088999337727,0.20672171578052612,pepper,True,True,,pepper_field,field_test
41153,20,20,0.9976561530976752,0.18163106864967782,pepper,True,True,,pepper_field,field_test
41176,20,20,0.9960141709529982,0.17975165758917355,pepper,True,True,,pepper_field,field_test
41188,20,20,0.9977929837294748,0.11008287481957013,pepper,True,True,,pepper_field,field_test
41198,20,20,0.993753525178861,0.22521433215948905,pepper,True,True,,pepper_field,field_test
41204,20,20,0.9950612540553712,0.20720794001628595,pepper,True,True,,pepper_field,field_test
41211,20,20,0.9979696506879511,0.1075040818372559,pepper,True,True,,pepper_field,field_test
41212,20,20,0.9979939072172955,0.1116103672107337,pepper,True,True,,pepper_field,field_test
41217,20,20,0.9978552480233817,0.21713509197970482,pepper,True,True,,pepper_field,field_test
41238,20,20,0.9939819269113946,0.310597735989527,pepper,True,True,,pepper_field,field_test
41244,20,20,0.9951647630618969,0.2874467293954648,pepper,True,True,,pepper_field,field_test
41250,20,20,0.9977867430160687,0.14487277794340558,pepper,True,True,,pepper_field,field_test
41252,20,20,0.9934735957420727,0.398912776070668,pepper,True,True,,pepper_field,field_test
41255,20,20,0.9899518473534494,0.25778665164409686,pepper,True,True,,pepper_field,field_test
41264,20,20,0.9962630621290808,0.19452270607024547,pepper,True,True,,pepper_field,field_test
41272,20,20,0.9974678220404409,0.14852804355148486,pepper,True,True,,pepper_field,field_test
41295,20,20,0.9972921862665552,0.18530293414826327,pepper,True,True,,pepper_field,field_test
41303,20,20,0.9736186461864428,0.31685407472834903,pepper,True,True,,pepper_field,field_test
41316,20,20,0.9889529119610091,0.42332795782555177,pepper,True,True,,pepper_field,field_test
41323,20,20,0.9964043690693347,0.20030530922007106,pepper,True,True,,pepper_field,field_test
41352,20,20,0.9968428900553135,0.38407245378899035,pepper,True,True,,pepper_field,field_test
41354,20,20,0.9913494511468746,0.3480567203767275,pepper,True,True,,pepper_field,field_test
41361,20,20,0.9972009233414054,0.1849913150464011,pepper,True,True,,pepper_field,field_test
41382,20,20,0.9928130952407559,0.3204861775280705,pepper,True,True,,pepper_field,field_test
41386,20,20,0.9940109223322267,0.3072129638150718,pepper,True,True,,pepper_field,field_test
41395,20,20,0.9977620009291478,0.16124166298903098,pepper,True,True,,pepper_field,field_test
41399,20,20,0.9979925214007078,0.2551518828646193,pepper,True,True,,pepper_field,field_test
41403,20,20,0.9971159009056381,0.12599472233992492,pepper,True,True,,pepper_field,field_test
41407,20,20,0.9927924118577683,0.2740118047726725,pepper,True,True,,pepper_field,field_test
41412,20,20,0.9981943336122757,0.1445834291747543,pepper,True,True,,pepper_field,field_test
41413,20,20,0.9797736731701678,0.3568035768057347,pepper,True,True,,pepper_field,field_test
41418,20,20,0.991411376039745,0.30558431007088727,pepper,True,True,,pepper_field,field_test
41426,20,20,0.9981953106742385,0.16477645243531058,pepper,True,True,,pepper_field,field_test
41433,20,20,0.9879625408500248,0.3031358910992241,pepper,True,True,,pepper_field,field_test
41434,20,20,0.9958596037806701,0.22756511943867752,pepper,True,True,,pepper_field,field_test
41439,20,20,0.9930332123822143,0.2804648891804613,pepper,True,True,,pepper_field,field_test
41452,20,20,0.9945321796744423,0.29317252082515277,pepper,True,True,,pepper_field,field_test
41465,20,20,0.9971478042454194,0.11852448618887146,pepper,True,True,,pepper_field,field_test
41469,20,20,0.9959745209587003,0.375885517765534,pepper,True,True,,pepper_field,field_test
41474,20,20,0.9943980170314305,0.20321468220322092,pepper,True,True,,pepper_field,field_test
41475,20,20,0.991506560041728,0.3465425059968732,pepper,True,True,,pepper_field,field_test
41481,20,20,0.9981902518780792,0.08814514201730672,pepper,True,True,,pepper_field,field_test
41499,20,20,0.9926101784008187,0.4460005403623698,pepper,True,True,,pepper_field,field_test
41501,20,20,0.9943928378085393,0.28681914070171377,pepper,True,True,,pepper_field,field_test
41505,20,20,0.9973206217946968,0.13496946025431944,pepper,True,True,,pepper_field,field_test
41508,20,20,0.9974577077776574,0.19454674965683116,pepper,True,True,,pepper_field,field_test
41512,20,20,0.995970798309648,0.2787376994227089,pepper,True,True,,pepper_field,field_test
41515,20,20,0.9971831855650118,0.16248364315625663,pepper,True,True,,pepper_field,field_test
41538,20,20,0.9981191382213976,0.19347392722985846,pepper,True,True,,pepper_field,field_test
41539,20,20,0.9968901448924151,0.2723137027338831,pepper,True,True,,pepper_field,field_test
41544,20,20,0.9260833912114637,0.5000147629672054,pepper,True,True,,pepper_field,field_test
41554,20,20,0.997447934070004,0.23419542951408878,pepper,True,True,,pepper_field,field_test
41563,20,20,0.9963953857307356,0.17800995401605957,pepper,True,True,,pepper_field,field_test
41565,20,20,0.9979043426882684,0.1451557043228029,pepper,True,True,,pepper_field,field_test
41568,20,20,0.9966982836281663,0.08690009213683925,pepper,True,True,,pepper_field,field_test
41569,20,20,0.9945541043642421,0.27891465072873955,pepper,True,True,,pepper_field,field_test
41578,20,20,0.9964064732607394,0.19298728592366698,pepper,True,True,,pepper_field,field_test
41596,20,20,0.9985334005863986,0.20393088731385023,pepper,True,True,,pepper_field,field_test
41600,20,20,0.9967037570891468,0.295621647986374,pepper,True,True,,pepper_field,field_test
41616,20,20,0.9944612565464781,0.2846917840805021,pepper,True,True,,pepper_field,field_test
41627,20,20,0.99851694667286,0.15707044092787636,pepper,True,True,,pepper_field,field_test
41632,20,20,0.9977386377811698,0.18563450094571443,pepper,True,True,,pepper_field,field_test
41636,20,20,0.9900255619827317,0.3315985655124345,pepper,True,True,,pepper_field,field_test
41639,20,20,0.9966246329692949,0.2077142102077454,pepper,True,True,,pepper_field,field_test
41644,20,20,0.9949938251525668,0.23247655244184706,pepper,True,True,,pepper_field,field_test
41656,20,20,0.9987097637793511,0.1562866897308799,pepper,True,True,,pepper_field,field_test
41681,20,20,0.9961605627055752,0.23990066435219704,pepper,True,True,,pepper_field,field_test
41684,20,20,0.9907009176994701,0.3311186489557305,pepper,True,True,,pepper_field,field_test
41688,20,20,0.99807709728138,0.185153501883357,pepper,True,True,,pepper_field,field_test
41691,20,20,0.9968505818709676,0.18150558129021666,pepper,True,True,,pepper_field,field_test
41692,20,20,0.9883208252082696,0.30660741871639896,pepper,True,True,,pepper_field,field_test
41694,20,20,0.9969641566613898,0.16513509324309483,pepper,True,True,,pepper_field,field_test
41697,20,20,0.9975241136514543,0.2050095189898855,pepper,True,True,,pepper_field,field_test
41707,20,20,0.9887695381059174,0.35648187659041763,pepper,True,True,,pepper_field,field_test
41720,20,20,0.9958725488247175,0.13035242921516255,pepper,True,True,,pepper_field,field_test
41722,20,20,0.9968254621267049,0.14471978619514303,pepper,True,True,,pepper_field,field_test
41728,20,20,0.9887094111167213,0.33317657885021956,pepper,True,True,,pepper_field,field_test
41729,20,20,0.9924657376571507,0.3161291502058102,pepper,True,True,,pepper_field,field_test
41733,20,20,0.998878616045017,0.12695683503420407,pepper,True,True,,pepper_field,field_test
41741,20,20,0.9958032746822042,0.37880783156748854,pepper,True,True,,pepper_field,field_test
41743,20,20,0.9967246277092336,0.1794879729489578,pepper,True,True,,pepper_field,field_test
41748,20,20,0.9979179389453394,0.16327772187843093,pepper,True,True,,pepper_field,field_test
41761,20,20,0.9976773498427789,0.23271769671713893,pepper,True,True,,pepper_field,field_test
41762,20,20,0.9977285556396833,0.24607936212499004,pepper,True,True,,pepper_field,field_test
41766,20,20,0.9973089984741288,0.20018932837351855,pepper,True,True,,pepper_field,field_test
41768,20,20,0.9943973421280748,0.18624218162595008,pepper,True,True,,pepper_field,field_test
41772,20,20,0.9944701729863322,0.23748350136944807,pepper,True,True,,pepper_field,field_test
41774,20,20,0.9972604893487337,0.09501722407801494,pepper,True,True,,pepper_field,field_test
41789,20,20,0.9973231396311178,0.13006497289455754,pepper,True,True,,pepper_field,field_test
41794,20,20,0.9968140870267663,0.09143840550484161,pepper,True,True,,pepper_field,field_test
41811,20,20,0.9955703101874703,0.2442419709290149,pepper,True,True,,pepper_field,field_test
41813,20,20,0.9982677627038674,0.15192758081950575,pepper,True,True,,pepper_field,field_test
41818,20,20,0.9977927288248022,0.19715894822698843,pepper,True,True,,pepper_field,field_test
41821,20,20,0.9919373796736921,0.34657457604728614,pepper,True,True,,pepper_field,field_test
41824,20,20,0.996703346124338,0.34721421469743485,pepper,True,True,,pepper_field,field_test
41827,20,20,0.9974269217199513,0.26800856511656845,pepper,True,True,,pepper_field,field_test
41855,20,20,0.9916614378018378,0.3914444139583737,pepper,True,True,,pepper_field,field_test
41859,20,20,0.9981698158519792,0.17667352323558927,pepper,True,True,,pepper_field,field_test
41860,20,20,0.9973050266307512,0.32301000086001197,pepper,True,True,,pepper_field,field_test
41872,20,20,0.9936496360022368,0.276118483488873,pepper,True,True,,pepper_field,field_test
41875,20,20,0.9715614485746237,0.4673164951298011,pepper,True,True,,pepper_field,field_test
41880,20,20,0.9972863869283564,0.20184590711253247,pepper,True,True,,pepper_field,field_test
41910,20,20,0.9983744190459096,0.1041917507607456,pepper,True,True,,pepper_field,field_test
41913,20,20,0.9944965315227838,0.3320048082509527,pepper,True,True,,pepper_field,field_test
41936,24,24,0.9965619410583897,0.08074860135519812,pepper,True,True,,pepper_field,field_test
41939,24,24,0.9955252495416862,0.1386659779652567,pepper,True,True,,pepper_field,field_test
41947,24,24,0.9973575191413284,0.05832772680109799,pepper,True,True,,pepper_field,field_test
41954,24,24,0.9967980748665899,0.07117035408646855,pepper,True,True,,pepper_field,field_test
41965,24,24,0.9958821209293892,0.08054363618717053,pepper,True,True,,pepper_field,field_test
41967,24,24,0.9944631419882048,0.11876639359711261,pepper,True,True,,pepper_field,field_test
41969,24,24,0.9955859181107202,0.08554851927572349,pepper,True,True,,pepper_field,field_test
41983,24,24,0.9940347011883175,0.09989831258190263,pepper,True,True,,pepper_field,field_test
42033,24,24,0.9967620728398905,0.061841055685332935,pepper,True,True,,pepper_field,field_test
42045,24,24,0.9943896304825391,0.19150327034614212,pepper,True,True,,pepper_field,field_test
42046,24,24,0.9968295488604413,0.058784188136196125,pepper,True,True,,pepper_field,field_test
42049,24,24,0.9949638382158859,0.13096367255176933,pepper,True,True,,pepper_field,field_test
42052,24,24,0.9947525162801368,0.08016214931362575,pepper,True,True,,pepper_field,field_test
42056,24,24,0.9970683447012058,0.08153343635116794,pepper,True,True,,pepper_field,field_test
42057,24,24,0.9921062870275996,0.1902231446556435,pepper,True,True,,pepper_field,field_test
42074,24,24,0.9962072798993906,0.07271487361253404,pepper,True,True,,pepper_field,field_test
42097,24,24,0.9961304540654654,0.12802495690985993,pepper,True,True,,pepper_field,field_test
42098,24,24,0.9934482319889659,0.13812532463484717,pepper,True,True,,pepper_field,field_test
42109,24,24,0.9964259251159666,0.07993755965882077,pepper,True,True,,pepper_field,field_test
42118,24,24,0.9930620998391394,0.1301896145723005,pepper,True,True,,pepper_field,field_test
42119,24,24,0.995120389749444,0.11994145472018392,pepper,True,True,,pepper_field,field_test
42130,24,24,0.9902065591997276,0.16147297471003885,pepper,True,True,,pepper_field,field_test
42132,24,24,0.9952116575233712,0.0902398889365057,pepper,True,True,,pepper_field,field_test
42139,24,24,0.995801998485669,0.14485094253288122,pepper,True,True,,pepper_field,field_test
42143,24,24,0.997405799530729,0.08422943624149104,pepper,True,True,,pepper_field,field_test
42146,24,24,0.9966933312973625,0.10679912840205608,pepper,True,True,,pepper_field,field_test
42153,24,24,0.9975131098385834,0.07938017161939881,pepper,True,True,,pepper_field,field_test
42162,24,24,0.9853939265497902,0.23278758669114397,pepper,True,True,,pepper_field,field_test
42164,20,19,0.7019225412844913,0.45145113398739123,pepper,True,True,,plantdoc_train,field_test
42175,19,20,0.9830595012631059,0.2897646860463735,pepper,True,True,,plantdoc_train,field_test
42181,19,19,0.9932688527647465,0.3103621050517158,pepper,False,True,out_of_distribution,plantdoc_train,field_test
42183,19,20,0.529876260478927,0.46282922586457986,pepper,True,True,,plantdoc_train,field_test
42189,19,19,0.9996439617092223,0.20878502844883662,pepper,True,True,,plantdoc_train,field_test
42202,24,24,0.9953915336232534,0.07643320534812159,pepper,True,True,,pepper_field,field_test
42209,19,19,0.9982086038514499,0.1422150505163854,pepper,False,True,out_of_distribution,plantdoc_train,field_test
42214,24,24,0.9958178050841476,0.06468579496365046,pepper,True,True,,pepper_field,field_test
42220,24,24,0.9964850421334408,0.12860737190093585,pepper,True,True,,pepper_field,field_test
42241,20,20,0.989100335818941,0.48309714300681406,pepper,True,True,,plantdoc_train,field_test
42245,20,20,0.5926224187107627,0.46297912756076687,pepper,True,True,,plantdoc_train,field_test
42252,20,20,0.9728443169517943,0.3623555418461488,pepper,True,True,,plantdoc_train,field_test
42284,24,24,0.9932130930512848,0.17866415376139733,pepper,True,True,,pepper_field,field_test
42287,24,24,0.9936252230252282,0.1581373269978712,pepper,True,True,,pepper_field,field_test
42293,24,24,0.9911324814261313,0.18442804520423606,pepper,True,True,,pepper_field,field_test
42319,24,24,0.9955996770770607,0.13136481185631732,pepper,True,True,,pepper_field,field_test
42321,24,24,0.9948024364161844,0.1636846566605129,pepper,True,True,,pepper_field,field_test
42359,24,24,0.9962635671301826,0.06453163849544274,pepper,True,True,,pepper_field,field_test
42375,24,24,0.9964412475336546,0.0856188309598589,pepper,True,True,,pepper_field,field_test
42379,24,24,0.9972415474108708,0.05933379663685989,pepper,True,True,,pepper_field,field_test
42385,24,24,0.9958577942404724,0.07330641319133879,pepper,True,True,,pepper_field,field_test
42403,24,24,0.9971563949120618,0.05396656441875247,pepper,True,True,,pepper_field,field_test
42406,24,24,0.9975086858063952,0.05019405170579372,pepper,True,True,,pepper_field,field_test
42423,24,24,0.9950147782201313,0.11943763440405497,pepper,True,True,,pepper_field,field_test
42425,24,24,0.9966210074522344,0.09014852012731922,pepper,True,True,,pepper_field,field_test
42434,24,24,0.9965359613061137,0.07464358577900809,pepper,True,True,,pepper_field,field_test
42441,24,24,0.9961944122672839,0.08334348730532826,pepper,True,True,,pepper_field,field_test
42445,24,24,0.9963327094701994,0.09840852606410111,pepper,True,True,,pepper_field,field_test
42448,24,24,0.9967563796375538,0.05867505948725826,pepper,True,True,,pepper_field,field_test
42450,24,24,0.9962716665131046,0.06619770763887489,pepper,True,True,,pepper_field,field_test
42489,24,24,0.9940251189675351,0.1189189293027384,pepper,True,True,,pepper_field,field_test
42508,24,24,0.9937312364228398,0.13945943453034504,pepper,True,True,,pepper_field,field_test
42515,24,24,0.9945196969523469,0.14095788518982555,pepper,True,True,,pepper_field,field_test
42530,24,24,0.9972439190719536,0.09289568745216237,pepper,True,True,,pepper_field,field_test
42545,24,24,0.9981615659306884,0.09759936874937991,pepper,True,True,,pepper_field,field_test
42549,24,24,0.9959314548662448,0.10773664015809392,pepper,True,True,,pepper_field,field_test
42559,23,23,0.9885059245866614,0.2029922169325057,pepper,True,True,,pepper_field,field_test
42560,23,23,0.9965753292661597,0.04962746529458317,pepper,True,True,,pepper_field,field_test
42586,24,24,0.9967269313179744,0.10792329986677585,pepper,True,True,,pepper_field,field_test
42602,24,24,0.9957340244213188,0.10457872554206304,pepper,True,True,,pepper_field,field_test
42610,24,24,0.9962526994818717,0.13583773099722363,pepper,True,True,,pepper_field,field_test
42615,24,24,0.9979772251074942,0.07488594643145885,pepper,True,True,,pepper_field,field_test
42627,24,24,0.9926176812506514,0.19343440060858486,pepper,True,True,,pepper_field,field_test
42631,24,24,0.9976703637525193,0.1256686184190745,pepper,True,True,,pepper_field,field_test
42637,24,24,0.9912262428031057,0.2966003473946963,pepper,True,True,,pepper_field,field_test
42647,24,24,0.9940506994796219,0.14177702179786378,pepper,True,True,,pepper_field,field_test
42656,24,24,0.9943785230596476,0.23742159144289965,pepper,True,True,,pepper_field,field_test
42657,24,24,0.9935765760469578,0.25413016954496015,pepper,True,True,,pepper_field,field_test
42658,24,24,0.9941785439306159,0.22726473292520522,pepper,True,True,,pepper_field,field_test
42661,24,24,0.991521981996812,0.2621270156470409,pepper,True,True,,pepper_field,field_test
42663,24,24,0.993353839138466,0.2622313342688075,pepper,True,True,,pepper_field,field_test
42666,24,24,0.9950303328363048,0.12367296513205628,pepper,True,True,,pepper_field,field_test
42680,24,24,0.994127289727369,0.1181824882663085,pepper,True,True,,pepper_field,field_test
42684,24,24,0.992242029716512,0.14039451228825117,pepper,True,True,,pepper_field,field_test
42691,24,24,0.9846388921914433,0.25093184580886185,pepper,True,True,,pepper_field,field_test
42697,24,24,0.9953537103004204,0.08216920580571141,pepper,True,True,,pepper_field,field_test
42725,24,24,0.9961488750251637,0.08065058644650303,pepper,True,True,,pepper_field,field_test
42728,24,24,0.9927541645314296,0.2925477688111384,pepper,True,True,,pepper_field,field_test
42746,24,24,0.994989507953458,0.07563838870966921,pepper,True,True,,pepper_field,field_test
42750,24,24,0.9956610841396366,0.0940001026222006,pepper,True,True,,pepper_field,field_test
42768,24,24,0.9975183065140967,0.09975730718885589,pepper,True,True,,pepper_field,field_test
42772,24,24,0.992846644289236,0.1447514305437858,pepper,True,True,,pepper_field,field_test
42828,24,24,0.9967936526708121,0.08622069017222589,pepper,True,True,,pepper_field,field_test
42834,24,24,0.984822289799318,0.16460421915624535,pepper,True,True,,pepper_field,field_test
42842,24,24,0.9974173727405895,0.09677914283615086,pepper,True,True,,pepper_field,field_test
42854,24,24,0.9969709521306724,0.12870020863269394,pepper,True,True,,pepper_field,field_test
42896,6,6,0.9795645297738567,0.20512100647656206,tomato,True,True,,plantdoc_train,field_test
42907,7,7,0.6968629580968126,0.5651613579516968,tomato,True,True,,plantdoc_train,field_test
42933,4,4,0.9958584442747658,0.15289967756804268,tomato,True,True,,plantdoc_train,field_test
42934,4,4,0.997975333693996,0.1058513348998088,tomato,True,True,,plantdoc_train,field_test
42945,4,0,0.8366085660797165,0.6043199184768299,tomato,False,True,out_of_distribution,plantdoc_train,field_test
42950,4,2,0.8966687882244536,0.499856673689827,tomato,True,True,,plantdoc_train,field_test
42958,4,4,0.9950045716770468,0.2673244658967886,tomato,True,True,,plantdoc_train,field_test
42959,6,7,0.946735970309012,0.3449913931153009,tomato,True,True,,plantdoc_train,field_test
42962,6,6,0.9974390485048482,0.12264865295988381,tomato,True,True,,plantdoc_train,field_test
42963,6,6,0.9909365813025762,0.2365365109467943,tomato,True,True,,plantdoc_train,field_test
42964,6,6,0.9957108962648771,0.1868599720339713,tomato,True,True,,plantdoc_train,field_test
42972,6,6,0.9955927385303589,0.14281371444649538,tomato,True,True,,plantdoc_train,field_test
42997,3,3,0.9589112251087321,0.3488884252752277,tomato,True,True,,plantdoc_train,field_test
43013,3,3,0.9943046003185014,0.2948115025917398,tomato,True,True,,plantdoc_train,field_test
43015,3,3,0.9800844139963508,0.33661737021270366,tomato,True,True,,plantdoc_train,field_test
43023,3,3,0.9988237095262037,0.13214007916460258,tomato,True,True,,plantdoc_train,field_test
43043,7,7,0.9816657330200601,0.31913371009432423,tomato,True,True,,plantdoc_train,field_test
43058,7,7,0.995865052041232,0.19769842196456222,tomato,True,True,,plantdoc_train,field_test
43064,7,0,0.3526337995136376,0.7762688247424743,tomato,False,True,out_of_distribution,plantdoc_train,field_test
43072,3,3,0.9842219946416919,0.2323533105802409,tomato,True,True,,plantdoc_train,field_test
43079,3,3,0.9722112270798251,0.38922957608647124,tomato,True,True,,plantdoc_train,field_test
43090,3,3,0.989366187604313,0.2589231326842416,tomato,True,True,,plantdoc_train,field_test
43102,20,20,0.9978649706861522,0.1667729208628359,pepper,True,True,,pepper_field,field_test
43105,20,20,0.9968236972708551,0.17648439030509988,pepper,True,True,,pepper_field,field_test
43106,20,20,0.9946937585128337,0.21445911343201374,pepper,True,True,,pepper_field,field_test
43108,20,20,0.9972058011381268,0.13149180653044978,pepper,True,True,,pepper_field,field_test
43126,20,20,0.9968244371600746,0.15028187241504143,pepper,True,True,,pepper_field,field_test
43131,20,20,0.9981803990753563,0.10721008178385771,pepper,True,True,,pepper_field,field_test
43133,20,20,0.9904758005122375,0.2888084523538976,pepper,True,True,,pepper_field,field_test
43137,20,20,0.9945167916526869,0.32028095362484654,pepper,True,True,,pepper_field,field_test
43142,4,4,0.9977825921331762,0.07702718122991192,tomato,True,True,,plantdoc_train,field_test
43146,4,0,0.7339685074577172,0.7375849122352942,tomato,False,True,out_of_distribution,plantdoc_train,field_test
43156,4,4,0.9875661687291221,0.2540265757894503,tomato,True,True,,plantdoc_train,field_test
43189,20,20,0.9977328066041482,0.1275458043939831,pepper,True,True,,pepper_field,field_test
43199,20,20,0.9960663683449757,0.18703119799435974,pepper,True,True,,pepper_field,field_test
43200,20,20,0.9958346000667286,0.21071056527676357,pepper,True,True,,pepper_field,field_test
43204,3,4,0.7718676288108635,0.5633104359099472,tomato,True,True,,plantdoc_train,field_test
43206,2,2,0.9984685930256664,0.2949299732663794,tomato,True,True,,plantdoc_train,field_test
43229,2,2,0.9357386461425197,0.51389295778316,tomato,True,True,,plantdoc_train,field_test
43256,2,5,0.9007320796001004,0.3960118721449616,tomato,True,True,,plantdoc_train,field_test
43257,2,2,0.980789852983748,0.3490287605927853,tomato,True,True,,plantdoc_train,field_test
43263,5,5,0.9990493081693977,0.13136037962981062,tomato,True,True,,plantdoc_train,field_test
43265,5,2,0.8880473502807266,0.41277306051376794,tomato,True,True,,plantdoc_train,field_test
43274,5,0,0.0,,tomato,False,False,camera_obscured,plantdoc_train,field_test
43282,5,5,0.9976969710567857,0.2022819085516161,tomato,True,True,,plantdoc_train,field_test
43283,5,5,0.9937539758747386,0.2767076343706032,tomato,True,True,,plantdoc_train,field_test
43289,5,5,0.9823559576532216,0.4239129210518877,tomato,True,True,,plantdoc_train,field_test
43334,32,32,0.9935934250947621,0.08293916965033399,strawberry,False,True,out_of_distribution,plantdoc_train,field_test
43336,32,32,0.9960716944021172,0.07956069245510555,strawberry,True,True,,plantdoc_train,field_test
43352,20,20,0.9765548126505226,0.3871068728111047,pepper,True,True,,plantdoc_train,field_test
43366,20,20,0.9630184087303697,0.3927774976580054,pepper,True,True,,plantdoc_train,field_test
43383,32,32,0.9977122556661129,0.18150626701838712,strawberry,False,True,out_of_distribution,plantdoc_train,field_test
43388,32,32,0.9974130669559883,0.07569629333714967,strawberry,True,True,,plantdoc_train,field_test
43393,32,32,0.9876456971336798,0.1699176943699119,strawberry,True,True,,plantdoc_train,field_test
43396,32,32,0.9921871969723537,0.12581152070256807,strawberry,True,True,,plantdoc_train,field_test
43399,2,2,0.9958104173536361,0.2429184194084324,tomato,True,True,,plantdoc_train,field_test
43402,2,5,0.7909921911011687,0.3762247512126413,tomato,True,True,,plantdoc_train,field_test
43404,32,32,0.9911454064364826,0.1324665363338342,strawberry,True,True,,plantdoc_train,field_test
43413,32,32,0.966619912514024,0.27746941980637296,strawberry,True,True,,plantdoc_train,field_test
43418,32,32,0.9980105087982601,0.10601622340855887,strawberry,True,True,,plantdoc_train,field_test
43433,5,5,0.8093243440712808,0.31498395256165423,tomato,True,True,,plantdoc_train,field_test
43439,1,5,0.8165789486013051,0.6377670009623051,tomato,True,True,,plantdoc_train,field_test
43447,1,1,0.7768640641190611,0.538066877546589,tomato,True,True,,plantdoc_train,field_test
43461,1,5,0.9989370498988013,0.127867622959983,tomato,True,True,,plantdoc_train,field_test
43471,0,0,0.9500035175018855,0.3288617502086173,tomato,True,True,,plantdoc_train,field_test
43485,1,5,0.9286880082512439,0.4011980433963188,tomato,True,True,,plantdoc_train,field_test
43486,1,5,0.9703514457184993,0.3505043662591045,tomato,True,True,,plantdoc_train,field_test
43492,0,0,0.6884391170119024,0.6375371727014791,tomato,False,True,out_of_distribution,plantdoc_train,field_test
43506,1,5,0.973665611802652,0.3240667045809552,tomato,True,True,,plantdoc_train,field_test
43507,1,5,0.7413442572305592,0.46896385699229914,tomato,True,True,,plantdoc_train,field_test
43513,3,2,0.6854948858579553,0.5457891677330106,tomato,True,True,,plantdoc_train,field_test
43521,1,1,0.8759515208116356,0.42537942401323525,tomato,True,True,,plantdoc_train,field_test
43523,1,1,0.6368151335576184,0.5614639616017234,tomato,True,True,,plantdoc_train,field_test
43528,1,5,0.6743055951044175,0.5897278317798651,tomato,True,True,,plantdoc_train,field_test
43559,5,5,0.7576697768479153,0.5290064996079453,tomato,True,True,,plantdoc_train,field_test
43564,5,5,0.9918049032870442,0.22082508840775072,tomato,True,True,,plantdoc_train,field_test
43585,5,5,0.9891362862002585,0.2083663061540415,tomato,True,True,,plantdoc_train,field_test
43589,5,4,0.5646055428900082,0.5456100484634769,tomato,True,True,,plantdoc_train,field_test
43621,0,0,0.9604145311770805,0.5656788503229326,tomato,True,True,,plantdoc_train,field_test
43624,0,0,0.9410644564293308,0.4404721070051647,tomato,True,True,,plantdoc_train,field_test
43631,0,3,0.5449251291033171,0.6973332228534863,tomato,True,True,,plantdoc_train,field_test
43635,0,0,0.9880465039667565,0.4255248179356448,tomato,True,True,,plantdoc_train,field_test
43638,5,5,0.9898264788552865,0.244460094175301,tomato,True,True,,plantdoc_train,field_test
43647,5,5,0.9248055505645418,0.375212861907958,tomato,True,True,,plantdoc_train,field_test
43662,20,20,0.9955466158253818,0.14587369368087866,pepper,True,True,,pepper_field,field_test
43664,20,20,0.9916390208393245,0.18727167005377132,pepper,True,True,,pepper_field,field_test
43677,20,20,0.9931681462217229,0.3178229405200106,pepper,True,True,,pepper_field,field_test
43699,20,20,0.9928082190477895,0.2771577119629087,pepper,True,True,,pepper_field,field_test
43719,20,20,0.9963261223333215,0.1898007216392792,pepper,True,True,,pepper_field,field_test
43732,20,20,0.9944726053504839,0.3282255596121664,pepper,True,True,,pepper_field,field_test
43734,20,20,0.9963018205456159,0.2751012832352647,pepper,True,True,,pepper_field,field_test
43742,20,20,0.9971888457780145,0.19140856179310906,pepper,True,True,,pepper_field,field_test
43743,20,20,0.9934154307308708,0.21788086160229858,pepper,True,True,,pepper_field,field_test
43746,20,20,0.9968111388598035,0.14049226725320285,pepper,True,True,,pepper_field,field_test
43748,20,20,0.9872355006467838,0.37982977291912534,pepper,True,True,,pepper_field,field_test
43749,20,20,0.9910835357903497,0.3463436389182156,pepper,True,True,,pepper_field,field_test
43757,20,20,0.9968499831950306,0.24510437835350352,pepper,True,True,,pepper_field,field_test
43759,20,20,0.9958611839839878,0.19878975201520244,pepper,True,True,,pepper_field,field_test
43789,20,20,0.9978891709676568,0.14204596142673975,pepper,True,True,,pepper_field,field_test
43791,20,20,0.9970628802946591,0.1909750555277141,pepper,True,True,,pepper_field,field_test
43797,20,20,0.994205285692542,0.31394930186921166,pepper,True,True,,pepper_field,field_test
43798,20,20,0.9967801669247278,0.17378508176054552,pepper,True,True,,pepper_field,field_test
43800,20,20,0.9958953874303569,0.34449176379727064,pepper,True,True,,pepper_field,field_test
43803,20,20,0.9980464229086892,0.11256663759611041,pepper,True,True,,pepper_field,field_test
43818,20,20,0.9987972712922543,0.20678476861726236,pepper,True,True,,pepper_field,field_test
43829,20,20,0.9849006800796242,0.35458748575605326,pepper,True,True,,pepper_field,field_test
43842,20,20,0.9925165505368364,0.27322254444217364,pepper,True,True,,pepper_field,field_test
43861,20,20,0.9944550861348178,0.3481125091573912,pepper,True,True,,pepper_field,field_test
43862,20,20,0.9991300045748184,0.11339841952479468,pepper,True,True,,pepper_field,field_test
43863,20,20,0.9986529493143792,0.11147796820728462,pepper,True,True,,pepper_field,field_test
43865,20,20,0.992856362371399,0.28428076210121134,pepper,True,True,,pepper_field,field_test
43869,20,20,0.9871543687786196,0.25946622527634844,pepper,True,True,,pepper_field,field_test
43894,20,20,0.9982520971783153,0.16372010187231478,pepper,True,True,,pepper_field,field_test
43919,20,20,0.9958580886361449,0.18488226568150568,pepper,True,True,,pepper_field,field_test
43933,20,20,0.9912485907163734,0.3227320049864051,pepper,True,True,,pepper_field,field_test
43950,20,20,0.9983633824455147,0.2007569130795197,pepper,True,True,,pepper_field,field_test
43952,20,20,0.9982243536144583,0.08689866310100114,pepper,True,True,,pepper_field,field_test
43957,20,20,0.9968380813030726,0.2806702510912249,pepper,True,True,,pepper_field,field_test
43962,20,20,0.9876001995357933,0.36199400369704815,pepper,True,True,,pepper_field,field_test
43963,20,20,0.9986029564345789,0.16616693066168553,pepper,True,True,,pepper_field,field_test
43968,20,20,0.9928323396690792,0.26359467580202867,pepper,True,True,,pepper_field,field_test
43974,20,20,0.9957746842259685,0.2353907033376872,pepper,True,True,,pepper_field,field_test
43979,20,20,0.997880045424757,0.11121239333988275,pepper,True,True,,pepper_field,field_test
43985,20,20,0.9985834406985901,0.09579767542143958,pepper,True,True,,pepper_field,field_test
43989,20,20,0.9954836086978424,0.28853285614087276,pepper,True,True,,pepper_field,field_test
43991,20,20,0.9954795506168859,0.16072595594905192,pepper,True,True,,pepper_field,field_test
43993,20,20,0.9887939040334084,0.30382875238284757,pepper,True,True,,pepper_field,field_test
43997,20,20,0.9959834855749385,0.2412528501103406,pepper,True,True,,pepper_field,field_test
44003,20,20,0.9818225563375459,0.49142120604305817,pepper,True,True,,pepper_field,field_test
44005,20,20,0.9788255920185331,0.4003129115036276,pepper,True,True,,pepper_field,field_test
44006,20,20,0.996909318141244,0.2651682299772793,pepper,True,True,,pepper_field,field_test
44011,20,20,0.8866215368857724,0.5933023190754283,pepper,True,True,,pepper_field,field_test
44013,20,20,0.8424339768942029,0.41510996145830314,pepper,True,True,,pepper_field,field_test
44031,20,20,0.9917133489018353,0.3049708519887827,pepper,True,True,,pepper_field,field_test
44035,20,20,0.972567679274476,0.39809875242372517,pepper,True,True,,pepper_field,field_test
44037,20,20,0.9972982634796523,0.13549374390010605,pepper,True,True,,pepper_field,field_test
44041,20,20,0.9949055010924326,0.26407097755002007,pepper,True,True,,pepper_field,field_test
44049,20,20,0.9982280074218542,0.1547078691045498,pepper,True,True,,pepper_field,field_test
44050,20,20,0.9812767509247896,0.3563650546798448,pepper,True,True,,pepper_field,field_test
44051,20,20,0.9887727222114404,0.2927261302076276,pepper,True,True,,pepper_field,field_test
44057,20,20,0.9969079261405778,0.1742527956199389,pepper,True,True,,pepper_field,field_test
44069,20,20,0.9928450265922618,0.2777620865501039,pepper,True,True,,pepper_field,field_test
44070,20,20,0.994621047124159,0.2781203683655509,pepper,True,True,,pepper_field,field_test
44071,20,20,0.9975900267531286,0.1409477043989632,pepper,True,True,,pepper_field,field_test
44081,20,20,0.9951689811751481,0.336899884854005,pepper,True,True,,pepper_field,field_test
44085,20,20,0.9953931127550675,0.3201641180162864,pepper,True,True,,pepper_field,field_test
44100,20,20,0.9698925868253712,0.37165012630316474,pepper,True,True,,pepper_field,field_test
44102,20,20,0.9971085091700743,0.10124981749824058,pepper,True,True,,pepper_field,field_test
44110,20,20,0.9893739208144547,0.38945709056637234,pepper,True,True,,pepper_field,field_test
44112,20,20,0.9985370267449303,0.119291041866602,pepper,True,True,,pepper_field,field_test
44132,20,20,0.9941084627216326,0.30464993868598345,pepper,True,True,,pepper_field,field_test
44134,20,20,0.998468900603755,0.17979303688144554,pepper,True,True,,pepper_field,field_test
44138,20,20,0.9747490564373279,0.31831554528407446,pepper,True,True,,pepper_field,field_test
44141,20,20,0.9967629979164565,0.3097251713911072,pepper,True,True,,pepper_field,field_test
44143,20,20,0.9987502180697554,0.16100758420698247,pepper,True,True,,pepper_field,field_test
44144,20,20,0.9980498735616028,0.11006501286060599,pepper,True,True,,pepper_field,field_test
44147,20,20,0.9938802139273442,0.23084321547892517,pepper,True,True,,pepper_field,field_test
44149,20,20,0.9966519319319577,0.21469041698527702,pepper,True,True,,pepper_field,field_test
44152,20,20,0.9926959082772713,0.2871322096924207,pepper,True,True,,pepper_field,field_test
44161,20,20,0.9971828546458392,0.11520222671262115,pepper,True,True,,pepper_field,field_test
44181,20,20,0.9954770850249051,0.2793157102647754,pepper,True,True,,pepper_field,field_test
44189,20,20,0.9923248279395741,0.19306760719222282,pepper,True,True,,pepper_field,field_test
44196,20,20,0.9977767681834722,0.13479996603117972,pepper,True,True,,pepper_field,field_test
44199,20,20,0.9785962481927108,0.36984574135602877,pepper,True,True,,pepper_field,field_test
44212,20,20,0.9968540572602952,0.1749095609737743,pepper,True,True,,pepper_field,field_test
44238,20,20,0.9962298569264024,0.269942699645092,pepper,True,True,,pepper_field,field_test
44247,20,20,0.995597709445302,0.4099831971018997,pepper,True,True,,pepper_field,field_test
44257,20,20,0.9916883185943702,0.2977125283522557,pepper,True,True,,pepper_field,field_test
44276,20,20,0.9969434989144572,0.1462507872933032,pepper,True,True,,pepper_field,field_test
44285,20,20,0.9974181435904637,0.1321397991508333,pepper,True,True,,pepper_field,field_test
44294,20,20,0.9846954245275161,0.37923322275496507,pepper,True,True,,pepper_field,field_test
44298,20,20,0.9980759282997121,0.17026337952969306,pepper,True,True,,pepper_field,field_test
44301,20,20,0.9961342182586206,0.3834379757480031,pepper,True,True,,pepper_field,field_test
44303,20,20,0.9972014538713007,0.2731012467817513,pepper,True,True,,pepper_field,field_test
44306,20,20,0.9961925849789646,0.2692753855073058,pepper,True,True,,pepper_field,field_test
44314,20,20,0.9975877513959456,0.0877406447029907,pepper,True,True,,pepper_field,field_test
44339,20,20,0.9968400977889326,0.0893969216038587,pepper,True,True,,pepper_field,field_test
44342,20,20,0.9966797286221661,0.22039173858276395,pepper,True,True,,pepper_field,field_test
44343,20,20,0.9959829705592528,0.18504024537166475,pepper,True,True,,pepper_field,field_test
44351,20,20,0.9822200706672484,0.35164188999533397,pepper,True,True,,pepper_field,field_test
44365,20,20,0.9984131874668543,0.17215701327430266,pepper,True,True,,pepper_field,field_test
44366,20,20,0.9974874386746866,0.21445512691542223,pepper,True,True,,pepper_field,field_test
44378,20,20,0.9961527279511686,0.20262923308598757,pepper,True,True,,pepper_field,field_test
44379,20,20,0.9983457971649914,0.15204886928768324,pepper,True,True,,pepper_field,field_test
44399,20,20,0.993519065677885,0.25803288260738155,pepper,True,True,,pepper_field,field_test
44411,20,20,0.9962529136387511,0.40770672097654703,pepper,True,True,,pepper_field,field_test
44414,20,20,0.9964318795691868,0.15017448907054765,pepper,True,True,,pepper_field,field_test
44417,20,20,0.9973869912449309,0.2844917655987318,pepper,True,True,,pepper_field,field_test
44419,20,20,0.9979875011979235,0.15556731064323892,pepper,True,True,,pepper_field,field_test
44438,20,20,0.9974458125990762,0.17453356633029882,pepper,True,True,,pepper_field,field_test
44464,20,20,0.9976719150529001,0.14032634855082737,pepper,True,True,,pepper_field,field_test
44470,20,20,0.9968718519412376,0.26433815632474744,pepper,True,True,,pepper_field,field_test
44479,20,20,0.9944104650125247,0.14723831975225354,pepper,True,True,,pepper_field,field_test
44484,20,20,0.998173381486669,0.097448820864809,pepper,True,True,,pepper_field,field_test
44488,20,20,0.9955161469690297,0.28541495474831313,pepper,True,True,,pepper_field,field_test
44492,20,20,0.9954322749715078,0.23644648184815353,pepper,True,True,,pepper_field,field_test
44499,20,20,0.9967137081210832,0.2657594562005883,pepper,True,True,,pepper_field,field_test
44519,20,20,0.9966795072376502,0.1872028088322777,pepper,True,True,,pepper_field,field_test
44521,20,20,0.9923979573829445,0.2971080975429421,pepper,True,True,,pepper_field,field_test
44525,20,20,0.9973107311616491,0.1924717828616097,pepper,True,True,,pepper_field,field_test
44526,20,20,0.9770782873971322,0.27176274526510014,pepper,True,True,,pepper_field,field_test
44531,20,20,0.9946962025185556,0.2229298825583914,pepper,True,True,,pepper_field,field_test
44545,20,20,0.9981195030545278,0.1703425565069976,pepper,True,True,,pepper_field,field_test
44550,20,20,0.9933182646504626,0.3253607386841031,pepper,True,True,,pepper_field,field_test
44551,20,20,0.9938712708268859,0.2889820856296499,pepper,True,True,,pepper_field,field_test
44556,20,20,0.9978699260433265,0.21389427111368864,pepper,True,True,,pepper_field,field_test
44567,20,20,0.9963459737262782,0.17776380718356632,pepper,True,True,,pepper_field,field_test
44568,20,20,0.9816298276978938,0.3691577915416129,pepper,True,True,,pepper_field,field_test
44571,20,20,0.9908272156510395,0.4108377272926895,pepper,True,True,,pepper_field,field_test
44574,20,20,0.9960662553918531,0.26854679781014335,pepper,True,True,,pepper_field,field_test
44578,20,20,0.997018164667102,0.20211713387660535,pepper,True,True,,pepper_field,field_test
44584,20,20,0.9977468774367193,0.15236282803568957,pepper,True,True,,pepper_field,field_test
44588,20,20,0.9837943297784656,0.4890920789734534,pepper,True,True,,pepper_field,field_test
44593,20,20,0.9905453255190448,0.2665704109373256,pepper,True,True,,pepper_field,field_test
44610,20,20,0.9928717487553523,0.21219826902861816,pepper,True,True,,pepper_field,field_test
44621,20,20,0.996760055422038,0.16569372131174775,pepper,True,True,,pepper_field,field_test
44622,20,20,0.9960254271157167,0.20439069155575185,pepper,True,True,,pepper_field,field_test
44625,20,20,0.9945711649140763,0.28203716196689155,pepper,True,True,,pepper_field,field_test
44630,20,20,0.9864336334550116,0.30105312136934814,pepper,True,True,,pepper_field,field_test
44633,20,20,0.9971250536563206,0.17103664004960017,pepper,True,True,,pepper_field,field_test
44634,20,20,0.9946602398680063,0.22677777842972535,pepper,True,True,,pepper_field,field_test
44635,20,20,0.991349641250554,0.23424824780757025,pepper,True,True,,pepper_field,field_test
44637,20,20,0.9974966921382141,0.2376354630948465,pepper,True,True,,pepper_field,field_test
44641,20,20,0.99679904606896,0.15188989048371104,pepper,True,True,,pepper_field,field_test
44647,20,20,0.9961051300465856,0.19775936626973034,pepper,True,True,,pepper_field,field_test
44649,20,20,0.9967755285316942,0.24709192849833506,pepper,True,True,,pepper_field,field_test
44654,20,20,0.9959781391236932,0.1942819654671777,pepper,True,True,,pepper_field,field_test
44679,20,20,0.998021619304869,0.1909335570474271,pepper,True,True,,pepper_field,field_test
44681,20,20,0.9973321633913463,0.32738969087081227,pepper,True,True,,pepper_field,field_test
44682,20,20,0.9972892335427038,0.2888171559719599,pepper,True,True,,pepper_field,field_test
44684,20,20,0.9910959077984121,0.2737770269132631,pepper,True,True,,pepper_field,field_test
44712,20,20,0.9974578727532856,0.20740252205849963,pepper,True,True,,pepper_field,field_test
44721,20,20,0.9933900651766298,0.3335646413862796,pepper,True,True,,pepper_field,field_test
44742,20,20,0.9939743442097305,0.32326565733388435,pepper,True,True,,pepper_field,field_test
44752,20,20,0.9960055959291398,0.2936803238477379,pepper,True,True,,pepper_field,field_test
44762,20,20,0.9955200683764901,0.30713914655437635,pepper,True,True,,pepper_field,field_test
44766,20,20,0.998409682273774,0.10396535284961206,pepper,True,True,,pepper_field,field_test
44779,20,20,0.9967135708499205,0.2546141196706775,pepper,True,True,,pepper_field,field_test
44784,20,20,0.9858251801181376,0.31339933249412266,pepper,True,True,,pepper_field,field_test
44792,20,20,0.9948621072198177,0.2613074922193823,pepper,True,True,,pepper_field,field_test
44816,20,20,0.9960686608255453,0.13327322549090792,pepper,True,True,,pepper_field,field_test
44824,20,20,0.9977017442976518,0.38158618483643847,pepper,True,True,,pepper_field,field_test
44833,20,20,0.9985727702259486,0.13392600277923972,pepper,True,True,,pepper_field,field_test
44857,20,20,0.9972576807901398,0.13238757501558274,pepper,True,True,,pepper_field,field_test
44858,20,20,0.9962474308827088,0.13506563188593812,pepper,True,True,,pepper_field,field_test
44871,20,20,0.9969973687583361,0.14442958313078869,pepper,True,True,,pepper_field,field_test
44890,20,20,0.9949028627942036,0.2760321234428298,pepper,True,True,,pepper_field,field_test
44891,20,20,0.9927126735181091,0.3167241052190075,pepper,True,True,,pepper_field,field_test
44892,20,20,0.992907016651789,0.29270709437295417,pepper,True,True,,pepper_field,field_test
44911,20,20,0.9958028791406311,0.13588953101276235,pepper,True,True,,pepper_field,field_test
44916,20,20,0.9971301987517661,0.16325238783641116,pepper,True,True,,pepper_field,field_test
44930,20,20,0.9961181915729055,0.24626031066780785,pepper,True,True,,pepper_field,field_test
44931,20,20,0.997030453122577,0.18046960919829336,pepper,True,True,,pepper_field,field_test
44934,20,20,0.9904994893312896,0.3368406105695303,pepper,True,True,,pepper_field,field_test
44944,20,20,0.9968963051556916,0.18412608416653853,pepper,True,True,,pepper_field,field_test
44946,20,20,0.9962827564185972,0.21682412298423104,pepper,True,True,,pepper_field,field_test
44950,20,20,0.9932267526525569,0.294728421136878,pepper,True,True,,pepper_field,field_test
44971,20,20,0.9973918170959061,0.2763082578390019,pepper,True,True,,pepper_field,field_test
44989,20,20,0.9980907731192195,0.2345592643152702,pepper,True,True,,pepper_field,field_test
44992,20,20,0.9970399430107073,0.35865643418671045,pepper,True,True,,pepper_field,field_test
44995,20,20,0.9978383605667753,0.17230215341489397,pepper,True,True,,pepper_field,field_test
45000,20,20,0.9987394636788334,0.11923879647181068,pepper,True,True,,pepper_field,field_test
45011,20,20,0.9917354367092703,0.394084166543048,pepper,True,True,,pepper_field,field_test
45022,20,20,0.9905861331813971,0.24851461331665625,pepper,True,True,,pepper_field,field_test
45030,20,20,0.9466204568020683,0.4709217320592066,pepper,True,True,,pepper_field,field_test
45038,20,20,0.875499277641604,0.46785530440675116,pepper,True,True,,pepper_field,field_test
45044,20,20,0.9982852159129346,0.15890283966446783,pepper,True,True,,pepper_field,field_test
45050,20,20,0.9771825165301474,0.3049226519834044,pepper,True,True,,pepper_field,field_test
45055,20,20,0.985311351665103,0.33771761245842635,pepper,True,True,,pepper_field,field_test
45067,20,20,0.9983877270876135,0.11062040519249638,pepper,True,True,,pepper_field,field_test
45075,20,20,0.9942300720068673,0.34241826242589624,pepper,True,True,,pepper_field,field_test
228,20,20,0.990734514397308,0.3713173472963779,pepper,True,True,,plantdoc_test,domain_test
229,20,20,0.909123586114169,0.5301207853576592,pepper,True,True,,plantdoc_test,domain_test
230,20,20,0.9654216078855283,0.3715465619101386,pepper,True,True,,plantdoc_test,domain_test
231,20,20,0.9984819095259458,0.18844001962280155,pepper,True,True,,plantdoc_test,domain_test
232,20,20,0.9677760900266252,0.35312634871518855,pepper,True,True,,plantdoc_test,domain_test
233,32,32,0.9946312609228576,0.1207161033151154,strawberry,True,True,,plantdoc_test,domain_test
234,32,32,0.9923023620140143,0.15574580884409261,strawberry,True,True,,plantdoc_test,domain_test
235,32,32,0.9932482733198034,0.08815153656419727,strawberry,True,True,,plantdoc_test,domain_test
236,32,32,0.9933356488419258,0.09588613514189903,strawberry,True,True,,plantdoc_test,domain_test
237,32,32,0.9971672288685633,0.05075432364863519,strawberry,True,True,,plantdoc_test,domain_test
238,32,32,0.9955664931430807,0.11084219200993717,strawberry,True,True,,plantdoc_test,domain_test
239,32,32,0.9957398147149769,0.058578793633563775,strawberry,True,True,,plantdoc_test,domain_test
240,32,32,0.9959113431004967,0.0626031065609749,strawberry,True,True,,plantdoc_test,domain_test
241,2,2,0.9914571050883647,0.24864885230641054,tomato,True,True,,plantdoc_test,domain_test
242,2,2,0.7622789912939965,0.5526241957876201,tomato,True,True,,plantdoc_test,domain_test
243,2,2,0.9943487561665463,0.1300795726004773,tomato,True,True,,plantdoc_test,domain_test
244,2,2,0.959972003586695,0.4701705176999621,tomato,True,True,,plantdoc_test,domain_test
245,2,2,0.9955673088280309,0.2161669866443212,tomato,True,True,,plantdoc_test,domain_test
246,2,2,0.9960107111982821,0.1994204772118673,tomato,True,True,,plantdoc_test,domain_test
247,2,2,0.9294589969481005,0.4278799670702058,tomato,True,True,,plantdoc_test,domain_test
248,2,2,0.9962809791477097,0.31307414398860045,tomato,True,True,,plantdoc_test,domain_test
249,2,2,0.6631275877267983,0.5881620080197001,tomato,True,True,,plantdoc_test,domain_test
250,5,5,0.8623130870830559,0.5196684651959014,tomato,True,True,,plantdoc_test,domain_test
251,5,5,0.7894172914743077,0.4737222170965063,tomato,True,True,,plantdoc_test,domain_test
252,5,5,0.7366236582122558,0.4151578554035841,tomato,True,True,,plantdoc_test,domain_test
253,20,20,0.9712126458101679,0.3815116073284497,pepper,True,True,,plantdoc_test,domain_test
254,20,20,0.9760826002184192,0.33223416392605587,pepper,True,True,,plantdoc_test,domain_test
255,20,20,0.976061839815242,0.32293840539075414,pepper,True,True,,plantdoc_test,domain_test
256,5,5,0.998332213829477,0.14766807962527473,tomato,True,True,,plantdoc_train,domain_test
265,1,1,0.5637573195313136,0.5868488469905333,tomato,True,True,,plantdoc_train,domain_test
266,3,3,0.970163260930046,0.25841500020216435,tomato,True,True,,plantdoc_train,domain_test
267,20,20,0.7403042424152305,0.3980573769977023,pepper,True,True,,plantdoc_test,domain_test
268,6,6,0.9982402367811395,0.1400489109116536,tomato,True,True,,plantdoc_train,domain_test
269,20,20,0.9984212242087968,0.1838534472028246,pepper,True,True,,plantwild,domain_test
270,6,6,0.9976983941463596,0.18907686085363618,tomato,True,True,,plantwild,domain_test
271,19,19,0.8898194969192934,0.5223718870247002,pepper,True,True,,plantdoc_test,domain_test
272,19,19,0.9956240347510348,0.14903644928759996,pepper,True,True,,plantdoc_test,domain_test
273,19,19,0.45077558076652013,0.6815897585419508,pepper,True,True,,plantdoc_test,domain_test
274,19,20,0.9361859558758681,0.5972997961134804,pepper,True,True,,plantdoc_test,domain_test
275,19,19,0.9971925162670406,0.28921414654229105,pepper,True,True,,plantdoc_test,domain_test
276,19,19,0.9948152030852775,0.2836337662546926,pepper,True,True,,plantdoc_test,domain_test
277,19,19,0.9906838458837051,0.45890109437305315,pepper,True,True,,plantdoc_test,domain_test
278,19,19,0.9683720739380185,0.3870486829356834,pepper,False,True,out_of_distribution,plantdoc_test,domain_test
279,5,5,0.9875220966376783,0.34672388207373994,tomato,True,True,,plantdoc_test,domain_test
280,5,5,0.9783782320520629,0.27571355704758127,tomato,True,True,,plantdoc_test,domain_test
281,6,6,0.9953165136751017,0.06147425056834521,tomato,True,True,,plantdoc_test,domain_test
282,7,0,0.43257817184374076,0.5750754665155304,tomato,False,True,out_of_distribution,plantdoc_test,domain_test
283,7,7,0.7977727649580664,0.532077334381972,tomato,True,True,,plantdoc_test,domain_test
284,7,7,0.7501562761346523,0.6726594796953634,tomato,True,True,,plantdoc_test,domain_test
285,7,7,0.8205936530309412,0.4506751878958032,tomato,True,True,,plantdoc_test,domain_test
286,7,0,0.700085408633997,0.658512744281833,tomato,False,True,out_of_distribution,plantdoc_test,domain_test
287,7,0,0.5385437038204615,0.5403022244304946,tomato,True,True,,plantdoc_test,domain_test
288,7,7,0.9615679442334781,0.34540921088687326,tomato,True,True,,plantdoc_test,domain_test
289,7,7,0.9472534720670063,0.4677986559965117,tomato,True,True,,plantdoc_test,domain_test
290,7,7,0.997927942515724,0.23506432642829567,tomato,True,True,,plantdoc_test,domain_test
291,7,7,0.7402755568899743,0.5879479244489161,tomato,True,True,,plantdoc_test,domain_test
292,6,6,0.9965431418503514,0.1044102242561844,tomato,True,True,,plantdoc_test,domain_test
293,3,3,0.9854326442497345,0.29349300999812933,tomato,True,True,,plantdoc_test,domain_test
294,6,6,0.6443235216352683,0.4489735169292166,tomato,True,True,,plantdoc_test,domain_test
295,6,6,0.9958720556909016,0.11091574057764608,tomato,True,True,,plantdoc_test,domain_test
296,6,0,0.9533680023114502,0.45121723811405645,tomato,True,True,,plantdoc_test,domain_test
297,4,1,0.6869696432604134,0.8527456921512674,tomato,False,True,out_of_distribution,plantdoc_test,domain_test
298,4,4,0.9917246355918021,0.3353845720561034,tomato,True,True,,plantdoc_test,domain_test
299,4,4,0.9991126207170816,0.20642748645594255,tomato,True,True,,plantdoc_test,domain_test
300,4,4,0.9933258667658322,0.2096536189955719,tomato,True,True,,plantdoc_test,domain_test
301,4,4,0.9989750732541198,0.07086580369279916,tomato,True,True,,plantdoc_test,domain_test
302,4,4,0.9963436467264302,0.13667884598469282,tomato,True,True,,plantdoc_test,domain_test
303,6,6,0.9961025792129404,0.10873238699374044,tomato,True,True,,plantwild,domain_test
304,5,5,0.9960451465849579,0.17958886594533563,tomato,True,True,,plantwild,domain_test
305,3,3,0.9662543706581,0.2862004613821182,tomato,True,True,,plantdoc_test,domain_test
306,3,3,0.7826509618753792,0.5868758833014384,tomato,True,True,,plantdoc_test,domain_test
307,5,5,0.976776420674757,0.3038148889026785,tomato,True,True,,plantdoc_test,domain_test
308,0,0,0.99447555797058,0.21457110842127236,tomato,True,True,,plantdoc_test,domain_test
309,5,5,0.9919070985244952,0.15949961112524014,tomato,True,True,,plantdoc_test,domain_test
310,5,5,0.9958368381331983,0.17606438308208094,tomato,True,True,,plantdoc_test,domain_test
311,5,5,0.5850378114284835,0.4474524608734971,tomato,True,True,,plantdoc_test,domain_test
312,5,5,0.9982931469754772,0.171859891664208,tomato,True,True,,plantdoc_test,domain_test
313,0,0,0.9302667883528504,0.42296960274004436,tomato,True,True,,plantdoc_test,domain_test
314,0,4,0.30356669996456476,0.8501375050623995,tomato,False,True,low_confidence,plantdoc_test,domain_test
315,0,0,0.5329962789449153,0.739894318636031,tomato,False,True,out_of_distribution,plantdoc_test,domain_test
316,0,0,0.9909399070172127,0.272825431200832,tomato,True,True,,plantdoc_test,domain_test
317,0,6,0.5357309714297545,0.36206138586099157,tomato,True,True,,plantdoc_test,domain_test
318,0,4,0.9421057997366538,0.47588443843889894,tomato,True,True,,plantdoc_test,domain_test
319,0,3,0.5645904644195645,0.6901906642529703,tomato,True,True,,plantdoc_test,domain_test
320,1,1,0.5217234366818757,0.5337198997350387,tomato,True,True,,plantdoc_test,domain_test
321,3,3,0.9919499059614609,0.16409234352196456,tomato,True,True,,plantdoc_test,domain_test
322,1,5,0.8829636557583247,0.42233999180767356,tomato,True,True,,plantdoc_test,domain_test
323,1,2,0.9251317647457589,0.31355531598902686,tomato,True,True,,plantdoc_test,domain_test
324,1,1,0.4718704286163334,0.632229703985044,tomato,True,True,,plantdoc_test,domain_test
325,1,5,0.9147715454234673,0.3933574020701389,tomato,True,True,,plantdoc_test,domain_test
326,1,1,0.4676346178657407,0.6964504690925045,tomato,True,True,,plantdoc_test,domain_test
327,1,5,0.978518220154775,0.3713594402640208,tomato,True,True,,plantdoc_test,domain_test
328,3,3,0.9811937426793228,0.2531592649111253,tomato,True,True,,plantdoc_test,domain_test
329,3,3,0.9948020455904512,0.16446745689065656,tomato,True,True,,plantdoc_test,domain_test
330,3,3,0.9987150600904452,0.1017821945779348,tomato,True,True,,plantdoc_test,domain_test
331,3,3,0.9946731961339199,0.17309558766948485,tomato,True,True,,plantdoc_test,domain_test
332,3,3,0.9968624137839502,0.15662387791904386,tomato,True,True,,plantdoc_test,domain_test
